site,method,component,assumed_independent_1sigma,trials,seed,median_horizontal_shift_m,p95_horizontal_shift_m,median_error_to_reference_m,reference_type,interpretation
B1_F1,C0_nominal,pixel_px,1,300,20260928,0.007014059138447083,0.01455838083950596,1.4396708530828297,accepted_LRF_fire,synthetic sensitivity only; systematic calibration bias excluded
B1_F1,C0_nominal,pixel_px,3,300,20260928,0.02179462905696336,0.04207015734369143,1.4385129123303906,accepted_LRF_fire,synthetic sensitivity only; systematic calibration bias excluded
B1_F1,C0_nominal,pixel_px,5,300,20260928,0.03376192637140055,0.07099601399072154,1.439565112335217,accepted_LRF_fire,synthetic sensitivity only; systematic calibration bias excluded
B1_F1,C0_nominal,pixel_px,10,300,20260928,0.07471176855026238,0.14373427714279668,1.4309348762550134,accepted_LRF_fire,synthetic sensitivity only; systematic calibration bias excluded
B1_F1,C0_nominal,pixel_px,20,300,20260928,0.1334347040313117,0.28434419110498993,1.4335203057968608,accepted_LRF_fire,synthetic sensitivity only; systematic calibration bias excluded
B1_F1,C0_nominal,gps_m,0.2,300,20260928,0.15635364016469677,0.3254526780551691,1.4583445934845567,accepted_LRF_fire,synthetic sensitivity only; systematic calibration bias excluded
B1_F1,C0_nominal,gps_m,0.5,300,20260928,0.3565386421826211,0.8106665724896556,1.4992478260166906,accepted_LRF_fire,synthetic sensitivity only; systematic calibration bias excluded
B1_F1,C0_nominal,gps_m,1,300,20260928,0.7775613763460648,1.596499641429417,1.58502228611909,accepted_LRF_fire,synthetic sensitivity only; systematic calibration bias excluded
B1_F1,C0_nominal,gps_m,2,300,20260928,1.58640531802365,3.3068599117894077,2.028231056351857,accepted_LRF_fire,synthetic sensitivity only; systematic calibration bias excluded
B1_F1,C0_nominal,gps_m,5,300,20260928,4.036987346943894,7.776191209278558,4.0128657456509025,accepted_LRF_fire,synthetic sensitivity only; systematic calibration bias excluded
B1_F1,C0_nominal,pose_deg,0.1,300,20260928,0.028808406492264266,0.06980546813211821,1.4392665428696483,accepted_LRF_fire,synthetic sensitivity only; systematic calibration bias excluded
B1_F1,C0_nominal,pose_deg,0.25,300,20260928,0.07313918630026159,0.18214648259196908,1.4360692941698692,accepted_LRF_fire,synthetic sensitivity only; systematic calibration bias excluded
B1_F1,C0_nominal,pose_deg,0.5,300,20260928,0.14611303246340585,0.36579707498958863,1.459569615657792,accepted_LRF_fire,synthetic sensitivity only; systematic calibration bias excluded
B1_F1,C0_nominal,pose_deg,1,300,20260928,0.2546663984420422,0.7139707569390011,1.4046232986459848,accepted_LRF_fire,synthetic sensitivity only; systematic calibration bias excluded
B1_F1,C0_nominal,pose_deg,2,300,20260928,0.5331771075347012,1.3263824862299058,1.450921116625944,accepted_LRF_fire,synthetic sensitivity only; systematic calibration bias excluded
B1_F1,C0_nominal,focal_fraction,0.01,300,20260928,0.0047097277421321825,0.012890471459452438,1.439700630888578,accepted_LRF_fire,synthetic sensitivity only; systematic calibration bias excluded
B1_F1,C0_nominal,focal_fraction,0.02,300,20260928,0.008818226272714443,0.02437862040927033,1.4387266906219276,accepted_LRF_fire,synthetic sensitivity only; systematic calibration bias excluded
B1_F1,C0_nominal,focal_fraction,0.05,300,20260928,0.024733187981450855,0.06588211360182569,1.439604755822459,accepted_LRF_fire,synthetic sensitivity only; systematic calibration bias excluded
B1_F1,C0_nominal,focal_fraction,0.1,300,20260928,0.04121612428568603,0.1269534460714599,1.4403724001906766,accepted_LRF_fire,synthetic sensitivity only; systematic calibration bias excluded
B2_F1,C0_nominal,pixel_px,1,300,20260928,0.0059592996382185435,0.015325595152391173,2.216218527255816,prefire_pile,synthetic sensitivity only; systematic calibration bias excluded
B2_F1,C0_nominal,pixel_px,3,300,20260928,0.0206040120369303,0.04733413708242442,2.2165020700240174,prefire_pile,synthetic sensitivity only; systematic calibration bias excluded
B2_F1,C0_nominal,pixel_px,5,300,20260928,0.029880121459253714,0.07713408284027631,2.2137142522016373,prefire_pile,synthetic sensitivity only; systematic calibration bias excluded
B2_F1,C0_nominal,pixel_px,10,300,20260928,0.0647675845501259,0.15641858369798742,2.2171515916074434,prefire_pile,synthetic sensitivity only; systematic calibration bias excluded
B2_F1,C0_nominal,pixel_px,20,300,20260928,0.1270761421337943,0.2808118681672316,2.2196121787675294,prefire_pile,synthetic sensitivity only; systematic calibration bias excluded
B2_F1,C0_nominal,gps_m,0.2,300,20260928,0.1980326975401765,0.4266898949396088,2.210520805998045,prefire_pile,synthetic sensitivity only; systematic calibration bias excluded
B2_F1,C0_nominal,gps_m,0.5,300,20260928,0.46162996196806083,1.1409676427879787,2.231529204188393,prefire_pile,synthetic sensitivity only; systematic calibration bias excluded
B2_F1,C0_nominal,gps_m,1,300,20260928,1.0932901687672953,2.3226429958985277,2.149391026284017,prefire_pile,synthetic sensitivity only; systematic calibration bias excluded
B2_F1,C0_nominal,gps_m,2,300,20260928,1.858648704421419,4.571235352414004,2.7266356679788615,prefire_pile,synthetic sensitivity only; systematic calibration bias excluded
B2_F1,C0_nominal,gps_m,5,300,20260928,4.917744289506516,10.93544754667681,5.519024297388077,prefire_pile,synthetic sensitivity only; systematic calibration bias excluded
B2_F1,C0_nominal,pose_deg,0.1,300,20260928,0.021986649422106125,0.052131260544288106,2.2169870682178052,prefire_pile,synthetic sensitivity only; systematic calibration bias excluded
B2_F1,C0_nominal,pose_deg,0.25,300,20260928,0.058226017886117476,0.14405860840666226,2.2112577428158207,prefire_pile,synthetic sensitivity only; systematic calibration bias excluded
B2_F1,C0_nominal,pose_deg,0.5,300,20260928,0.12730174462421207,0.313336660299021,2.228915947801598,prefire_pile,synthetic sensitivity only; systematic calibration bias excluded
B2_F1,C0_nominal,pose_deg,1,300,20260928,0.23438999759392118,0.5272915175913329,2.2140323038656176,prefire_pile,synthetic sensitivity only; systematic calibration bias excluded
B2_F1,C0_nominal,pose_deg,2,300,20260928,0.425757097671946,1.0058851934545563,2.2829176760859826,prefire_pile,synthetic sensitivity only; systematic calibration bias excluded
B2_F1,C0_nominal,focal_fraction,0.01,300,20260928,0.006889837455710089,0.017194877256230687,2.2153775553407327,prefire_pile,synthetic sensitivity only; systematic calibration bias excluded
B2_F1,C0_nominal,focal_fraction,0.02,300,20260928,0.015265711652866575,0.03749231280079925,2.2155544022886797,prefire_pile,synthetic sensitivity only; systematic calibration bias excluded
B2_F1,C0_nominal,focal_fraction,0.05,300,20260928,0.038713947658058676,0.09338157122448068,2.2179739185315372,prefire_pile,synthetic sensitivity only; systematic calibration bias excluded
B2_F1,C0_nominal,focal_fraction,0.1,300,20260928,0.07130785728982933,0.18230710346862902,2.2182161372772966,prefire_pile,synthetic sensitivity only; systematic calibration bias excluded
B3_N,C0_nominal,pixel_px,1,300,20260928,0.01813153310654291,0.04177839411714309,13.283104276361275,accepted_LRF_fire,synthetic sensitivity only; systematic calibration bias excluded
B3_N,C0_nominal,pixel_px,3,300,20260928,0.05352100758866953,0.13241430387679362,13.282189502014493,accepted_LRF_fire,synthetic sensitivity only; systematic calibration bias excluded
B3_N,C0_nominal,pixel_px,5,300,20260928,0.09361032399924638,0.19786929492412855,13.280397072876339,accepted_LRF_fire,synthetic sensitivity only; systematic calibration bias excluded
B3_N,C0_nominal,pixel_px,10,300,20260928,0.18753992745973336,0.4215642778774228,13.296715955105075,accepted_LRF_fire,synthetic sensitivity only; systematic calibration bias excluded
B3_N,C0_nominal,pixel_px,20,300,20260928,0.3647091287158346,0.7887050971714136,13.30835420869326,accepted_LRF_fire,synthetic sensitivity only; systematic calibration bias excluded
B3_N,C0_nominal,gps_m,0.2,300,20260928,0.17184559916864534,0.3518875153047711,13.263337718910119,accepted_LRF_fire,synthetic sensitivity only; systematic calibration bias excluded
B3_N,C0_nominal,gps_m,0.5,300,20260928,0.4154222293484036,0.9687071458878619,13.266765705696798,accepted_LRF_fire,synthetic sensitivity only; systematic calibration bias excluded
B3_N,C0_nominal,gps_m,1,300,20260928,0.8338009671561565,1.7374570025540188,13.33458398886087,accepted_LRF_fire,synthetic sensitivity only; systematic calibration bias excluded
B3_N,C0_nominal,gps_m,2,300,20260928,1.8233920246326463,3.732345127488077,13.427105817171036,accepted_LRF_fire,synthetic sensitivity only; systematic calibration bias excluded
B3_N,C0_nominal,gps_m,5,300,20260928,3.7817010848946877,7.843975750243925,13.467398705712792,accepted_LRF_fire,synthetic sensitivity only; systematic calibration bias excluded
B3_N,C0_nominal,pose_deg,0.1,300,20260928,0.08175380334653512,0.2055035240994512,13.285124341433576,accepted_LRF_fire,synthetic sensitivity only; systematic calibration bias excluded
B3_N,C0_nominal,pose_deg,0.25,300,20260928,0.17735046323099019,0.45481492953174457,13.292651146333245,accepted_LRF_fire,synthetic sensitivity only; systematic calibration bias excluded
B3_N,C0_nominal,pose_deg,0.5,300,20260928,0.3831734972638454,0.8925405303708587,13.275434237912252,accepted_LRF_fire,synthetic sensitivity only; systematic calibration bias excluded
B3_N,C0_nominal,pose_deg,1,300,20260928,0.8356333168161747,2.0126926723680496,13.318720123990122,accepted_LRF_fire,synthetic sensitivity only; systematic calibration bias excluded
B3_N,C0_nominal,pose_deg,2,300,20260928,1.5338286485248498,3.7068708579768614,13.408301642631523,accepted_LRF_fire,synthetic sensitivity only; systematic calibration bias excluded
B3_N,C0_nominal,focal_fraction,0.01,300,20260928,0.06692638213497594,0.14624878693078083,13.285715933026292,accepted_LRF_fire,synthetic sensitivity only; systematic calibration bias excluded
B3_N,C0_nominal,focal_fraction,0.02,300,20260928,0.13909184131866664,0.31273036161411527,13.287970870632304,accepted_LRF_fire,synthetic sensitivity only; systematic calibration bias excluded
B3_N,C0_nominal,focal_fraction,0.05,300,20260928,0.3512979346138563,0.9121403891701754,13.351983852032154,accepted_LRF_fire,synthetic sensitivity only; systematic calibration bias excluded
B3_N,C0_nominal,focal_fraction,0.1,300,20260928,0.6220799205033578,1.6351877955641885,13.343939974578472,accepted_LRF_fire,synthetic sensitivity only; systematic calibration bias excluded
B3_S,C0_nominal,pixel_px,1,300,20260928,0.018446615419766863,0.04018076336817045,3.2927399682839997,accepted_LRF_fire,synthetic sensitivity only; systematic calibration bias excluded
B3_S,C0_nominal,pixel_px,3,300,20260928,0.05979369898240404,0.136701320413631,3.2908679407817036,accepted_LRF_fire,synthetic sensitivity only; systematic calibration bias excluded
B3_S,C0_nominal,pixel_px,5,300,20260928,0.095091561561861,0.2249750761152621,3.302914794562141,accepted_LRF_fire,synthetic sensitivity only; systematic calibration bias excluded
B3_S,C0_nominal,pixel_px,10,300,20260928,0.18348006282413679,0.4117600588133084,3.3004989571631604,accepted_LRF_fire,synthetic sensitivity only; systematic calibration bias excluded
B3_S,C0_nominal,pixel_px,20,300,20260928,0.35007678888935306,0.7716308307100364,3.323321285273,accepted_LRF_fire,synthetic sensitivity only; systematic calibration bias excluded
B3_S,C0_nominal,gps_m,0.2,300,20260928,0.17683623489700528,0.36749624929053926,3.288103441869959,accepted_LRF_fire,synthetic sensitivity only; systematic calibration bias excluded
B3_S,C0_nominal,gps_m,0.5,300,20260928,0.39281503458628175,0.9201889868908527,3.3007868365563087,accepted_LRF_fire,synthetic sensitivity only; systematic calibration bias excluded
B3_S,C0_nominal,gps_m,1,300,20260928,0.820865855357158,1.708336424586663,3.361911786359787,accepted_LRF_fire,synthetic sensitivity only; systematic calibration bias excluded
B3_S,C0_nominal,gps_m,2,300,20260928,1.6876503803952647,3.5535120194795,3.6381216284853526,accepted_LRF_fire,synthetic sensitivity only; systematic calibration bias excluded
B3_S,C0_nominal,gps_m,5,300,20260928,4.081787856114167,8.795292063870948,4.887668540420716,accepted_LRF_fire,synthetic sensitivity only; systematic calibration bias excluded
B3_S,C0_nominal,pose_deg,0.1,300,20260928,0.07776374284922022,0.17963227364557996,3.2880402078943316,accepted_LRF_fire,synthetic sensitivity only; systematic calibration bias excluded
B3_S,C0_nominal,pose_deg,0.25,300,20260928,0.19856251989964696,0.4556745724202399,3.2848444397629013,accepted_LRF_fire,synthetic sensitivity only; systematic calibration bias excluded
B3_S,C0_nominal,pose_deg,0.5,300,20260928,0.3834755909679451,0.8467926266236563,3.3418955188629393,accepted_LRF_fire,synthetic sensitivity only; systematic calibration bias excluded
B3_S,C0_nominal,pose_deg,1,300,20260928,0.8452828592023904,1.777758297692781,3.3456597758760562,accepted_LRF_fire,synthetic sensitivity only; systematic calibration bias excluded
B3_S,C0_nominal,pose_deg,2,300,20260928,1.4797781160508916,3.457491532192866,3.5767176682923214,accepted_LRF_fire,synthetic sensitivity only; systematic calibration bias excluded
B3_S,C0_nominal,focal_fraction,0.01,300,20260928,0.0715343265337321,0.17032283466353879,3.293749574510859,accepted_LRF_fire,synthetic sensitivity only; systematic calibration bias excluded
B3_S,C0_nominal,focal_fraction,0.02,300,20260928,0.13466808987150386,0.33221598393918256,3.2980097244883777,accepted_LRF_fire,synthetic sensitivity only; systematic calibration bias excluded
B3_S,C0_nominal,focal_fraction,0.05,300,20260928,0.3266318606609028,0.8367448511114667,3.293836351420592,accepted_LRF_fire,synthetic sensitivity only; systematic calibration bias excluded
B3_S,C0_nominal,focal_fraction,0.1,300,20260928,0.7181582827974786,2.1401378469925674,3.4146662441176927,accepted_LRF_fire,synthetic sensitivity only; systematic calibration bias excluded
all,not_estimable,timestamp_s,0.1,0,,,,,,No time-resolved source tracks with verified cross-UAV identity and synchronized pose
all,not_estimable,timestamp_s,0.25,0,,,,,,No time-resolved source tracks with verified cross-UAV identity and synchronized pose
all,not_estimable,timestamp_s,0.5,0,,,,,,No time-resolved source tracks with verified cross-UAV identity and synchronized pose
all,not_estimable,timestamp_s,1,0,,,,,,No time-resolved source tracks with verified cross-UAV identity and synchronized pose
