moment_id,batch,fire_id,tier,timestamp_utc_candidate,video_offset_s,decoded_pts_s,nearest_video_frame_pts_s,pts_provenance,source_video_path,timing_status,uav_id,modality,pixel_x,pixel_y,image_width,image_height,latitude,longitude,altitude_nominal_m,altitude_field,relative_altitude_m,gimbal_yaw_deg,gimbal_pitch_deg,gimbal_roll_deg,aircraft_yaw_deg,focal_length_35mm_equiv_assumed,digital_zoom_ratio,telemetry_source,frame_source,point_type,anchor_quality,source_frame_verified_this_run
B1_legacy,B1,B1,A_legacy_ground_contact,,66.0,,65.999267,nearest_decoded_video_frame;exported_JPEG_exact_PTS_unverified,@raw/01_第一批_20260907_1602_单火点/01_正式视频/无人机02_1581F7K3C267500D2DQD/DJI_202609071534_003/DJI_20260907160153_0005_V.MP4,legacy_event_time_approx,uav-02,V,950.0,890.0,1920,1080,31.289166,120.472536,58.092,abs_alt_unverified_datum,6.759,100.9,-10.8,,,54.1,2.25,legacy_review_csv,无人机02_1581F7K3C267500D2DQD_DJI_202609071534_003_frame.jpg,legacy_manual_ground_contact_claim,provisional_same_physical_anchor_not_independently_rechecked,no
B1_legacy,B1,B1,A_legacy_ground_contact,,59.0,,58.992267,nearest_decoded_video_frame;exported_JPEG_exact_PTS_unverified,@raw/01_第一批_20260907_1602_单火点/01_正式视频/无人机08_1581F7K3C256N00DCP1T/DJI_202609071536_001/DJI_20260907160201_0001_V.MP4,legacy_event_time_approx,uav-08,V,1000.0,430.0,1920,1080,31.289133,120.472769,75.489,abs_alt_unverified_datum,25.202,-88.3,-89.9,,,53.4,2.23,legacy_review_csv,无人机08_1581F7K3C256N00DCP1T_DJI_202609071536_001_frame.jpg,legacy_manual_ground_contact_claim,provisional_same_physical_anchor_not_independently_rechecked,no
B1_legacy,B1,B1,A_legacy_ground_contact,,57.0,,56.990267,nearest_decoded_video_frame;exported_JPEG_exact_PTS_unverified,@raw/01_第一批_20260907_1602_单火点/01_正式视频/无人机09_1581F7K3C24CS00AX535/DJI_202609071543_001/DJI_20260907160202_0003_V.MP4,legacy_event_time_approx,uav-09,V,970.0,545.0,1920,1080,31.289153,120.472687,79.226,abs_alt_unverified_datum,27.37,99.5,-73.3,,,54.6,2.27,legacy_review_csv,无人机09_1581F7K3C24CS00AX535_DJI_202609071543_001_frame.jpg,legacy_manual_ground_contact_claim,provisional_same_physical_anchor_not_independently_rechecked,no
B2_legacy,B2,B2,A_legacy_ground_contact,,29.0,,28.995633,nearest_decoded_video_frame;exported_JPEG_exact_PTS_unverified,@raw/02_第二批_20260908_0924_单火点/01_正式视频/无人机01_1581F7K3C251800CYBVP/DJI_202609080913_003/DJI_20260908092431_0003_V.MP4,legacy_event_time_approx,uav-01,V,960.0,875.0,1920,1080,31.289579,120.472898,63.878,abs_alt_unverified_datum,14.942,-139.3,-41.2,,,53.6,2.23,legacy_review_csv,无人机01_1581F7K3C251800CYBVP_DJI_202609080913_003_frame.jpg,legacy_manual_ground_contact_claim,provisional_same_physical_anchor_not_independently_rechecked,no
B2_legacy,B2,B2,A_legacy_ground_contact,,22.0,,21.988633,nearest_decoded_video_frame;exported_JPEG_exact_PTS_unverified,@raw/02_第二批_20260908_0924_单火点/01_正式视频/无人机06_1581F7K3C254N00D16Y8/DJI_202609080910_002/DJI_20260908092438_0002_V.MP4,legacy_event_time_approx,uav-06,V,990.0,785.0,1920,1080,31.289575,120.472736,59.524,abs_alt_unverified_datum,18.59,146.9,-51.0,,,52.8,2.2,legacy_review_csv,无人机06_1581F7K3C254N00D16Y8_DJI_202609080910_002_frame.jpg,legacy_manual_ground_contact_claim,provisional_same_physical_anchor_not_independently_rechecked,no
B2_legacy,B2,B2,A_legacy_ground_contact,,22.0,,21.988633,nearest_decoded_video_frame;exported_JPEG_exact_PTS_unverified,@raw/02_第二批_20260908_0924_单火点/01_正式视频/无人机07_1581F7K3325B100AS0AG/DJI_202609080909_002/DJI_20260908092438_0002_V.MP4,legacy_event_time_approx,uav-07,V,940.0,810.0,1920,1080,31.289577,120.47277,60.669,abs_alt_unverified_datum,9.682,166.6,-35.7,,,54.1,2.25,legacy_review_csv,无人机07_1581F7K3325B100AS0AG_DJI_202609080909_002_frame.jpg,legacy_manual_ground_contact_claim,provisional_same_physical_anchor_not_independently_rechecked,no
B3_legacy,B3,B3_N,A_legacy_ground_contact,,53.0,,52.986267,nearest_decoded_video_frame;exported_JPEG_exact_PTS_unverified,@raw/03_第三批_20260908_1006_多火点/01_正式视频/无人机02_1581F7K3C267500D2DQD/DJI_202609080957_005/DJI_20260908100606_0001_V.MP4,legacy_event_time_approx,uav-02,V,1395.0,895.0,1920,1080,31.289903,120.47278,116.417,abs_alt_unverified_datum,62.657,-145.1,-76.8,,,53.0,2.21,legacy_review_csv,无人机02_1581F7K3C267500D2DQD_DJI_202609080957_005_frame.jpg,legacy_manual_ground_contact_claim,provisional_same_physical_anchor_not_independently_rechecked,no
B3_legacy,B3,B3_N,A_legacy_ground_contact,,71.0,,71.004267,nearest_decoded_video_frame;exported_JPEG_exact_PTS_unverified,@raw/03_第三批_20260908_1006_多火点/01_正式视频/无人机04_1581F7K33258900AP021/DJI_202609080957_035/DJI_20260908100549_0001_V.MP4,legacy_event_time_approx,uav-04,V,205.0,855.0,1920,1080,31.289661,120.472252,75.138,abs_alt_unverified_datum,21.144,74.2,-19.4,,,53.8,2.24,legacy_review_csv,无人机04_1581F7K33258900AP021_DJI_202609080957_035_frame.jpg,legacy_manual_ground_contact_claim,provisional_same_physical_anchor_not_independently_rechecked,no
B3_legacy,B3,B3_N,A_legacy_ground_contact,,55.0,,54.988267,nearest_decoded_video_frame;exported_JPEG_exact_PTS_unverified,@raw/03_第三批_20260908_1006_多火点/01_正式视频/无人机09_1581F7K3C24CS00AX535/DJI_202609080957_004/DJI_20260908100604_0001_V.MP4,legacy_event_time_approx,uav-09,V,375.0,420.0,1920,1080,31.289518,120.47234,100.155,abs_alt_unverified_datum,46.712,52.0,-44.9,,,54.7,2.28,legacy_review_csv,无人机09_1581F7K3C24CS00AX535_DJI_202609080957_004_frame.jpg,legacy_manual_ground_contact_claim,provisional_same_physical_anchor_not_independently_rechecked,no
B3_legacy,B3,B3_S,A_legacy_ground_contact,,53.0,,52.986267,nearest_decoded_video_frame;exported_JPEG_exact_PTS_unverified,@raw/03_第三批_20260908_1006_多火点/01_正式视频/无人机02_1581F7K3C267500D2DQD/DJI_202609080957_005/DJI_20260908100606_0001_V.MP4,legacy_event_time_approx,uav-02,V,370.0,265.0,1920,1080,31.289903,120.47278,116.417,abs_alt_unverified_datum,62.657,-145.1,-76.8,,,53.0,2.21,legacy_review_csv,无人机02_1581F7K3C267500D2DQD_DJI_202609080957_005_frame.jpg,legacy_manual_ground_contact_claim,provisional_same_physical_anchor_not_independently_rechecked,no
B3_legacy,B3,B3_S,A_legacy_ground_contact,,71.0,,71.004267,nearest_decoded_video_frame;exported_JPEG_exact_PTS_unverified,@raw/03_第三批_20260908_1006_多火点/01_正式视频/无人机04_1581F7K33258900AP021/DJI_202609080957_035/DJI_20260908100549_0001_V.MP4,legacy_event_time_approx,uav-04,V,1750.0,780.0,1920,1080,31.289661,120.472252,75.138,abs_alt_unverified_datum,21.144,74.2,-19.4,,,53.8,2.24,legacy_review_csv,无人机04_1581F7K33258900AP021_DJI_202609080957_035_frame.jpg,legacy_manual_ground_contact_claim,provisional_same_physical_anchor_not_independently_rechecked,no
B3_legacy,B3,B3_S,A_legacy_ground_contact,,55.0,,54.988267,nearest_decoded_video_frame;exported_JPEG_exact_PTS_unverified,@raw/03_第三批_20260908_1006_多火点/01_正式视频/无人机09_1581F7K3C24CS00AX535/DJI_202609080957_004/DJI_20260908100604_0001_V.MP4,legacy_event_time_approx,uav-09,V,1575.0,640.0,1920,1080,31.289518,120.47234,100.155,abs_alt_unverified_datum,46.712,52.0,-44.9,,,54.7,2.28,legacy_review_csv,无人机09_1581F7K3C24CS00AX535_DJI_202609080957_004_frame.jpg,legacy_manual_ground_contact_claim,provisional_same_physical_anchor_not_independently_rechecked,no
B1_M03,B1,B1,P_flame_base_proxy,2026-09-07T08:09:38+00:00,451.0,,450.983867,nearest_decoded_video_frame;exported_JPEG_exact_PTS_unverified,@raw/01_第一批_20260907_1602_单火点/01_正式视频/无人机01_1581F7K3C251800CYBVP/DJI_202609071553_002/DJI_20260907160207_0001_V.MP4,candidate_wall_time_plus_requested_video_offset_not_verified_pts,uav-01,V,840.0,836.0,1920,1080,31.289138,120.472915,61.849,abs_alt_unverified_datum,9.350,-84.0,-28.3,0.0,,53.30,2.22,sampled_MP4_S_subtitle,@project/results/direction_research_20260928/10_comprehensive_direction_revalidation/02_high_redundancy_multiview/frames/B1_M03/uav-01_V.jpg,flame_base,medium,no
B1_M03,B1,B1,P_flame_base_proxy,2026-09-07T08:09:38+00:00,464.0,,463.996867,nearest_decoded_video_frame;exported_JPEG_exact_PTS_unverified,@raw/01_第一批_20260907_1602_单火点/01_正式视频/无人机02_1581F7K3C267500D2DQD/DJI_202609071534_003/DJI_20260907160153_0005_V.MP4,candidate_wall_time_plus_requested_video_offset_not_verified_pts,uav-02,V,996.0,908.0,1920,1080,31.289168,120.472533,58.182,abs_alt_unverified_datum,6.848,100.8,-10.8,0.0,,54.10,2.25,sampled_MP4_S_subtitle,@project/results/direction_research_20260928/10_comprehensive_direction_revalidation/02_high_redundancy_multiview/frames/B1_M03/uav-02_V.jpg,flame_base,medium,no
B1_M03,B1,B1,P_flame_base_proxy,2026-09-07T08:09:38+00:00,455.0,,454.987867,nearest_decoded_video_frame;exported_JPEG_exact_PTS_unverified,@raw/01_第一批_20260907_1602_单火点/01_正式视频/无人机04_1581F7K33258900AP021/DJI_202609071553_033/DJI_20260907160203_0002_V.MP4,candidate_wall_time_plus_requested_video_offset_not_verified_pts,uav-04,V,1032.0,876.0,1920,1080,31.289148,120.472905,59.610,abs_alt_unverified_datum,6.259,-99.0,-24.1,0.0,,52.70,1.00,sampled_MP4_S_subtitle,@project/results/direction_research_20260928/10_comprehensive_direction_revalidation/02_high_redundancy_multiview/frames/B1_M03/uav-04_V.jpg,flame_base,medium,no
B1_M03,B1,B1,P_flame_base_proxy,2026-09-07T08:09:38+00:00,465.0,,464.997867,nearest_decoded_video_frame;exported_JPEG_exact_PTS_unverified,@raw/01_第一批_20260907_1602_单火点/01_正式视频/无人机06_1581F7K3C254N00D16Y8/DJI_202609071535_001/DJI_20260907160153_0002_V.MP4,candidate_wall_time_plus_requested_video_offset_not_verified_pts,uav-06,V,980.0,772.0,1920,1080,31.289255,120.472711,65.847,abs_alt_unverified_datum,15.729,157.7,-37.3,0.0,,52.70,1.00,sampled_MP4_S_subtitle,@project/results/direction_research_20260928/10_comprehensive_direction_revalidation/02_high_redundancy_multiview/frames/B1_M03/uav-06_V.jpg,flame_base,medium,no
B1_M03,B1,B1,P_flame_base_proxy,2026-09-07T08:09:38+00:00,456.0,,455.988867,nearest_decoded_video_frame;exported_JPEG_exact_PTS_unverified,@raw/01_第一批_20260907_1602_单火点/01_正式视频/无人机07_1581F7K3325B100AS0AG/DJI_202609071532_001/DJI_20260907160202_0005_V.MP4,candidate_wall_time_plus_requested_video_offset_not_verified_pts,uav-07,V,1044.0,608.0,1920,1080,31.289118,120.472871,70.916,abs_alt_unverified_datum,14.694,-76.3,-57.7,0.0,,52.70,1.00,sampled_MP4_S_subtitle,@project/results/direction_research_20260928/10_comprehensive_direction_revalidation/02_high_redundancy_multiview/frames/B1_M03/uav-07_V.jpg,flame_base,medium,no
B1_M03,B1,B1,P_flame_base_proxy,2026-09-07T08:09:38+00:00,457.0,,456.989867,nearest_decoded_video_frame;exported_JPEG_exact_PTS_unverified,@raw/01_第一批_20260907_1602_单火点/01_正式视频/无人机08_1581F7K3C256N00DCP1T/DJI_202609071536_001/DJI_20260907160201_0001_V.MP4,candidate_wall_time_plus_requested_video_offset_not_verified_pts,uav-08,V,1000.0,544.0,1920,1080,31.289134,120.472774,75.695,abs_alt_unverified_datum,25.409,-88.2,-89.9,0.0,,53.40,2.23,sampled_MP4_S_subtitle,@project/results/direction_research_20260928/10_comprehensive_direction_revalidation/02_high_redundancy_multiview/frames/B1_M03/uav-08_V.jpg,flame_base,medium,no
B1_M03,B1,B1,P_flame_base_proxy,2026-09-07T08:09:38+00:00,455.0,,454.987867,nearest_decoded_video_frame;exported_JPEG_exact_PTS_unverified,@raw/01_第一批_20260907_1602_单火点/01_正式视频/无人机09_1581F7K3C24CS00AX535/DJI_202609071543_001/DJI_20260907160202_0003_V.MP4,candidate_wall_time_plus_requested_video_offset_not_verified_pts,uav-09,V,1000.0,608.0,1920,1080,31.289153,120.472686,80.390,abs_alt_unverified_datum,28.534,99.5,-72.7,0.0,,54.60,2.27,sampled_MP4_S_subtitle,@project/results/direction_research_20260928/10_comprehensive_direction_revalidation/02_high_redundancy_multiview/frames/B1_M03/uav-09_V.jpg,flame_base,medium,no
B2_M03,B2,B2,P_flame_base_proxy,2026-09-08T01:32:37+00:00,486.0,,485.9855,nearest_decoded_video_frame;exported_JPEG_exact_PTS_unverified,@raw/02_第二批_20260908_0924_单火点/01_正式视频/无人机01_1581F7K3C251800CYBVP/DJI_202609080913_003/DJI_20260908092431_0003_V.MP4,candidate_wall_time_plus_requested_video_offset_not_verified_pts,uav-01,V,844.0,908.0,1920,1080,31.289580,120.472899,63.501,abs_alt_unverified_datum,14.566,-139.1,-41.2,0.0,,53.60,2.23,sampled_MP4_S_subtitle,@project/results/direction_research_20260928/10_comprehensive_direction_revalidation/02_high_redundancy_multiview/frames/B2_M03/uav-01_V.jpg,flame_base,medium,no
B2_M03,B2,B2,P_flame_base_proxy,2026-09-08T01:32:37+00:00,495.0,,494.9945,nearest_decoded_video_frame;exported_JPEG_exact_PTS_unverified,@raw/02_第二批_20260908_0924_单火点/01_正式视频/无人机02_1581F7K3C267500D2DQD/DJI_202609080909_004/DJI_20260908092422_0002_V.MP4,candidate_wall_time_plus_requested_video_offset_not_verified_pts,uav-02,V,972.0,540.0,1920,1080,31.289474,120.472732,88.503,abs_alt_unverified_datum,33.856,85.5,-77.8,0.0,,52.70,1.00,sampled_MP4_S_subtitle,@project/results/direction_research_20260928/10_comprehensive_direction_revalidation/02_high_redundancy_multiview/frames/B2_M03/uav-02_V.jpg,flame_base,medium,no
B2_M03,B2,B2,P_flame_base_proxy,2026-09-08T01:32:37+00:00,463.0,,462.995867,nearest_decoded_video_frame;exported_JPEG_exact_PTS_unverified,@raw/02_第二批_20260908_0924_单火点/01_正式视频/无人机03_1581F7K3C255900D76E8/DJI_202609080916_004/DJI_20260908092454_0002_V.MP4,candidate_wall_time_plus_requested_video_offset_not_verified_pts,uav-03,V,972.0,848.0,1920,1080,31.289450,120.472677,61.150,abs_alt_unverified_datum,8.304,78.9,-17.6,0.0,,24.00,1.00,sampled_MP4_S_subtitle,@project/results/direction_research_20260928/10_comprehensive_direction_revalidation/02_high_redundancy_multiview/frames/B2_M03/uav-03_V.jpg,flame_base,medium,no
B2_M03,B2,B2,P_flame_base_proxy,2026-09-08T01:32:37+00:00,490.0,,489.9895,nearest_decoded_video_frame;exported_JPEG_exact_PTS_unverified,@raw/02_第二批_20260908_0924_单火点/01_正式视频/无人机05_1581F7K3C251400CFB45/DJI_202609080912_003/DJI_20260908092427_0002_V.MP4,candidate_wall_time_plus_requested_video_offset_not_verified_pts,uav-05,V,980.0,832.0,1920,1080,31.289513,120.472950,63.254,abs_alt_unverified_datum,8.581,-104.3,-30.6,0.0,,54.00,2.25,sampled_MP4_S_subtitle,@project/results/direction_research_20260928/10_comprehensive_direction_revalidation/02_high_redundancy_multiview/frames/B2_M03/uav-05_V.jpg,flame_base,medium,no
B2_M03,B2,B2,P_flame_base_proxy,2026-09-08T01:32:37+00:00,479.0,,479.011867,nearest_decoded_video_frame;exported_JPEG_exact_PTS_unverified,@raw/02_第二批_20260908_0924_单火点/01_正式视频/无人机06_1581F7K3C254N00D16Y8/DJI_202609080910_002/DJI_20260908092438_0002_V.MP4,candidate_wall_time_plus_requested_video_offset_not_verified_pts,uav-06,V,992.0,848.0,1920,1080,31.289577,120.472734,59.492,abs_alt_unverified_datum,18.559,146.9,-51.0,0.0,,52.80,2.20,sampled_MP4_S_subtitle,@project/results/direction_research_20260928/10_comprehensive_direction_revalidation/02_high_redundancy_multiview/frames/B2_M03/uav-06_V.jpg,flame_base,medium,no
B2_M03,B2,B2,P_flame_base_proxy,2026-09-08T01:32:37+00:00,479.0,,479.011867,nearest_decoded_video_frame;exported_JPEG_exact_PTS_unverified,@raw/02_第二批_20260908_0924_单火点/01_正式视频/无人机07_1581F7K3325B100AS0AG/DJI_202609080909_002/DJI_20260908092438_0002_V.MP4,candidate_wall_time_plus_requested_video_offset_not_verified_pts,uav-07,V,972.0,732.0,1920,1080,31.289576,120.472774,60.680,abs_alt_unverified_datum,9.694,166.3,-35.7,0.0,,54.10,2.25,sampled_MP4_S_subtitle,@project/results/direction_research_20260928/10_comprehensive_direction_revalidation/02_high_redundancy_multiview/frames/B2_M03/uav-07_V.jpg,flame_base,medium,no
B2_M03,B2,B2,P_flame_base_proxy,2026-09-08T01:32:37+00:00,481.0,,481.013867,nearest_decoded_video_frame;exported_JPEG_exact_PTS_unverified,@raw/02_第二批_20260908_0924_单火点/01_正式视频/无人机09_1581F7K3C24CS00AX535/DJI_202609080915_003/DJI_20260908092435_0004_V.MP4,candidate_wall_time_plus_requested_video_offset_not_verified_pts,uav-09,V,1056.0,516.0,1920,1080,31.289370,120.472644,80.624,abs_alt_unverified_datum,29.362,52.2,-54.6,0.0,,53.30,2.22,sampled_MP4_S_subtitle,@project/results/direction_research_20260928/10_comprehensive_direction_revalidation/02_high_redundancy_multiview/frames/B2_M03/uav-09_V.jpg,flame_base,medium,no
B3_M02,B3,B3_N,P_flame_base_proxy,2026-09-08T02:10:01+00:00,95.0,,94.9949,nearest_decoded_video_frame;exported_JPEG_exact_PTS_unverified,@raw/03_第三批_20260908_1006_多火点/01_正式视频/无人机01_1581F7K3C251800CYBVP/DJI_202609080945_004/DJI_20260908100826_0002_V.MP4,candidate_wall_time_plus_requested_video_offset_not_verified_pts,uav-01,V,592.0,800.0,1920,1080,31.290234,120.472160,96.953,abs_alt_unverified_datum,40.780,138.7,-28.0,0.0,,53.30,2.22,sampled_MP4_S_subtitle,@project/results/direction_research_20260928/10_comprehensive_direction_revalidation/02_high_redundancy_multiview/frames/B3_M02/uav-01_V.jpg,flame_base,medium,no
B3_M02,B3,B3_N,P_flame_base_proxy,2026-09-08T02:10:01+00:00,234.0,,234.000433,nearest_decoded_video_frame;exported_JPEG_exact_PTS_unverified,@raw/03_第三批_20260908_1006_多火点/01_正式视频/无人机02_1581F7K3C267500D2DQD/DJI_202609080957_005/DJI_20260908100606_0001_V.MP4,candidate_wall_time_plus_requested_video_offset_not_verified_pts,uav-02,V,1400.0,920.0,1920,1080,31.289904,120.472780,116.651,abs_alt_unverified_datum,62.891,-145.2,-76.8,0.0,,53.00,2.21,sampled_MP4_S_subtitle,@project/results/direction_research_20260928/10_comprehensive_direction_revalidation/02_high_redundancy_multiview/frames/B3_M02/uav-02_V.jpg,flame_base,medium,no
B3_M02,B3,B3_N,P_flame_base_proxy,2026-09-08T02:10:01+00:00,250.0,,250.016433,nearest_decoded_video_frame;exported_JPEG_exact_PTS_unverified,@raw/03_第三批_20260908_1006_多火点/01_正式视频/无人机03_1581F7K3C255900D76E8/DJI_202609080957_005/DJI_20260908100550_0001_V.MP4,candidate_wall_time_plus_requested_video_offset_not_verified_pts,uav-03,V,1016.0,312.0,1920,1080,31.289539,120.472810,69.939,abs_alt_unverified_datum,15.841,-17.0,-26.8,0.0,,33.80,1.41,sampled_MP4_S_subtitle,@project/results/direction_research_20260928/10_comprehensive_direction_revalidation/02_high_redundancy_multiview/frames/B3_M02/uav-03_V.jpg,flame_base,medium,no
B3_M02,B3,B3_N,P_flame_base_proxy,2026-09-08T02:10:01+00:00,252.0,,251.985067,nearest_decoded_video_frame;exported_JPEG_exact_PTS_unverified,@raw/03_第三批_20260908_1006_多火点/01_正式视频/无人机04_1581F7K33258900AP021/DJI_202609080957_035/DJI_20260908100549_0001_V.MP4,candidate_wall_time_plus_requested_video_offset_not_verified_pts,uav-04,V,204.0,852.0,1920,1080,31.289659,120.472251,75.160,abs_alt_unverified_datum,21.165,74.3,-19.4,0.0,,52.70,1.00,sampled_MP4_S_subtitle,@project/results/direction_research_20260928/10_comprehensive_direction_revalidation/02_high_redundancy_multiview/frames/B3_M02/uav-04_V.jpg,flame_base,medium,no
B3_M02,B3,B3_N,P_flame_base_proxy,2026-09-08T02:10:01+00:00,255.0,,254.988067,nearest_decoded_video_frame;exported_JPEG_exact_PTS_unverified,@raw/03_第三批_20260908_1006_多火点/01_正式视频/无人机05_1581F7K3C251400CFB45/DJI_202609080957_004/DJI_20260908100545_0001_V.MP4,candidate_wall_time_plus_requested_video_offset_not_verified_pts,uav-05,V,1616.0,792.0,1920,1080,31.289886,120.473055,106.868,abs_alt_unverified_datum,53.266,-108.3,-51.9,0.0,,53.00,2.21,sampled_MP4_S_subtitle,@project/results/direction_research_20260928/10_comprehensive_direction_revalidation/02_high_redundancy_multiview/frames/B3_M02/uav-05_V.jpg,flame_base,medium,no
B3_M02,B3,B3_N,P_flame_base_proxy,2026-09-08T02:10:01+00:00,223.0,,222.989433,nearest_decoded_video_frame;exported_JPEG_exact_PTS_unverified,@raw/03_第三批_20260908_1006_多火点/01_正式视频/无人机07_1581F7K3325B100AS0AG/DJI_202609081002_003/DJI_20260908100617_0001_V.MP4,candidate_wall_time_plus_requested_video_offset_not_verified_pts,uav-07,V,564.0,536.0,1920,1080,31.289857,120.472042,112.070,abs_alt_unverified_datum,62.260,94.5,-46.5,0.0,,53.80,2.24,sampled_MP4_S_subtitle,@project/results/direction_research_20260928/10_comprehensive_direction_revalidation/02_high_redundancy_multiview/frames/B3_M02/uav-07_V.jpg,flame_base,medium,no
B3_M02,B3,B3_N,P_flame_base_proxy,2026-09-08T02:10:01+00:00,236.0,,236.002433,nearest_decoded_video_frame;exported_JPEG_exact_PTS_unverified,@raw/03_第三批_20260908_1006_多火点/01_正式视频/无人机09_1581F7K3C24CS00AX535/DJI_202609080957_004/DJI_20260908100604_0001_V.MP4,candidate_wall_time_plus_requested_video_offset_not_verified_pts,uav-09,V,372.0,460.0,1920,1080,31.289518,120.472341,100.546,abs_alt_unverified_datum,47.102,52.1,-44.9,0.0,,54.70,2.28,sampled_MP4_S_subtitle,@project/results/direction_research_20260928/10_comprehensive_direction_revalidation/02_high_redundancy_multiview/frames/B3_M02/uav-09_V.jpg,flame_base,medium,no
B3_M02,B3,B3_S,P_flame_base_proxy,2026-09-08T02:10:01+00:00,95.0,,94.9949,nearest_decoded_video_frame;exported_JPEG_exact_PTS_unverified,@raw/03_第三批_20260908_1006_多火点/01_正式视频/无人机01_1581F7K3C251800CYBVP/DJI_202609080945_004/DJI_20260908100826_0002_V.MP4,candidate_wall_time_plus_requested_video_offset_not_verified_pts,uav-01,V,964.0,344.0,1920,1080,31.290234,120.472160,96.953,abs_alt_unverified_datum,40.780,138.7,-28.0,0.0,,53.30,2.22,sampled_MP4_S_subtitle,@project/results/direction_research_20260928/10_comprehensive_direction_revalidation/02_high_redundancy_multiview/frames/B3_M02/uav-01_V.jpg,flame_base,medium,no
B3_M02,B3,B3_S,P_flame_base_proxy,2026-09-08T02:10:01+00:00,234.0,,234.000433,nearest_decoded_video_frame;exported_JPEG_exact_PTS_unverified,@raw/03_第三批_20260908_1006_多火点/01_正式视频/无人机02_1581F7K3C267500D2DQD/DJI_202609080957_005/DJI_20260908100606_0001_V.MP4,candidate_wall_time_plus_requested_video_offset_not_verified_pts,uav-02,V,276.0,220.0,1920,1080,31.289904,120.472780,116.651,abs_alt_unverified_datum,62.891,-145.2,-76.8,0.0,,53.00,2.21,sampled_MP4_S_subtitle,@project/results/direction_research_20260928/10_comprehensive_direction_revalidation/02_high_redundancy_multiview/frames/B3_M02/uav-02_V.jpg,flame_base,medium,no
B3_M02,B3,B3_S,P_flame_base_proxy,2026-09-08T02:10:01+00:00,252.0,,251.985067,nearest_decoded_video_frame;exported_JPEG_exact_PTS_unverified,@raw/03_第三批_20260908_1006_多火点/01_正式视频/无人机04_1581F7K33258900AP021/DJI_202609080957_035/DJI_20260908100549_0001_V.MP4,candidate_wall_time_plus_requested_video_offset_not_verified_pts,uav-04,V,1816.0,868.0,1920,1080,31.289659,120.472251,75.160,abs_alt_unverified_datum,21.165,74.3,-19.4,0.0,,52.70,1.00,sampled_MP4_S_subtitle,@project/results/direction_research_20260928/10_comprehensive_direction_revalidation/02_high_redundancy_multiview/frames/B3_M02/uav-04_V.jpg,flame_base,medium,no
B3_M02,B3,B3_S,P_flame_base_proxy,2026-09-08T02:10:01+00:00,255.0,,254.988067,nearest_decoded_video_frame;exported_JPEG_exact_PTS_unverified,@raw/03_第三批_20260908_1006_多火点/01_正式视频/无人机05_1581F7K3C251400CFB45/DJI_202609080957_004/DJI_20260908100545_0001_V.MP4,candidate_wall_time_plus_requested_video_offset_not_verified_pts,uav-05,V,352.0,856.0,1920,1080,31.289886,120.473055,106.868,abs_alt_unverified_datum,53.266,-108.3,-51.9,0.0,,53.00,2.21,sampled_MP4_S_subtitle,@project/results/direction_research_20260928/10_comprehensive_direction_revalidation/02_high_redundancy_multiview/frames/B3_M02/uav-05_V.jpg,flame_base,medium,no
B3_M02,B3,B3_S,P_flame_base_proxy,2026-09-08T02:10:01+00:00,223.0,,222.989433,nearest_decoded_video_frame;exported_JPEG_exact_PTS_unverified,@raw/03_第三批_20260908_1006_多火点/01_正式视频/无人机07_1581F7K3325B100AS0AG/DJI_202609081002_003/DJI_20260908100617_0001_V.MP4,candidate_wall_time_plus_requested_video_offset_not_verified_pts,uav-07,V,1360.0,308.0,1920,1080,31.289857,120.472042,112.070,abs_alt_unverified_datum,62.260,94.5,-46.5,0.0,,53.80,2.24,sampled_MP4_S_subtitle,@project/results/direction_research_20260928/10_comprehensive_direction_revalidation/02_high_redundancy_multiview/frames/B3_M02/uav-07_V.jpg,flame_base,medium,no
B3_M02,B3,B3_S,P_flame_base_proxy,2026-09-08T02:10:01+00:00,229.0,,228.995433,nearest_decoded_video_frame;exported_JPEG_exact_PTS_unverified,@raw/03_第三批_20260908_1006_多火点/01_正式视频/无人机08_1581F7K3C256N00DCP1T/DJI_202609080958_004/DJI_20260908100611_0001_V.MP4,candidate_wall_time_plus_requested_video_offset_not_verified_pts,uav-08,V,624.0,800.0,1920,1080,31.289666,120.472941,69.306,abs_alt_unverified_datum,15.714,-66.9,-29.9,0.0,,52.70,1.00,sampled_MP4_S_subtitle,@project/results/direction_research_20260928/10_comprehensive_direction_revalidation/02_high_redundancy_multiview/frames/B3_M02/uav-08_V.jpg,flame_base,medium,no
B3_M02,B3,B3_S,P_flame_base_proxy,2026-09-08T02:10:01+00:00,236.0,,236.002433,nearest_decoded_video_frame;exported_JPEG_exact_PTS_unverified,@raw/03_第三批_20260908_1006_多火点/01_正式视频/无人机09_1581F7K3C24CS00AX535/DJI_202609080957_004/DJI_20260908100604_0001_V.MP4,candidate_wall_time_plus_requested_video_offset_not_verified_pts,uav-09,V,1516.0,636.0,1920,1080,31.289518,120.472341,100.546,abs_alt_unverified_datum,47.102,52.1,-44.9,0.0,,54.70,2.28,sampled_MP4_S_subtitle,@project/results/direction_research_20260928/10_comprehensive_direction_revalidation/02_high_redundancy_multiview/frames/B3_M02/uav-09_V.jpg,flame_base,medium,no
B4_M02,B4,B4_E,P_flame_base_proxy,2026-09-08T02:56:34+00:00,225.0,,224.991433,nearest_decoded_video_frame;exported_JPEG_exact_PTS_unverified,@raw/04_第四批_20260908_1053_多火点与余热点/01_正式视频/无人机01_1581F7K3C251800CYBVP/DJI_202609081030_005/DJI_20260908105248_0002_V.MP4,candidate_wall_time_plus_requested_video_offset_not_verified_pts,uav-01,V,1500.0,848.0,1920,1080,31.288683,120.472813,63.771,abs_alt_unverified_datum,10.397,-44.6,-28.5,0.0,,31.40,1.31,sampled_MP4_S_subtitle,@project/results/direction_research_20260928/10_comprehensive_direction_revalidation/02_high_redundancy_multiview/frames/B4_M02/uav-01_V.jpg,flame_base,medium,no
B4_M02,B4,B4_E,P_flame_base_proxy,2026-09-08T02:56:34+00:00,207.0,,207.0068,nearest_decoded_video_frame;exported_JPEG_exact_PTS_unverified,@raw/04_第四批_20260908_1053_多火点与余热点/01_正式视频/无人机02_1581F7K3C267500D2DQD/DJI_202609081040_006/DJI_20260908105306_0001_V.MP4,candidate_wall_time_plus_requested_video_offset_not_verified_pts,uav-02,V,300.0,308.0,1920,1080,31.289036,120.472560,95.948,abs_alt_unverified_datum,44.188,167.5,-57.5,0.0,,52.70,1.00,sampled_MP4_S_subtitle,@project/results/direction_research_20260928/10_comprehensive_direction_revalidation/02_high_redundancy_multiview/frames/B4_M02/uav-02_V.jpg,flame_base,medium,no
B4_M02,B4,B4_E,P_flame_base_proxy,2026-09-08T02:56:34+00:00,221.0,,220.987433,nearest_decoded_video_frame;exported_JPEG_exact_PTS_unverified,@raw/04_第四批_20260908_1053_多火点与余热点/01_正式视频/无人机03_1581F7K3C255900D76E8/DJI_202609081046_006/DJI_20260908105253_0001_V.MP4,candidate_wall_time_plus_requested_video_offset_not_verified_pts,uav-03,V,1000.0,876.0,1920,1080,31.288716,120.472873,52.061,abs_alt_unverified_datum,2.853,-62.9,0.8,0.0,,24.00,1.00,sampled_MP4_S_subtitle,@project/results/direction_research_20260928/10_comprehensive_direction_revalidation/02_high_redundancy_multiview/frames/B4_M02/uav-03_V.jpg,flame_base,medium,no
B4_M02,B4,B4_E,P_flame_base_proxy,2026-09-08T02:56:34+00:00,215.0,,215.0148,nearest_decoded_video_frame;exported_JPEG_exact_PTS_unverified,@raw/04_第四批_20260908_1053_多火点与余热点/01_正式视频/无人机04_1581F7K33258900AP021/DJI_202609081042_036/DJI_20260908105259_0001_V.MP4,candidate_wall_time_plus_requested_video_offset_not_verified_pts,uav-04,V,1808.0,868.0,1920,1080,31.288569,120.472690,73.926,abs_alt_unverified_datum,20.544,-0.2,-36.2,0.0,,52.70,1.00,sampled_MP4_S_subtitle,@project/results/direction_research_20260928/10_comprehensive_direction_revalidation/02_high_redundancy_multiview/frames/B4_M02/uav-04_V.jpg,flame_base,medium,no
B4_M02,B4,B4_E,P_flame_base_proxy,2026-09-08T02:56:34+00:00,221.0,,220.987433,nearest_decoded_video_frame;exported_JPEG_exact_PTS_unverified,@raw/04_第四批_20260908_1053_多火点与余热点/01_正式视频/无人机05_1581F7K3C251400CFB45/DJI_202609081039_005/DJI_20260908105253_0001_V.MP4,candidate_wall_time_plus_requested_video_offset_not_verified_pts,uav-05,V,1124.0,816.0,1920,1080,31.288585,120.473032,71.475,abs_alt_unverified_datum,19.498,-53.2,-24.8,0.0,,55.10,2.30,sampled_MP4_S_subtitle,@project/results/direction_research_20260928/10_comprehensive_direction_revalidation/02_high_redundancy_multiview/frames/B4_M02/uav-05_V.jpg,flame_base,medium,no
B4_M02,B4,B4_E,P_flame_base_proxy,2026-09-08T02:56:34+00:00,213.0,,213.0128,nearest_decoded_video_frame;exported_JPEG_exact_PTS_unverified,@raw/04_第四批_20260908_1053_多火点与余热点/01_正式视频/无人机06_1581F7K3C254N00D16Y8/DJI_202609081040_004/DJI_20260908105300_0001_V.MP4,candidate_wall_time_plus_requested_video_offset_not_verified_pts,uav-06,V,156.0,812.0,1920,1080,31.289038,120.472849,78.162,abs_alt_unverified_datum,32.764,-141.8,-43.8,0.0,,52.70,1.00,sampled_MP4_S_subtitle,@project/results/direction_research_20260928/10_comprehensive_direction_revalidation/02_high_redundancy_multiview/frames/B4_M02/uav-06_V.jpg,flame_base,medium,no
B4_M02,B4,B4_E,P_flame_base_proxy,2026-09-08T02:56:34+00:00,215.0,,215.0148,nearest_decoded_video_frame;exported_JPEG_exact_PTS_unverified,@raw/04_第四批_20260908_1053_多火点与余热点/01_正式视频/无人机07_1581F7K3325B100AS0AG/DJI_202609081048_005/DJI_20260908105258_0001_V.MP4,candidate_wall_time_plus_requested_video_offset_not_verified_pts,uav-07,V,1004.0,544.0,1920,1080,31.288893,120.472666,69.941,abs_alt_unverified_datum,17.473,142.8,-52.5,0.0,,55.30,2.30,sampled_MP4_S_subtitle,@project/results/direction_research_20260928/10_comprehensive_direction_revalidation/02_high_redundancy_multiview/frames/B4_M02/uav-07_V.jpg,flame_base,medium,no
B4_M02,B4,B4_E,P_flame_base_proxy,2026-09-08T02:56:34+00:00,216.0,,216.0158,nearest_decoded_video_frame;exported_JPEG_exact_PTS_unverified,@raw/04_第四批_20260908_1053_多火点与余热点/01_正式视频/无人机08_1581F7K3C256N00DCP1T/DJI_202609081036_005/DJI_20260908105257_0001_V.MP4,candidate_wall_time_plus_requested_video_offset_not_verified_pts,uav-08,V,1220.0,400.0,1920,1080,31.288750,120.472571,92.123,abs_alt_unverified_datum,39.708,48.2,-76.0,0.0,,24.00,1.00,sampled_MP4_S_subtitle,@project/results/direction_research_20260928/10_comprehensive_direction_revalidation/02_high_redundancy_multiview/frames/B4_M02/uav-08_V.jpg,flame_base,medium,no
B4_M02,B4,B4_E,P_flame_base_proxy,2026-09-08T02:56:34+00:00,216.0,,216.0158,nearest_decoded_video_frame;exported_JPEG_exact_PTS_unverified,@raw/04_第四批_20260908_1053_多火点与余热点/01_正式视频/无人机09_1581F7K3C24CS00AX535/DJI_202609081039_006/DJI_20260908105258_0002_V.MP4,candidate_wall_time_plus_requested_video_offset_not_verified_pts,uav-09,V,1684.0,392.0,1920,1080,31.288569,120.472400,96.036,abs_alt_unverified_datum,44.875,38.7,-52.3,0.0,,54.60,2.28,sampled_MP4_S_subtitle,@project/results/direction_research_20260928/10_comprehensive_direction_revalidation/02_high_redundancy_multiview/frames/B4_M02/uav-09_V.jpg,flame_base,medium,no
B4_M02,B4,B4_W,P_flame_base_proxy,2026-09-08T02:56:34+00:00,225.0,,224.991433,nearest_decoded_video_frame;exported_JPEG_exact_PTS_unverified,@raw/04_第四批_20260908_1053_多火点与余热点/01_正式视频/无人机01_1581F7K3C251800CYBVP/DJI_202609081030_005/DJI_20260908105248_0002_V.MP4,candidate_wall_time_plus_requested_video_offset_not_verified_pts,uav-01,V,440.0,208.0,1920,1080,31.288683,120.472813,63.771,abs_alt_unverified_datum,10.397,-44.6,-28.5,0.0,,31.40,1.31,sampled_MP4_S_subtitle,@project/results/direction_research_20260928/10_comprehensive_direction_revalidation/02_high_redundancy_multiview/frames/B4_M02/uav-01_V.jpg,flame_base,medium,no
B4_M02,B4,B4_W,P_flame_base_proxy,2026-09-08T02:56:34+00:00,207.0,,207.0068,nearest_decoded_video_frame;exported_JPEG_exact_PTS_unverified,@raw/04_第四批_20260908_1053_多火点与余热点/01_正式视频/无人机02_1581F7K3C267500D2DQD/DJI_202609081040_006/DJI_20260908105306_0001_V.MP4,candidate_wall_time_plus_requested_video_offset_not_verified_pts,uav-02,V,1664.0,896.0,1920,1080,31.289036,120.472560,95.948,abs_alt_unverified_datum,44.188,167.5,-57.5,0.0,,52.70,1.00,sampled_MP4_S_subtitle,@project/results/direction_research_20260928/10_comprehensive_direction_revalidation/02_high_redundancy_multiview/frames/B4_M02/uav-02_V.jpg,flame_base,medium,no
B4_M02,B4,B4_W,P_flame_base_proxy,2026-09-08T02:56:34+00:00,213.0,,213.0128,nearest_decoded_video_frame;exported_JPEG_exact_PTS_unverified,@raw/04_第四批_20260908_1053_多火点与余热点/01_正式视频/无人机06_1581F7K3C254N00D16Y8/DJI_202609081040_004/DJI_20260908105300_0001_V.MP4,candidate_wall_time_plus_requested_video_offset_not_verified_pts,uav-06,V,1848.0,556.0,1920,1080,31.289038,120.472849,78.162,abs_alt_unverified_datum,32.764,-141.8,-43.8,0.0,,52.70,1.00,sampled_MP4_S_subtitle,@project/results/direction_research_20260928/10_comprehensive_direction_revalidation/02_high_redundancy_multiview/frames/B4_M02/uav-06_V.jpg,flame_base,medium,no
B4_M02,B4,B4_W,P_flame_base_proxy,2026-09-08T02:56:34+00:00,216.0,,216.0158,nearest_decoded_video_frame;exported_JPEG_exact_PTS_unverified,@raw/04_第四批_20260908_1053_多火点与余热点/01_正式视频/无人机08_1581F7K3C256N00DCP1T/DJI_202609081036_005/DJI_20260908105257_0001_V.MP4,candidate_wall_time_plus_requested_video_offset_not_verified_pts,uav-08,V,568.0,872.0,1920,1080,31.288750,120.472571,92.123,abs_alt_unverified_datum,39.708,48.2,-76.0,0.0,,24.00,1.00,sampled_MP4_S_subtitle,@project/results/direction_research_20260928/10_comprehensive_direction_revalidation/02_high_redundancy_multiview/frames/B4_M02/uav-08_V.jpg,flame_base,medium,no
B4_M02,B4,B4_W,P_flame_base_proxy,2026-09-08T02:56:34+00:00,216.0,,216.0158,nearest_decoded_video_frame;exported_JPEG_exact_PTS_unverified,@raw/04_第四批_20260908_1053_多火点与余热点/01_正式视频/无人机09_1581F7K3C24CS00AX535/DJI_202609081039_006/DJI_20260908105258_0002_V.MP4,candidate_wall_time_plus_requested_video_offset_not_verified_pts,uav-09,V,436.0,808.0,1920,1080,31.288569,120.472400,96.036,abs_alt_unverified_datum,44.875,38.7,-52.3,0.0,,54.60,2.28,sampled_MP4_S_subtitle,@project/results/direction_research_20260928/10_comprehensive_direction_revalidation/02_high_redundancy_multiview/frames/B4_M02/uav-09_V.jpg,flame_base,medium,no
