direction,name,prior_thesis_overlap,recent_literature_boundary,conditional_novelty_gap,novelty_status,experiment_evidence,literature_evidence_source,truth_level
A,Physical fire-source anchor,Adjacent to old smoke-source regions; differs only if ground burning contact point + localization truth.,2025 UAV fire-source video analysis (arXiv:2508.16739); must define ground contact anchor.,"Only claim novelty after a held-event, independently referenced physical-source result; no priority claim from this audit.",conditional/unproven,See experimental_signal_matrix.csv; novelty assessment is separate.,"07_codex_full_screening/10_literature_gap.md; prior desk review, not a fresh systematic review","Literature context, not ground truth"
B,Temporal physical-source estimation,Temporal smoke localization already covered; fire-point temporal model must add physical point truth.,2026 continuous RGB-T fire monitoring (Remote Sensing 18(12):1869); simple smoothing not new.,"Only claim novelty after a held-event, independently referenced physical-source result; no priority claim from this audit.",conditional/unproven,See experimental_signal_matrix.csv; novelty assessment is separate.,"07_codex_full_screening/10_literature_gap.md; prior desk review, not a fresh systematic review","Literature context, not ground truth"
C,Unregistered RGB-T source alignment,RGB/IR + SLAM/registration substantially overlaps recent wildfire system work.,2024 FireMan-UAV-RGBT; 2025 RGBT-3M and unregistered RGB-T methods (IEEE TIM 10947101; IEEE 11073153).,"Only claim novelty after a held-event, independently referenced physical-source result; no priority claim from this audit.",conditional/unproven,See experimental_signal_matrix.csv; novelty assessment is separate.,"07_codex_full_screening/10_literature_gap.md; prior desk review, not a fresh systematic review","Literature context, not ground truth"
D,Thermal-assisted active source observation recovery,State-constrained active fire versus residual/hot background is distinguishable from smoke-only theses; thermal recovery literature is close.,2024 aerial RGB-IR + SLAM (IEEE TIE 10520273); 2026 continuous RGB-T. Gap only state-aware net active-source recovery with physical evaluation.,"Only claim novelty after a held-event, independently referenced physical-source result; no priority claim from this audit.",conditional/unproven,See experimental_signal_matrix.csv; novelty assessment is separate.,"07_codex_full_screening/10_literature_gap.md; prior desk review, not a fresh systematic review","Literature context, not ground truth"
E,Fire-state recognition,Generic smoke/fire-state classifier overlaps multimodal fire literature; event-level physical-state novelty needed.,2026 RGB-T temporal fire detection; generic state recognition is not enough.,"Only claim novelty after a held-event, independently referenced physical-source result; no priority claim from this audit.",conditional/unproven,See experimental_signal_matrix.csv; novelty assessment is separate.,"07_codex_full_screening/10_literature_gap.md; prior desk review, not a fresh systematic review","Literature context, not ground truth"
F,Multi-UAV geometry,Ordinary UAV triangulation/SLAM overlaps thesis and literature; absolute-reference diagnosis may differ.,2024 UAV target geolocation (IEEE CASE 10711373); 2025 three-UAV multi-target geometry (ESWA S0957417424028513).,"Only claim novelty after a held-event, independently referenced physical-source result; no priority claim from this audit.",conditional/unproven,See experimental_signal_matrix.csv; novelty assessment is separate.,"07_codex_full_screening/10_literature_gap.md; prior desk review, not a fresh systematic review","Literature context, not ground truth"
G,Reliability / selective geolocation,Reliability estimation differs only with calibrated independent physical error labels.,Geolocation uncertainty/reliability is active; needs calibration beyond residual.,"Only claim novelty after a held-event, independently referenced physical-source result; no priority claim from this audit.",conditional/unproven,See experimental_signal_matrix.csv; novelty assessment is separate.,"07_codex_full_screening/10_literature_gap.md; prior desk review, not a fresh systematic review","Literature context, not ground truth"
H,Cross-UAV same-source association,Ordinary multi-target association is established; physical wildfire sources and independent identity reference may differentiate.,2025 three-UAV multi-target geometry (ESWA S0957417424028513) is a direct baseline.,"Only claim novelty after a held-event, independently referenced physical-source result; no priority claim from this audit.",conditional/unproven,See experimental_signal_matrix.csv; novelty assessment is separate.,"07_codex_full_screening/10_literature_gap.md; prior desk review, not a fresh systematic review","Literature context, not ground truth"
I,Camera-mode / boresight calibration,Could be calibration engineering; needs a genuinely new mode-specific optical-axis method.,Pose-prior BA and camera calibration are mature; novelty needs mode-specific field validation.,"Only claim novelty after a held-event, independently referenced physical-source result; no priority claim from this audit.",conditional/unproven,See experimental_signal_matrix.csv; novelty assessment is separate.,"07_codex_full_screening/10_literature_gap.md; prior desk review, not a fresh systematic review","Literature context, not ground truth"
J,Cross-UAV background self-calibration,Ordinary SLAM/self-calibration overlaps both theses and literature.,RGB-T+SLAM wildfire system 2024 and GPS-aided SfM literature set a high bar.,"Only claim novelty after a held-event, independently referenced physical-source result; no priority claim from this audit.",conditional/unproven,See experimental_signal_matrix.csv; novelty assessment is separate.,"07_codex_full_screening/10_literature_gap.md; prior desk review, not a fresh systematic review","Literature context, not ground truth"
K,Oracle error decomposition,"Evaluation protocol, not standalone algorithmic novelty.",Oracle decomposition is evaluation methodology; novelty depends on new source truth task.,"Only claim novelty after a held-event, independently referenced physical-source result; no priority claim from this audit.",conditional/unproven,See experimental_signal_matrix.csv; novelty assessment is separate.,"07_codex_full_screening/10_literature_gap.md; prior desk review, not a fresh systematic review","Literature context, not ground truth"
L,Smoke detection / domain generalization,Strong overlap with both theses on smoke detection/domain adaptation.,Large existing wildfire smoke literature and both theses.,"Only claim novelty after a held-event, independently referenced physical-source result; no priority claim from this audit.",conditional/unproven,See experimental_signal_matrix.csv; novelty assessment is separate.,"07_codex_full_screening/10_literature_gap.md; prior desk review, not a fresh systematic review","Literature context, not ground truth"
M,Small / early smoke,Small smoke detection overlaps; early ignition-time truth absent.,Small-object smoke detection is established; timing truth absent.,"Only claim novelty after a held-event, independently referenced physical-source result; no priority claim from this audit.",conditional/unproven,See experimental_signal_matrix.csv; novelty assessment is separate.,"07_codex_full_screening/10_literature_gap.md; prior desk review, not a fresh systematic review","Literature context, not ground truth"
N,RGB-T multi-view joint graph,Joint graph is broad/known; task-specific validated graph labels absent.,Joint multimodal graph/data association is broad literature; no task-specific truth here.,"Only claim novelty after a held-event, independently referenced physical-source result; no priority claim from this audit.",conditional/unproven,See experimental_signal_matrix.csv; novelty assessment is separate.,"07_codex_full_screening/10_literature_gap.md; prior desk review, not a fresh systematic review","Literature context, not ground truth"
O,Consensus-supervised source learning,Consensus supervision is attractive but comparable self-supervision is broad; unique contribution must be calibrated LOUO labels.,Pseudo-label and multi-view self-supervision are established; contribution must be calibrated reference quality.,"Only claim novelty after a held-event, independently referenced physical-source result; no priority claim from this audit.",conditional/unproven,See experimental_signal_matrix.csv; novelty assessment is separate.,"07_codex_full_screening/10_literature_gap.md; prior desk review, not a fresh systematic review","Literature context, not ground truth"
P,Shared systematic-bias diagnosis,"Shared-bias diagnosis is distinctive relative to smoke theses, but literature overlap with calibration is substantial.",Shared camera/pose bias diagnosis is adjacent to SfM/boresight calibration; no specific cause established.,"Only claim novelty after a held-event, independently referenced physical-source result; no priority claim from this audit.",conditional/unproven,See experimental_signal_matrix.csv; novelty assessment is separate.,"07_codex_full_screening/10_literature_gap.md; prior desk review, not a fresh systematic review","Literature context, not ground truth"
Q,Cross-UAV synchronization,Clock sync alone is likely engineering; contribution needs measured effect on physical-source geolocation.,UAV clock synchronization is established engineering; paper needs demonstrated downstream effect.,"Only claim novelty after a held-event, independently referenced physical-source result; no priority claim from this audit.",conditional/unproven,See experimental_signal_matrix.csv; novelty assessment is separate.,"07_codex_full_screening/10_literature_gap.md; prior desk review, not a fresh systematic review","Literature context, not ground truth"
R,Relative geometric source mapping,"Relative physical-source topology may distinguish from absolute smoke SLAM, but multi-target geometry is established.",Multi-camera/multi-target association and triangulation are established; relative source topology may be task-specific.,"Only claim novelty after a held-event, independently referenced physical-source result; no priority claim from this audit.",conditional/unproven,See experimental_signal_matrix.csv; novelty assessment is separate.,"07_codex_full_screening/10_literature_gap.md; prior desk review, not a fresh systematic review","Literature context, not ground truth"
