direction,name,truth_status,gold_reference_count,manual_reference_scope,silver_reference_status,independence_status,truth_level
A,Physical fire-source anchor,Manual point truth for selected matched detections; physical contact ambiguity and no same-case independent position for most points.,3 matched Gold fire sites across 2 events,Manual: 77 matched points; 2 physical events,candidate only/unvalidated,insufficient for a final independent test,Gold/Manual/Candidate are not interchangeable
B,Temporal physical-source estimation,Manual source pixels; same-clip correlated frames.,0 independent temporal Gold trajectory,Manual image source marks; within-clip,not usable for absolute truth,insufficient for a final independent test,Gold/Manual/Candidate are not interchangeable
C,Unregistered RGB-T source alignment,Background correspondences only; no source-mapping truth.,0 source-mapping Gold,"Background-match proxy, no source transfer truth",not usable for absolute truth,insufficient for a final independent test,Gold/Manual/Candidate are not interchangeable
D,Thermal-assisted active source observation recovery,Manual state/source truth on selected frames; hot-background independent event support missing.,No independent LRF recovery comparison,Manual state/source points on sampled frames,not usable for absolute truth,insufficient for a final independent test,Gold/Manual/Candidate are not interchangeable
E,Fire-state recognition,Manual class labels but class/clip confounding.,0 independent state Gold,Manual state labels; clip-confounded,not usable for absolute truth,insufficient for a final independent test,Gold/Manual/Candidate are not interchangeable
F,Multi-UAV geometry,Accepted LRF Gold only on three linked fire sites across two events; B2 pre-fire excluded.,"3 Gold sites, 2 events; B2 prefire excluded",Manual pixels + Gold horizontal LRF at 3 linked sites,candidate only/unvalidated,insufficient for a final independent test,Gold/Manual/Candidate are not interchangeable
G,Reliability / selective geolocation,"Same sparse Gold; enough to falsify internal metrics, not train a risk model.",3 matched Gold sites / 2 events,"Gold error labels, few sites",candidate only/unvalidated,insufficient for a final independent test,Gold/Manual/Candidate are not interchangeable
H,Cross-UAV same-source association,B3 manual source IDs for one instant; B4 remains provisional.,0 independent B4 physical identity Gold,B3 Manual identity; B4 provisional topology,candidate only/unvalidated,insufficient for a final independent test,Gold/Manual/Candidate are not interchangeable
I,Camera-mode / boresight calibration,"LRF bearing truth, no surveyed optical axis.",LRF observations cluster at few sites,LRF target-bearing vs gimbal; no optical-axis truth,not usable for absolute truth,insufficient for a final independent test,Gold/Manual/Candidate are not interchangeable
J,Cross-UAV background self-calibration,Internal background reprojection plus one independent useful B4 LRF comparison.,1 independent B4 localization comparison; 3 fire-linked sites overall,Background reprojection + sparse Gold check,not usable for absolute truth,insufficient for a final independent test,Gold/Manual/Candidate are not interchangeable
K,Oracle error decomposition,Manual anchor and B3 LRF; incomplete oracle substitutions.,3 sites but full factorial oracle only 1 event,Manual points/identity + LRF for B3,not usable for absolute truth,insufficient for a final independent test,Gold/Manual/Candidate are not interchangeable
L,Smoke detection / domain generalization,Legacy bbox labels with exact content leakage and unknown event independence.,No clean event-independent split verified,"Old boxes, file-level duplicates and unknown event grouping",not usable for absolute truth,insufficient for a final independent test,Gold/Manual/Candidate are not interchangeable
M,Small / early smoke,"BBox truth, no early ignition timestamp.",0 independent early-stage truth,BBox truth; no ignition-time truth,not usable for absolute truth,insufficient for a final independent test,Gold/Manual/Candidate are not interchangeable
N,RGB-T multi-view joint graph,Candidate identities only; no joint physical source graph truth.,0 joint graph Gold,Candidate frames; no joint source graph truth,candidate only/unvalidated,insufficient for a final independent test,Gold/Manual/Candidate are not interchangeable
O,Consensus-supervised source learning,No certified Silver; reference-sharing risk high until LOUO and external calibration.,0 certified high-confidence Silver; 3 Gold-linked sites do not cover high-support moments,Candidate views only; previous 3-UAV Silver seeds,candidate only/unvalidated,insufficient for a final independent test,Gold/Manual/Candidate are not interchangeable
P,Shared systematic-bias diagnosis,"Sparse accepted LRF, no independent pose/clock/camera truth.",3 sites; no optical axis/clock truth,"Gold LRF at 3 sites, manual anchors",not usable for absolute truth,insufficient for a final independent test,Gold/Manual/Candidate are not interchangeable
Q,Cross-UAV synchronization,Container creation tags; no synchronized physical landmark.,0 calibrated clock/PTS references,Container timestamps only; no physical sync truth,not usable for absolute truth,insufficient for a final independent test,Gold/Manual/Candidate are not interchangeable
R,Relative geometric source mapping,Manual B3 identity in one event; no independent multi-event relative layout.,0 multi-event independent relative-layout references,B3 Manual IDs; B4 identities unknown,candidate only/unvalidated,insufficient for a final independent test,Gold/Manual/Candidate are not interchangeable
