                  epoch,         train/box_loss,         train/cls_loss,         train/dfl_loss,   metrics/precision(B),      metrics/recall(B),       metrics/mAP50(B),    metrics/mAP50-95(B),           val/box_loss,           val/cls_loss,           val/dfl_loss,                 lr/pg0,                 lr/pg1,                 lr/pg2
                      1,                 2.2371,                 3.7072,                   2.15,                 0.0018,                 0.2807,                0.00351,                0.00133,                 2.6862,                 3.9478,                 2.6711,               0.067647,              0.0003268,              0.0003268
                      2,                 2.2211,                 3.0136,                 2.1597,                0.30309,                0.26894,                0.22432,                0.06299,                 2.3941,                 3.2246,                 2.5526,               0.034641,              0.0006536,              0.0006536
                      3,                 2.2551,                 2.7928,                  2.133,                0.38076,                0.26645,                0.27791,                0.10593,                 2.5517,                 4.7804,                 2.5126,              0.0016274,             0.00097379,             0.00097379
                      4,                 2.2008,                  2.746,                 2.1327,                0.60226,                0.32925,                0.40804,                 0.1441,                 2.2878,                 2.4908,                 2.2382,              0.0009703,              0.0009703,              0.0009703
                      5,                  2.174,                 2.6409,                 2.0856,                0.40359,                0.39474,                0.32386,                0.11342,                 2.3378,                  2.468,                 2.3532,              0.0009604,              0.0009604,              0.0009604
                      6,                  2.146,                 2.5997,                 2.1479,                0.36807,                0.45833,                 0.3636,                0.14501,                  2.222,                  2.544,                 2.3121,              0.0009505,              0.0009505,              0.0009505
                      7,                 2.0899,                 2.5722,                 2.1375,                0.33381,                0.39319,                0.36086,                0.14228,                 2.3634,                  2.243,                 2.3691,              0.0009406,              0.0009406,              0.0009406
                      8,                 2.0859,                 2.5786,                 2.0665,                0.58686,                0.40947,                0.47495,                 0.1751,                 2.1646,                 2.2122,                 2.1297,              0.0009307,              0.0009307,              0.0009307
                      9,                 2.0396,                 2.5461,                  2.058,                0.56523,                0.42544,                 0.5003,                0.17955,                 2.3306,                 2.2791,                 2.2943,              0.0009208,              0.0009208,              0.0009208
                     10,                 2.0728,                 2.4581,                 2.0506,                0.59439,                0.45833,                0.46448,                0.17093,                 2.3441,                 2.0935,                 2.3592,              0.0009109,              0.0009109,              0.0009109
                     11,                 2.0641,                 2.4869,                 2.0683,                0.58824,                0.44079,                0.51079,                 0.1926,                 2.2645,                    2.1,                 2.2126,               0.000901,               0.000901,               0.000901
                     12,                 2.0261,                 2.4809,                 2.0479,                0.51109,                0.48465,                0.55367,                0.19999,                 2.3037,                 2.0327,                 2.2403,              0.0008911,              0.0008911,              0.0008911
                     13,                 1.9665,                 2.4248,                 2.0066,                0.58784,                0.46162,                0.42761,                0.14651,                 2.3194,                 2.2408,                 2.2545,              0.0008812,              0.0008812,              0.0008812
                     14,                 2.0084,                 2.3958,                 2.0122,                0.53326,                0.43531,                0.43767,                0.14868,                 2.3801,                 2.3832,                 2.3453,              0.0008713,              0.0008713,              0.0008713
                     15,                 1.9594,                 2.3587,                 2.0177,                0.41777,                0.44518,                0.41762,                0.14672,                 2.3306,                 2.2595,                  2.294,              0.0008614,              0.0008614,              0.0008614
                     16,                 1.9745,                 2.3601,                 2.0052,                0.52193,                0.41985,                0.45679,                0.15456,                 2.3752,                 2.3413,                  2.387,              0.0008515,              0.0008515,              0.0008515
                     17,                 1.9031,                 2.2758,                  1.956,                0.57682,                0.49852,                0.54285,                0.19974,                 2.2573,                  2.026,                 2.2215,              0.0008416,              0.0008416,              0.0008416
                     18,                 1.9787,                 2.3022,                 1.9928,                0.80274,                0.42528,                0.55192,                0.18512,                 2.2464,                 2.1573,                 2.1918,              0.0008317,              0.0008317,              0.0008317
                     19,                 1.9469,                 2.3168,                 1.9673,                 0.6258,                0.52632,                0.54099,                0.20962,                 2.1704,                 1.9612,                 2.1187,              0.0008218,              0.0008218,              0.0008218
                     20,                  1.884,                  2.218,                 1.9441,                0.59326,                0.46162,                0.48505,                0.16652,                 2.2452,                 2.2395,                 2.2729,              0.0008119,              0.0008119,              0.0008119
                     21,                  1.908,                 2.2784,                   1.99,                0.57422,                0.55263,                0.49342,                0.17507,                 2.2018,                 2.1078,                 2.1931,               0.000802,               0.000802,               0.000802
                     22,                 1.8453,                 2.2344,                 1.9352,                0.61414,                 0.3752,                0.40886,                0.16531,                 2.2952,                 2.4609,                 2.2909,              0.0007921,              0.0007921,              0.0007921
                     23,                 1.8793,                 2.1758,                 1.9227,                0.76254,                0.46053,                0.56303,                0.23613,                 2.2497,                 1.8906,                 2.1718,              0.0007822,              0.0007822,              0.0007822
                     24,                 1.9095,                 2.2588,                 1.9421,                0.66511,                0.50536,                0.51264,                0.19768,                 2.3366,                 2.0707,                 2.2678,              0.0007723,              0.0007723,              0.0007723
                     25,                 1.8524,                 2.1946,                 1.9308,                0.54101,                0.39254,                0.45971,                0.18436,                 2.3468,                 2.2136,                 2.3629,              0.0007624,              0.0007624,              0.0007624
                     26,                 1.8103,                  2.159,                 1.9081,                0.51164,                0.47357,                0.47725,                0.16989,                 2.4302,                 2.1336,                 2.4192,              0.0007525,              0.0007525,              0.0007525
                     27,                 1.7927,                 2.1834,                 1.8744,                0.59783,                0.50917,                0.55006,                0.20432,                 2.3775,                 1.9246,                 2.3325,              0.0007426,              0.0007426,              0.0007426
                     28,                 1.8052,                 2.1276,                 1.9036,                0.61812,                0.52235,                0.52469,                0.18478,                 2.3002,                 1.9192,                 2.3325,              0.0007327,              0.0007327,              0.0007327
                     29,                 1.7928,                 2.1045,                 1.8517,                0.63355,                0.49342,                0.52186,                 0.2022,                 2.2904,                 1.9384,                 2.2774,              0.0007228,              0.0007228,              0.0007228
                     30,                 1.7749,                 2.1535,                 1.8606,                0.53334,                0.43531,                0.44974,                0.16321,                 2.3378,                 2.1955,                 2.3643,              0.0007129,              0.0007129,              0.0007129
                     31,                 1.7441,                 2.0162,                  1.842,                0.71079,                0.45645,                0.51056,                0.17242,                 2.2923,                 2.0791,                 2.2936,               0.000703,               0.000703,               0.000703
                     32,                 1.7435,                 2.0796,                 1.8304,                 0.5208,                0.51645,                0.48887,                0.18612,                 2.2957,                 2.0745,                 2.3107,              0.0006931,              0.0006931,              0.0006931
                     33,                 1.7293,                 1.9733,                 1.8371,                0.64242,                0.41776,                0.50493,                0.17924,                 2.2954,                 2.0847,                 2.3527,              0.0006832,              0.0006832,              0.0006832
                     34,                 1.7176,                 2.0227,                  1.807,                 0.6063,                0.49671,                0.50525,                0.20318,                 2.2511,                  2.089,                 2.2231,              0.0006733,              0.0006733,              0.0006733
                     35,                 1.7516,                 1.9941,                 1.8341,                 0.6973,                  0.475,                0.52845,                 0.2085,                 2.2765,                 2.0712,                 2.3192,              0.0006634,              0.0006634,              0.0006634
                     36,                 1.6671,                 1.8999,                 1.7616,                0.65348,                0.47681,                0.50307,                0.18999,                 2.2166,                 1.9359,                 2.2572,              0.0006535,              0.0006535,              0.0006535
                     37,                 1.6905,                 1.9501,                 1.7945,                0.59453,                0.44079,                0.50117,                0.19099,                  2.299,                 2.0078,                 2.3348,              0.0006436,              0.0006436,              0.0006436
                     38,                 1.6734,                 1.9629,                 1.7714,                0.65251,                0.55263,                0.53418,                 0.1662,                 2.3599,                  2.084,                 2.3407,              0.0006337,              0.0006337,              0.0006337
                     39,                 1.6417,                 1.8851,                 1.7411,                0.60195,                0.55411,                0.52581,                0.20134,                 2.3289,                 1.9897,                 2.3222,              0.0006238,              0.0006238,              0.0006238
                     40,                  1.642,                 1.9138,                 1.7541,                 0.7052,                0.55592,                0.57378,                0.21252,                 2.3261,                 2.0295,                 2.2746,              0.0006139,              0.0006139,              0.0006139
                     41,                 1.6674,                 1.8896,                 1.7745,                0.67707,                0.54386,                 0.5644,                0.22102,                 2.3537,                 1.8574,                 2.3219,               0.000604,               0.000604,               0.000604
                     42,                 1.6091,                 1.9124,                 1.7477,                0.54565,                0.53013,                0.49896,                0.19481,                 2.3448,                 2.0453,                 2.3543,              0.0005941,              0.0005941,              0.0005941
                     43,                   1.57,                 1.7975,                 1.7288,                0.59532,                0.55872,                0.52923,                0.19843,                 2.3586,                 1.9943,                 2.3382,              0.0005842,              0.0005842,              0.0005842
                     44,                 1.5963,                 1.8256,                 1.7232,                0.61616,                0.49232,                0.52888,                0.20724,                 2.2859,                 2.2656,                 2.3168,              0.0005743,              0.0005743,              0.0005743
                     45,                   1.59,                 1.7941,                 1.7151,                0.65281,                0.41338,                0.46504,                0.19105,                 2.2702,                 2.0528,                 2.3126,              0.0005644,              0.0005644,              0.0005644
                     46,                 1.5862,                 1.8178,                 1.7082,                0.62617,                0.50572,                0.54395,                0.20773,                 2.3158,                 1.9309,                 2.2497,              0.0005545,              0.0005545,              0.0005545
                     47,                 1.5826,                 1.8027,                 1.6843,                0.60905,                0.46243,                0.49905,                0.20583,                 2.3899,                  2.019,                 2.3429,              0.0005446,              0.0005446,              0.0005446
                     48,                 1.5858,                 1.7975,                 1.6943,                0.65585,                0.45289,                0.50334,                0.20516,                 2.3261,                 2.0542,                 2.3216,              0.0005347,              0.0005347,              0.0005347
                     49,                 1.5385,                 1.7309,                  1.657,                0.71937,                0.48184,                0.56732,                0.19446,                 2.3459,                 1.9691,                 2.4299,              0.0005248,              0.0005248,              0.0005248
                     50,                 1.5379,                 1.6867,                 1.6566,                0.57264,                 0.4375,                0.45621,                0.15416,                 2.3409,                 2.2727,                  2.411,              0.0005149,              0.0005149,              0.0005149
                     51,                 1.5123,                 1.6723,                 1.6324,                0.62041,                0.44627,                0.48617,                0.15664,                 2.4553,                 2.1253,                 2.5408,               0.000505,               0.000505,               0.000505
                     52,                 1.4853,                 1.7085,                 1.6409,                0.43038,                0.47588,                0.41395,                0.14446,                 2.4867,                 2.3035,                 2.7074,              0.0004951,              0.0004951,              0.0004951
                     53,                 1.5242,                 1.5954,                 1.6544,                0.54047,                0.47039,                0.47343,                0.16898,                 2.4145,                 2.2079,                 2.5655,              0.0004852,              0.0004852,              0.0004852
                     54,                 1.4697,                 1.6192,                 1.6132,                 0.5788,                0.46588,                0.45866,                0.18364,                 2.3577,                 1.9646,                 2.4521,              0.0004753,              0.0004753,              0.0004753
                     55,                 1.5119,                  1.668,                   1.64,                0.58057,                0.42325,                0.44295,                0.14643,                 2.4599,                 2.2252,                  2.588,              0.0004654,              0.0004654,              0.0004654
                     56,                 1.4465,                 1.6107,                 1.5903,                0.62337,                0.42873,                 0.4663,                 0.1687,                 2.3844,                   2.13,                 2.5177,              0.0004555,              0.0004555,              0.0004555
                     57,                 1.4286,                 1.5705,                 1.5879,                0.55771,                0.48246,                0.46473,                0.18484,                 2.3918,                 2.2918,                 2.4913,              0.0004456,              0.0004456,              0.0004456
                     58,                 1.4214,                 1.5648,                  1.618,                0.49151,                0.51535,                0.47555,                0.16166,                 2.4487,                 2.3346,                  2.537,              0.0004357,              0.0004357,              0.0004357
                     59,                 1.4291,                 1.5343,                 1.5605,                0.61579,                0.46711,                0.50224,                0.16934,                 2.4661,                 2.1797,                 2.5045,              0.0004258,              0.0004258,              0.0004258
                     60,                 1.3962,                    1.5,                 1.5686,                0.53105,                0.51535,                 0.4783,                0.15959,                 2.5438,                 2.2046,                  2.674,              0.0004159,              0.0004159,              0.0004159
                     61,                 1.3922,                 1.4979,                 1.5964,                0.50394,                0.46162,                0.41999,                0.15196,                 2.4845,                 2.2212,                 2.6012,               0.000406,               0.000406,               0.000406
                     62,                 1.3553,                 1.4847,                 1.5367,                0.49601,                0.45614,                0.41213,                0.13512,                   2.51,                 2.2345,                 2.6317,              0.0003961,              0.0003961,              0.0003961
                     63,                  1.357,                 1.4741,                 1.5329,                0.50596,                0.43205,                0.40445,                0.14496,                 2.5191,                  2.266,                 2.6496,              0.0003862,              0.0003862,              0.0003862
                     64,                 1.3593,                 1.4332,                 1.5464,                0.52983,                0.44408,                0.42612,                0.14174,                 2.5458,                 2.3303,                 2.6949,              0.0003763,              0.0003763,              0.0003763
                     65,                  1.359,                  1.412,                 1.5375,                0.54212,                 0.4307,                0.43815,                0.13677,                 2.5511,                 2.1903,                 2.6365,              0.0003664,              0.0003664,              0.0003664
                     66,                 1.3239,                 1.4298,                 1.5198,                0.55113,                0.47753,                0.43481,                0.15663,                 2.5961,                 2.3502,                 2.6492,              0.0003565,              0.0003565,              0.0003565
                     67,                 1.2957,                  1.364,                 1.4903,                0.61316,                0.42201,                0.45785,                0.14499,                 2.5283,                 2.2437,                 2.6486,              0.0003466,              0.0003466,              0.0003466
                     68,                  1.281,                 1.3356,                 1.4969,                0.51031,                0.46711,                 0.4606,                0.14093,                 2.5164,                 2.3516,                 2.7026,              0.0003367,              0.0003367,              0.0003367
                     69,                 1.2926,                 1.3648,                  1.505,                0.51354,                0.45285,                0.45349,                0.14531,                 2.5863,                 2.4479,                 2.7758,              0.0003268,              0.0003268,              0.0003268
                     70,                 1.3499,                 1.3687,                 1.5062,                0.49882,                0.47684,                0.41201,                0.15052,                 2.5958,                 2.2438,                  2.738,              0.0003169,              0.0003169,              0.0003169
                     71,                 1.2538,                 1.3257,                 1.4579,                0.50856,                0.42319,                0.40207,                0.14782,                 2.5803,                 2.4942,                 2.7976,               0.000307,               0.000307,               0.000307
                     72,                 1.2627,                 1.3256,                 1.4669,                0.54811,                0.44408,                0.40175,                0.14215,                 2.5283,                 2.3612,                 2.7026,              0.0002971,              0.0002971,              0.0002971
                     73,                 1.2375,                 1.3131,                 1.4688,                0.53413,                0.46491,                0.43149,                0.15537,                 2.5168,                 2.3525,                 2.6814,              0.0002872,              0.0002872,              0.0002872
                     74,                 1.2497,                 1.2874,                 1.4635,                0.52299,                0.43491,                0.40846,                0.16239,                 2.4929,                 2.3517,                 2.7508,              0.0002773,              0.0002773,              0.0002773
                     75,                 1.2499,                 1.2557,                  1.441,                0.53211,                0.44106,                0.44354,                0.16578,                 2.5424,                 2.1351,                 2.7874,              0.0002674,              0.0002674,              0.0002674
                     76,                 1.2375,                 1.2496,                 1.4377,                0.59597,                 0.4375,                 0.4402,                0.16646,                 2.5015,                 2.2248,                  2.768,              0.0002575,              0.0002575,              0.0002575
                     77,                 1.2067,                 1.2465,                  1.429,                0.57633,                0.45285,                0.43173,                0.15628,                 2.5672,                 2.3423,                 2.8396,              0.0002476,              0.0002476,              0.0002476
                     78,                 1.1841,                 1.1949,                 1.4118,                0.61732,                0.44956,                0.45886,                0.15532,                 2.5906,                 2.2856,                 2.8546,              0.0002377,              0.0002377,              0.0002377
                     79,                 1.1893,                 1.2174,                 1.4066,                0.50021,                0.46565,                0.42561,                0.14452,                 2.5773,                 2.2637,                 2.8002,              0.0002278,              0.0002278,              0.0002278
                     80,                  1.181,                 1.1959,                 1.4001,                0.51119,                0.44872,                0.42317,                0.13556,                 2.5899,                 2.3341,                 2.8602,              0.0002179,              0.0002179,              0.0002179
                     81,                 1.1969,                 1.2362,                 1.4007,                0.59609,                0.45635,                0.47758,                 0.1589,                 2.6164,                 2.3396,                 2.9405,               0.000208,               0.000208,               0.000208
                     82,                 1.1738,                 1.1864,                 1.3859,                0.64246,                 0.4375,                0.47767,                0.16874,                  2.638,                 2.2672,                 2.9646,              0.0001981,              0.0001981,              0.0001981
                     83,                 1.1659,                 1.1552,                 1.3866,                0.60068,                0.43627,                0.46697,                 0.1622,                 2.5936,                 2.1479,                 2.9598,              0.0001882,              0.0001882,              0.0001882
                     84,                 1.1623,                 1.1998,                 1.3889,                0.59175,                0.42436,                0.43846,                0.15126,                  2.582,                 2.2162,                 2.8963,              0.0001783,              0.0001783,              0.0001783
                     85,                 1.1348,                 1.1332,                 1.3456,                0.58648,                0.42935,                0.44072,                0.15453,                 2.5785,                 2.2675,                 2.8668,              0.0001684,              0.0001684,              0.0001684
                     86,                 1.1212,                 1.1088,                 1.3483,                0.61371,                0.42873,                0.41461,                 0.1485,                 2.6061,                 2.3592,                 2.9086,              0.0001585,              0.0001585,              0.0001585
                     87,                 1.0667,                 1.0909,                 1.3273,                0.58832,                0.38706,                0.41918,                0.14877,                 2.5951,                  2.245,                 2.8916,              0.0001486,              0.0001486,              0.0001486
                     88,                  1.107,                 1.1257,                 1.3524,                0.51876,                0.37829,                0.40733,                0.14787,                 2.6001,                 2.2233,                 2.9179,              0.0001387,              0.0001387,              0.0001387
                     89,                 1.0988,                 1.1083,                 1.3588,                0.54856,                0.38517,                0.40324,                0.14373,                   2.59,                 2.3148,                 2.8976,              0.0001288,              0.0001288,              0.0001288
                     90,                 1.0532,                 1.0437,                 1.3002,                0.59058,                0.37829,                0.42513,                0.15069,                 2.5874,                 2.4174,                 2.9221,              0.0001189,              0.0001189,              0.0001189
                     91,                 1.1487,                 1.1193,                 1.4026,                0.67996,                0.40112,                0.44965,                0.15489,                 2.6816,                 2.2787,                 3.0143,               0.000109,               0.000109,               0.000109
                     92,                 1.0478,                 1.0251,                 1.3503,                0.63358,                0.40789,                0.44493,                0.16154,                 2.6234,                 2.3512,                 2.9887,               9.91e-05,               9.91e-05,               9.91e-05
                     93,                 1.0361,                0.97534,                 1.3446,                0.61752,                0.39783,                0.45465,                0.17395,                 2.5514,                 2.2854,                 2.8916,               8.92e-05,               8.92e-05,               8.92e-05
                     94,                 1.0014,                0.98971,                 1.3242,                0.52206,                0.49336,                0.45757,                0.15727,                 2.5405,                 2.2629,                 2.8548,               7.93e-05,               7.93e-05,               7.93e-05
                     95,                 1.0288,                0.98275,                 1.3592,                0.62187,                0.40789,                 0.4346,                0.15011,                 2.5722,                 2.3401,                 2.9284,               6.94e-05,               6.94e-05,               6.94e-05
                     96,                 1.0053,                0.94098,                 1.3216,                 0.5607,                0.45969,                0.43244,                 0.1574,                 2.6066,                 2.3301,                 3.0003,               5.95e-05,               5.95e-05,               5.95e-05
                     97,                 1.0041,                0.96553,                 1.3309,                0.54426,                0.48808,                 0.4321,                0.16489,                 2.6255,                 2.3353,                 3.0451,               4.96e-05,               4.96e-05,               4.96e-05
                     98,                0.99557,                 0.9109,                 1.3194,                0.56247,                0.45833,                0.43277,                  0.174,                 2.6044,                 2.3671,                 2.9974,               3.97e-05,               3.97e-05,               3.97e-05
                     99,                0.96741,                0.89885,                  1.328,                0.65128,                0.43343,                0.44071,                   0.17,                 2.5873,                 2.4257,                 2.9718,               2.98e-05,               2.98e-05,               2.98e-05
                    100,                0.95019,                0.88779,                 1.2918,                0.66084,                0.41996,                0.44144,                0.17029,                 2.5775,                 2.4123,                 2.9729,               1.99e-05,               1.99e-05,               1.99e-05
