site,method,ray_residual_m,condition,horizontal_error_m,view_count,parallax,feature_support,GPS_SfM_disagreement,correction_magnitude,reliability_note
B1_F1,G0_nominal,0.32450706940562357,36.65948894858199,1.073176711273159,,,,,,Fields unavailable from inherited summary remain blank; low ray residual is not absolute accuracy
B1_F1,G1_visual_K,0.33957491388727706,37.67910674149475,1.1561851378069172,,,,,,Fields unavailable from inherited summary remain blank; low ray residual is not absolute accuracy
B1_F1,G2_visual_center_nominal_gimbal,0.020277638230876565,37.67910674149475,1.871807086787371,,,,,,Fields unavailable from inherited summary remain blank; low ray residual is not absolute accuracy
B1_F1,G4_free_SfM,0.06859564915977064,34.304712228133106,1.8794788133140012,,,,,,Fields unavailable from inherited summary remain blank; low ray residual is not absolute accuracy
B2_F1,G0_nominal,1.6779066730612864,37.1206080279914,10.940094542433089,,,,,,Fields unavailable from inherited summary remain blank; low ray residual is not absolute accuracy
B2_F1,G1_visual_K,1.6767323796827822,35.740966125673474,10.917324463701052,,,,,,Fields unavailable from inherited summary remain blank; low ray residual is not absolute accuracy
B2_F1,G2_visual_center_nominal_gimbal,0.48961594314528073,35.740966125673474,0.9830514919905083,,,,,,Fields unavailable from inherited summary remain blank; low ray residual is not absolute accuracy
B2_F1,G4_free_SfM,0.3111323366890711,37.642683799709204,0.9687899732769324,,,,,,Fields unavailable from inherited summary remain blank; low ray residual is not absolute accuracy
B3_S,G0_nominal,1.0895866448363787,3.7848214111958627,3.5872836778577644,,,,,,Fields unavailable from inherited summary remain blank; low ray residual is not absolute accuracy
B3_S,G1_visual_K,1.3796079055621213,3.6812101893295317,1.4148403450041338,,,,,,Fields unavailable from inherited summary remain blank; low ray residual is not absolute accuracy
B3_S,G2_visual_center_nominal_gimbal,0.33263928898888967,3.6812101893295317,0.7106005097813595,,,,,,Fields unavailable from inherited summary remain blank; low ray residual is not absolute accuracy
B3_S,G4_free_SfM,0.2356731681895459,3.6831034922260733,1.1325322219477973,,,,,,Fields unavailable from inherited summary remain blank; low ray residual is not absolute accuracy
B3_S,G4_free_orientation_GPS_center,2.0206839147949895,3.6831034922260733,1.618403637028854,,,,,,Fields unavailable from inherited summary remain blank; low ray residual is not absolute accuracy
B4_F1,G0_nominal,0.41681306211954583,4.349112845616214,0.10865975734565182,,,,,,Fields unavailable from inherited summary remain blank; low ray residual is not absolute accuracy
B4_F1,G4_free_SfM,0.19894309190667445,3.6808295712842334,14.186414544481417,,,,,,Fields unavailable from inherited summary remain blank; low ray residual is not absolute accuracy
B4_F1,G3_orientation_anchored,0.1752940077290771,3.6808295712842325,4.438794899290307,,,,,,Fields unavailable from inherited summary remain blank; low ray residual is not absolute accuracy
B3_N,G0_nominal,,,13.283081198416877,,,,,,Fields unavailable from inherited summary remain blank; low ray residual is not absolute accuracy
B3_N,G3_orientation_anchored,,,12.327883013653524,,,,,,Fields unavailable from inherited summary remain blank; low ray residual is not absolute accuracy
B1_F1,G3_bounded_correction,,,,,,,,,Fields unavailable from inherited summary remain blank; low ray residual is not absolute accuracy
B2_F1,G3_bounded_correction,,,,,,,,,Fields unavailable from inherited summary remain blank; low ray residual is not absolute accuracy
B3_N,G1_visual_K,,,,,,,,,Fields unavailable from inherited summary remain blank; low ray residual is not absolute accuracy
B3_N,G2_visual_center_nominal_gimbal,,,,,,,,,Fields unavailable from inherited summary remain blank; low ray residual is not absolute accuracy
B3_N,G3_bounded_correction,,,,,,,,,Fields unavailable from inherited summary remain blank; low ray residual is not absolute accuracy
B3_N,G4_free_SfM,,,,,,,,,Fields unavailable from inherited summary remain blank; low ray residual is not absolute accuracy
B3_S,G3_bounded_correction,,,,,,,,,Fields unavailable from inherited summary remain blank; low ray residual is not absolute accuracy
B4_F1,G1_visual_K,,,,,,,,,Fields unavailable from inherited summary remain blank; low ray residual is not absolute accuracy
B4_F1,G2_visual_center_nominal_gimbal,,,,,,,,,Fields unavailable from inherited summary remain blank; low ray residual is not absolute accuracy
B4_F1,G3_bounded_correction,,,,,,,,,Fields unavailable from inherited summary remain blank; low ray residual is not absolute accuracy
