site,method,independent_event,support_uav_count,held_out_count,louo_median_shift_m,louo_p90_shift_m,louo_p95_shift_m,louo_max_shift_m,gold_median_error_m,gold_p90_error_m,gold_p95_error_m,gold_max_error_m,caution
B1_F1,C0_nominal,B1_F1,2,3,0.5539319941444489,1.0473135705197087,1.1089862675666162,1.1706589646135237,1.0734077131295947,2.0411955441214453,2.1621690229954265,2.283142501869408,three correlated subsets from one instant; percentiles descriptive only
B2_F1,C0_nominal,B2_F1,2,3,1.2932651497270562,7.494893262870098,8.270096777012977,9.045300291155858,,,,,three correlated subsets from one instant; percentiles descriptive only
B3_N,C0_nominal,B3_one_event,2,3,0.5647761676220695,0.76370521842404,0.7885713497742863,0.8134374811245327,13.350066426883808,13.767515893746674,13.819697077104534,13.871878260462392,three correlated subsets from one instant; percentiles descriptive only
B3_N,C1_visual_K,B3_one_event,2,3,0.43274323773461987,0.4856011350809929,0.4922083722492895,0.4988156094175861,11.48575398102024,11.829747992432017,11.87274724385849,11.915746495284962,three correlated subsets from one instant; percentiles descriptive only
B3_N,C2_visual_center,B3_one_event,2,3,0.5098927645816964,1.5482970823097542,1.678097622025761,1.8078981617417684,12.67122325064307,12.952895760883914,12.98810482466402,13.023313888444125,three correlated subsets from one instant; percentiles descriptive only
B3_N,C3_background_bounded,B3_one_event,2,3,0.5098927645816964,1.5482970823097542,1.678097622025761,1.8078981617417684,12.67122325064307,12.952895760883914,12.98810482466402,13.023313888444125,three correlated subsets from one instant; percentiles descriptive only
B3_N,C4_free_SfM,B3_one_event,2,3,0.14943008955233772,0.6418044045368436,0.7033511939099067,0.76489798328297,12.264866361000287,12.396390380289418,12.41283088270056,12.4292713851117,three correlated subsets from one instant; percentiles descriptive only
B3_S,C0_nominal,B3_one_event,2,3,0.6286949816856762,0.709170562027133,0.7192300095698152,0.7292894571124973,3.067582847193976,3.8572656528409333,3.955976003546803,4.054686354252673,three correlated subsets from one instant; percentiles descriptive only
B3_S,C1_visual_K,B3_one_event,2,3,0.8521564066875396,1.6193453801395044,1.7152440018209998,1.8111426235024954,1.264402839891562,2.5818375929658997,2.746516937100192,2.911196281234484,three correlated subsets from one instant; percentiles descriptive only
B3_S,C2_visual_center,B3_one_event,2,3,0.3647545986314782,0.9803063948624102,1.0572503693912767,1.1341943439201432,0.7144249700759211,1.558689279515431,1.6642223181953695,1.7697553568753084,three correlated subsets from one instant; percentiles descriptive only
B3_S,C3_background_bounded,B3_one_event,2,3,0.3647545986314782,0.9803063948624102,1.0572503693912767,1.1341943439201432,0.7144249700759211,1.558689279515431,1.6642223181953695,1.7697553568753084,three correlated subsets from one instant; percentiles descriptive only
B3_S,C4_free_SfM,B3_one_event,2,3,0.21293636237684507,0.48863365921149887,0.5230958213158305,0.5575579834201623,1.1152623511391497,1.1672168127637808,1.1737111204668598,1.1802054281699386,three correlated subsets from one instant; percentiles descriptive only
