sample_id,image_path,source_path,source_name,kind,dataset,split,width,height,label_path,label_sha256,bbox_count,annotation_available,class_names,channel,batch,uav_id,frame_id,pts_s,source_video
0ce8aec32854d5369b76a5687f225c3850f8232afcb48cc24e04e4ebf1c4fcaa,data/images/0ce8aec32854d5369b76a5687f225c3850f8232afcb48cc24e04e4ebf1c4fcaa.jpg,FIRE:B1_legacy:uav-02,无人机02_1581F7K3C267500D2DQD_DJI_202609071534_003_frame.jpg,localization_fire,,,1920,1080,,,,False,{},V,B1,uav-02,FIRE:B1_legacy:uav-02,66.03263,@raw/01_第一批_20260907_1602_单火点/01_正式视频/无人机02_1581F7K3C267500D2DQD/DJI_202609071534_003/DJI_20260907160153_0005_V.MP4
fb7a82be38e61a67e3b361f08c310295cd012e49ae197dd2b07ec79f5f1b9b83,data/images/fb7a82be38e61a67e3b361f08c310295cd012e49ae197dd2b07ec79f5f1b9b83.jpg,FIRE:B1_legacy:uav-08,无人机08_1581F7K3C256N00DCP1T_DJI_202609071536_001_frame.jpg,localization_fire,,,1920,1080,,,,False,{},V,B1,uav-08,FIRE:B1_legacy:uav-08,59.02563,@raw/01_第一批_20260907_1602_单火点/01_正式视频/无人机08_1581F7K3C256N00DCP1T/DJI_202609071536_001/DJI_20260907160201_0001_V.MP4
1c66e8694abd3af63af6c969a1a8a68c3420c6a5283d1fd1a1b34a763a766e60,data/images/1c66e8694abd3af63af6c969a1a8a68c3420c6a5283d1fd1a1b34a763a766e60.jpg,FIRE:B1_legacy:uav-09,无人机09_1581F7K3C24CS00AX535_DJI_202609071543_001_frame.jpg,localization_fire,,,1920,1080,,,,False,{},V,B1,uav-09,FIRE:B1_legacy:uav-09,57.02363,@raw/01_第一批_20260907_1602_单火点/01_正式视频/无人机09_1581F7K3C24CS00AX535/DJI_202609071543_001/DJI_20260907160202_0003_V.MP4
5221bfc0cc77cd18fd88d9fe8f08926c74638ba8f58182670ef5f14b391bafef,data/images/5221bfc0cc77cd18fd88d9fe8f08926c74638ba8f58182670ef5f14b391bafef.jpg,FIRE:B2_legacy:uav-01,无人机01_1581F7K3C251800CYBVP_DJI_202609080913_003_frame.jpg,localization_fire,,,1920,1080,,,,False,{},V,B2,uav-01,FIRE:B2_legacy:uav-01,29.029,@raw/02_第二批_20260908_0924_单火点/01_正式视频/无人机01_1581F7K3C251800CYBVP/DJI_202609080913_003/DJI_20260908092431_0003_V.MP4
93b0e3bcbdf009644f5b4be360c129cb9c939042b04b99f4ad6ad28dc89714eb,data/images/93b0e3bcbdf009644f5b4be360c129cb9c939042b04b99f4ad6ad28dc89714eb.jpg,FIRE:B2_legacy:uav-06,无人机06_1581F7K3C254N00D16Y8_DJI_202609080910_002_frame.jpg,localization_fire,,,1920,1080,,,,False,{},V,B2,uav-06,FIRE:B2_legacy:uav-06,22.022,@raw/02_第二批_20260908_0924_单火点/01_正式视频/无人机06_1581F7K3C254N00D16Y8/DJI_202609080910_002/DJI_20260908092438_0002_V.MP4
fc705dba54d3becb2886fe2d213cccc01284cef125f28f33fd73e4a6b0f7e977,data/images/fc705dba54d3becb2886fe2d213cccc01284cef125f28f33fd73e4a6b0f7e977.jpg,FIRE:B2_legacy:uav-07,无人机07_1581F7K3325B100AS0AG_DJI_202609080909_002_frame.jpg,localization_fire,,,1920,1080,,,,False,{},V,B2,uav-07,FIRE:B2_legacy:uav-07,22.022,@raw/02_第二批_20260908_0924_单火点/01_正式视频/无人机07_1581F7K3325B100AS0AG/DJI_202609080909_002/DJI_20260908092438_0002_V.MP4
a120195a30930b59454c971126b0e3782d6daac882dbe64a506962f67c1e6fe5,data/images/a120195a30930b59454c971126b0e3782d6daac882dbe64a506962f67c1e6fe5.jpg,FIRE:B3_legacy:uav-02,无人机02_1581F7K3C267500D2DQD_DJI_202609080957_005_frame.jpg,localization_fire,,,1920,1080,,,,False,{},V,B3,uav-02,FIRE:B3_legacy:uav-02,53.01963,@raw/03_第三批_20260908_1006_多火点/01_正式视频/无人机02_1581F7K3C267500D2DQD/DJI_202609080957_005/DJI_20260908100606_0001_V.MP4
999631772465aa931cc333e2924fc9fcd6a5b04cb40c41b36c01d59c055f954f,data/images/999631772465aa931cc333e2924fc9fcd6a5b04cb40c41b36c01d59c055f954f.jpg,FIRE:B3_legacy:uav-04,无人机04_1581F7K33258900AP021_DJI_202609080957_035_frame.jpg,localization_fire,,,1920,1080,,,,False,{},V,B3,uav-04,FIRE:B3_legacy:uav-04,71.00427,@raw/03_第三批_20260908_1006_多火点/01_正式视频/无人机04_1581F7K33258900AP021/DJI_202609080957_035/DJI_20260908100549_0001_V.MP4
2f634a6bd48ff28871403a3d524da27f149c1778b89eb587caa8f61cf6ba879e,data/images/2f634a6bd48ff28871403a3d524da27f149c1778b89eb587caa8f61cf6ba879e.jpg,FIRE:B3_legacy:uav-09,无人机09_1581F7K3C24CS00AX535_DJI_202609080957_004_frame.jpg,localization_fire,,,1920,1080,,,,False,{},V,B3,uav-09,FIRE:B3_legacy:uav-09,55.02163,@raw/03_第三批_20260908_1006_多火点/01_正式视频/无人机09_1581F7K3C24CS00AX535/DJI_202609080957_004/DJI_20260908100604_0001_V.MP4
bb10de4d418543a447751eb2cc9c401b22a4848d77fed3e0130ce4a2bc544313,data/images/bb10de4d418543a447751eb2cc9c401b22a4848d77fed3e0130ce4a2bc544313.jpg,FIRE:B1_M03:uav-01,uav-01_V.jpg,localization_fire,,,1920,1080,,,,False,{},V,B1,uav-01,FIRE:B1_M03:uav-01,451.01723,@raw/01_第一批_20260907_1602_单火点/01_正式视频/无人机01_1581F7K3C251800CYBVP/DJI_202609071553_002/DJI_20260907160207_0001_V.MP4
f71219d3cb8369f355e050b5cd5104464250c4ecaeb6d953eece870451dc5bf6,data/images/f71219d3cb8369f355e050b5cd5104464250c4ecaeb6d953eece870451dc5bf6.jpg,FIRE:B1_M03:uav-02,uav-02_V.jpg,localization_fire,,,1920,1080,,,,False,{},V,B1,uav-02,FIRE:B1_M03:uav-02,464.03023,@raw/01_第一批_20260907_1602_单火点/01_正式视频/无人机02_1581F7K3C267500D2DQD/DJI_202609071534_003/DJI_20260907160153_0005_V.MP4
7225e4ffe8fc62c0785abd668c2213f46b2e44624fb856bde560a0ac24485369,data/images/7225e4ffe8fc62c0785abd668c2213f46b2e44624fb856bde560a0ac24485369.jpg,FIRE:B1_M03:uav-04,uav-04_V.jpg,localization_fire,,,1920,1080,,,,False,{},V,B1,uav-04,FIRE:B1_M03:uav-04,455.02123,@raw/01_第一批_20260907_1602_单火点/01_正式视频/无人机04_1581F7K33258900AP021/DJI_202609071553_033/DJI_20260907160203_0002_V.MP4
53977b73efbed453e064cbff53307f69e033e03d373eefa0883b3f6aaf1c80a2,data/images/53977b73efbed453e064cbff53307f69e033e03d373eefa0883b3f6aaf1c80a2.jpg,FIRE:B1_M03:uav-06,uav-06_V.jpg,localization_fire,,,1920,1080,,,,False,{},V,B1,uav-06,FIRE:B1_M03:uav-06,465.03123,@raw/01_第一批_20260907_1602_单火点/01_正式视频/无人机06_1581F7K3C254N00D16Y8/DJI_202609071535_001/DJI_20260907160153_0002_V.MP4
8180509f80d83444d0fd33996d7ce8a0fcf9a1a41c2a51b81e118f2224327a8c,data/images/8180509f80d83444d0fd33996d7ce8a0fcf9a1a41c2a51b81e118f2224327a8c.jpg,FIRE:B1_M03:uav-07,uav-07_V.jpg,localization_fire,,,1920,1080,,,,False,{},V,B1,uav-07,FIRE:B1_M03:uav-07,456.02223,@raw/01_第一批_20260907_1602_单火点/01_正式视频/无人机07_1581F7K3325B100AS0AG/DJI_202609071532_001/DJI_20260907160202_0005_V.MP4
0f95c8cd0ecee3e90d187525aa0e879dd99b3c98183e00fb6a7601c5a907148e,data/images/0f95c8cd0ecee3e90d187525aa0e879dd99b3c98183e00fb6a7601c5a907148e.jpg,FIRE:B1_M03:uav-08,uav-08_V.jpg,localization_fire,,,1920,1080,,,,False,{},V,B1,uav-08,FIRE:B1_M03:uav-08,457.02323,@raw/01_第一批_20260907_1602_单火点/01_正式视频/无人机08_1581F7K3C256N00DCP1T/DJI_202609071536_001/DJI_20260907160201_0001_V.MP4
668e7dd58b414aafe56ab6b6d8bcb5bbcf927f9a31e38452c42ea62865c513c0,data/images/668e7dd58b414aafe56ab6b6d8bcb5bbcf927f9a31e38452c42ea62865c513c0.jpg,FIRE:B1_M03:uav-09,uav-09_V.jpg,localization_fire,,,1920,1080,,,,False,{},V,B1,uav-09,FIRE:B1_M03:uav-09,455.02123,@raw/01_第一批_20260907_1602_单火点/01_正式视频/无人机09_1581F7K3C24CS00AX535/DJI_202609071543_001/DJI_20260907160202_0003_V.MP4
99e799ae29834526118ab37522db5533b02477e99b1592ce0907b9e4b7d316a3,data/images/99e799ae29834526118ab37522db5533b02477e99b1592ce0907b9e4b7d316a3.jpg,FIRE:B2_M03:uav-01,uav-01_V.jpg,localization_fire,,,1920,1080,,,,False,{},V,B2,uav-01,FIRE:B2_M03:uav-01,486.01887,@raw/02_第二批_20260908_0924_单火点/01_正式视频/无人机01_1581F7K3C251800CYBVP/DJI_202609080913_003/DJI_20260908092431_0003_V.MP4
f012847db9ab109f8ba7012aa30ef9077919fbf893306637d57cce5d299f5151,data/images/f012847db9ab109f8ba7012aa30ef9077919fbf893306637d57cce5d299f5151.jpg,FIRE:B2_M03:uav-02,uav-02_V.jpg,localization_fire,,,1920,1080,,,,False,{},V,B2,uav-02,FIRE:B2_M03:uav-02,495.02787,@raw/02_第二批_20260908_0924_单火点/01_正式视频/无人机02_1581F7K3C267500D2DQD/DJI_202609080909_004/DJI_20260908092422_0002_V.MP4
c9047307d59f613769f598debe7e2b2786cf97cc7b974996e4e4ed095c4032eb,data/images/c9047307d59f613769f598debe7e2b2786cf97cc7b974996e4e4ed095c4032eb.jpg,FIRE:B2_M03:uav-03,uav-03_V.jpg,localization_fire,,,1920,1080,,,,False,{},V,B2,uav-03,FIRE:B2_M03:uav-03,463.02923,@raw/02_第二批_20260908_0924_单火点/01_正式视频/无人机03_1581F7K3C255900D76E8/DJI_202609080916_004/DJI_20260908092454_0002_V.MP4
68810f668fa2e7f1ca05652133eefbbd5317dd0dc2a4df394bdba453629e9c22,data/images/68810f668fa2e7f1ca05652133eefbbd5317dd0dc2a4df394bdba453629e9c22.jpg,FIRE:B2_M03:uav-05,uav-05_V.jpg,localization_fire,,,1920,1080,,,,False,{},V,B2,uav-05,FIRE:B2_M03:uav-05,490.02287,@raw/02_第二批_20260908_0924_单火点/01_正式视频/无人机05_1581F7K3C251400CFB45/DJI_202609080912_003/DJI_20260908092427_0002_V.MP4
ce234fe4ffdeb18d12b26dee7af42c8927457c5c7e962810a6311a921b67cfeb,data/images/ce234fe4ffdeb18d12b26dee7af42c8927457c5c7e962810a6311a921b67cfeb.jpg,FIRE:B2_M03:uav-06,uav-06_V.jpg,localization_fire,,,1920,1080,,,,False,{},V,B2,uav-06,FIRE:B2_M03:uav-06,479.01187,@raw/02_第二批_20260908_0924_单火点/01_正式视频/无人机06_1581F7K3C254N00D16Y8/DJI_202609080910_002/DJI_20260908092438_0002_V.MP4
d8b0c38992b7565c70d084d3678d999f56746fd947004008f3abe5c063729805,data/images/d8b0c38992b7565c70d084d3678d999f56746fd947004008f3abe5c063729805.jpg,FIRE:B2_M03:uav-07,uav-07_V.jpg,localization_fire,,,1920,1080,,,,False,{},V,B2,uav-07,FIRE:B2_M03:uav-07,479.01187,@raw/02_第二批_20260908_0924_单火点/01_正式视频/无人机07_1581F7K3325B100AS0AG/DJI_202609080909_002/DJI_20260908092438_0002_V.MP4
f2c91283393e1d12d4e718993bff291b7ef9caee3404730911d502b2f290dfdf,data/images/f2c91283393e1d12d4e718993bff291b7ef9caee3404730911d502b2f290dfdf.jpg,FIRE:B2_M03:uav-09,uav-09_V.jpg,localization_fire,,,1920,1080,,,,False,{},V,B2,uav-09,FIRE:B2_M03:uav-09,481.01387,@raw/02_第二批_20260908_0924_单火点/01_正式视频/无人机09_1581F7K3C24CS00AX535/DJI_202609080915_003/DJI_20260908092435_0004_V.MP4
d54fb13ad5c494b802de3661a12ce536ad3879fc951b39657f2387ac66b753cb,data/images/d54fb13ad5c494b802de3661a12ce536ad3879fc951b39657f2387ac66b753cb.jpg,FIRE:B3_M02:uav-01,uav-01_V.jpg,localization_fire,,,1920,1080,,,,False,{},V,B3,uav-01,FIRE:B3_M02:uav-01,95.02827,@raw/03_第三批_20260908_1006_多火点/01_正式视频/无人机01_1581F7K3C251800CYBVP/DJI_202609080945_004/DJI_20260908100826_0002_V.MP4
ea62b5e8073963352a8d20c9ffb5ff44e67e0a3a077354b5b1ac62bfc36ce135,data/images/ea62b5e8073963352a8d20c9ffb5ff44e67e0a3a077354b5b1ac62bfc36ce135.jpg,FIRE:B3_M02:uav-02,uav-02_V.jpg,localization_fire,,,1920,1080,,,,False,{},V,B3,uav-02,FIRE:B3_M02:uav-02,234.00043,@raw/03_第三批_20260908_1006_多火点/01_正式视频/无人机02_1581F7K3C267500D2DQD/DJI_202609080957_005/DJI_20260908100606_0001_V.MP4
4a5c53224e3378c8a338dec179a9c211a58b7a025e0622e249eb2268711afc55,data/images/4a5c53224e3378c8a338dec179a9c211a58b7a025e0622e249eb2268711afc55.jpg,FIRE:B3_M02:uav-03,uav-03_V.jpg,localization_fire,,,1920,1080,,,,False,{},V,B3,uav-03,FIRE:B3_M02:uav-03,250.01643,@raw/03_第三批_20260908_1006_多火点/01_正式视频/无人机03_1581F7K3C255900D76E8/DJI_202609080957_005/DJI_20260908100550_0001_V.MP4
f7317d5afa57c90e9c3e6dfd9278ea847f486134bf90feacb51f4f8fbc156368,data/images/f7317d5afa57c90e9c3e6dfd9278ea847f486134bf90feacb51f4f8fbc156368.jpg,FIRE:B3_M02:uav-04,uav-04_V.jpg,localization_fire,,,1920,1080,,,,False,{},V,B3,uav-04,FIRE:B3_M02:uav-04,252.01843,@raw/03_第三批_20260908_1006_多火点/01_正式视频/无人机04_1581F7K33258900AP021/DJI_202609080957_035/DJI_20260908100549_0001_V.MP4
8890a451cc899f1cfb3df641eb1e0d9fbfbc649bc58bec7a216e236c0ed1ca16,data/images/8890a451cc899f1cfb3df641eb1e0d9fbfbc649bc58bec7a216e236c0ed1ca16.jpg,FIRE:B3_M02:uav-05,uav-05_V.jpg,localization_fire,,,1920,1080,,,,False,{},V,B3,uav-05,FIRE:B3_M02:uav-05,255.02143,@raw/03_第三批_20260908_1006_多火点/01_正式视频/无人机05_1581F7K3C251400CFB45/DJI_202609080957_004/DJI_20260908100545_0001_V.MP4
15a0be54844092a04690d9b83725084b89936d5aa06cd55655065b0dcc4425c7,data/images/15a0be54844092a04690d9b83725084b89936d5aa06cd55655065b0dcc4425c7.jpg,FIRE:B3_M02:uav-07,uav-07_V.jpg,localization_fire,,,1920,1080,,,,False,{},V,B3,uav-07,FIRE:B3_M02:uav-07,223.0228,@raw/03_第三批_20260908_1006_多火点/01_正式视频/无人机07_1581F7K3325B100AS0AG/DJI_202609081002_003/DJI_20260908100617_0001_V.MP4
aed0b1639d051bb344dc7b893f9b5471af00d9604f016a9e034c71f8a4c9e52d,data/images/aed0b1639d051bb344dc7b893f9b5471af00d9604f016a9e034c71f8a4c9e52d.jpg,FIRE:B3_M02:uav-09,uav-09_V.jpg,localization_fire,,,1920,1080,,,,False,{},V,B3,uav-09,FIRE:B3_M02:uav-09,236.00243,@raw/03_第三批_20260908_1006_多火点/01_正式视频/无人机09_1581F7K3C24CS00AX535/DJI_202609080957_004/DJI_20260908100604_0001_V.MP4
a8a946b4a66c282b24be8813618ac79e612e43023426e962fd9d097a8f1624c0,data/images/a8a946b4a66c282b24be8813618ac79e612e43023426e962fd9d097a8f1624c0.jpg,FIRE:B3_M02:uav-08,uav-08_V.jpg,localization_fire,,,1920,1080,,,,False,{},V,B3,uav-08,FIRE:B3_M02:uav-08,229.0288,@raw/03_第三批_20260908_1006_多火点/01_正式视频/无人机08_1581F7K3C256N00DCP1T/DJI_202609080958_004/DJI_20260908100611_0001_V.MP4
f9dcd393fe195cfd1db9baf2239818b6e5e74ec8f9dae4fbb42d32003a1bcfc5,data/images/f9dcd393fe195cfd1db9baf2239818b6e5e74ec8f9dae4fbb42d32003a1bcfc5.jpg,FIRE:B4_M02:uav-01,uav-01_V.jpg,localization_fire,,,1920,1080,,,,False,{},V,B4,uav-01,FIRE:B4_M02:uav-01,225.0248,@raw/04_第四批_20260908_1053_多火点与余热点/01_正式视频/无人机01_1581F7K3C251800CYBVP/DJI_202609081030_005/DJI_20260908105248_0002_V.MP4
beb9964c0f26f07041deca02563838c491230d1d1cd9a396fa07875fdc445646,data/images/beb9964c0f26f07041deca02563838c491230d1d1cd9a396fa07875fdc445646.jpg,FIRE:B4_M02:uav-02,uav-02_V.jpg,localization_fire,,,1920,1080,,,,False,{},V,B4,uav-02,FIRE:B4_M02:uav-02,207.0068,@raw/04_第四批_20260908_1053_多火点与余热点/01_正式视频/无人机02_1581F7K3C267500D2DQD/DJI_202609081040_006/DJI_20260908105306_0001_V.MP4
748f7f5932bfd6ec7748d4851b291480fa52497c597bbca9ee4f88c474254f93,data/images/748f7f5932bfd6ec7748d4851b291480fa52497c597bbca9ee4f88c474254f93.jpg,FIRE:B4_M02:uav-03,uav-03_V.jpg,localization_fire,,,1920,1080,,,,False,{},V,B4,uav-03,FIRE:B4_M02:uav-03,221.0208,@raw/04_第四批_20260908_1053_多火点与余热点/01_正式视频/无人机03_1581F7K3C255900D76E8/DJI_202609081046_006/DJI_20260908105253_0001_V.MP4
bdd1e15d1d345384c6f32e949bb7d3f2519cc454c7be9dce1ec0036d1db2b880,data/images/bdd1e15d1d345384c6f32e949bb7d3f2519cc454c7be9dce1ec0036d1db2b880.jpg,FIRE:B4_M02:uav-04,uav-04_V.jpg,localization_fire,,,1920,1080,,,,False,{},V,B4,uav-04,FIRE:B4_M02:uav-04,215.0148,@raw/04_第四批_20260908_1053_多火点与余热点/01_正式视频/无人机04_1581F7K33258900AP021/DJI_202609081042_036/DJI_20260908105259_0001_V.MP4
fe1968f3dba9b0eca8d6c1926ce4a3b8262953e33b3eea88617eacdf0bff1627,data/images/fe1968f3dba9b0eca8d6c1926ce4a3b8262953e33b3eea88617eacdf0bff1627.jpg,FIRE:B4_M02:uav-05,uav-05_V.jpg,localization_fire,,,1920,1080,,,,False,{},V,B4,uav-05,FIRE:B4_M02:uav-05,221.0208,@raw/04_第四批_20260908_1053_多火点与余热点/01_正式视频/无人机05_1581F7K3C251400CFB45/DJI_202609081039_005/DJI_20260908105253_0001_V.MP4
b439482ad17e4eed275471b6c1e86a9bc9e1b2d7712dcdfabe48f5328f96acc7,data/images/b439482ad17e4eed275471b6c1e86a9bc9e1b2d7712dcdfabe48f5328f96acc7.jpg,FIRE:B4_M02:uav-06,uav-06_V.jpg,localization_fire,,,1920,1080,,,,False,{},V,B4,uav-06,FIRE:B4_M02:uav-06,213.0128,@raw/04_第四批_20260908_1053_多火点与余热点/01_正式视频/无人机06_1581F7K3C254N00D16Y8/DJI_202609081040_004/DJI_20260908105300_0001_V.MP4
6310bb8674fb393d24ec40af443ebb5900f9fe4de59d8111c8b264dfb9d8c69f,data/images/6310bb8674fb393d24ec40af443ebb5900f9fe4de59d8111c8b264dfb9d8c69f.jpg,FIRE:B4_M02:uav-07,uav-07_V.jpg,localization_fire,,,1920,1080,,,,False,{},V,B4,uav-07,FIRE:B4_M02:uav-07,215.0148,@raw/04_第四批_20260908_1053_多火点与余热点/01_正式视频/无人机07_1581F7K3325B100AS0AG/DJI_202609081048_005/DJI_20260908105258_0001_V.MP4
0cb3adac201b4eded73de0209926905e87e6217a768b9c8ba0ea74199e506e44,data/images/0cb3adac201b4eded73de0209926905e87e6217a768b9c8ba0ea74199e506e44.jpg,FIRE:B4_M02:uav-08,uav-08_V.jpg,localization_fire,,,1920,1080,,,,False,{},V,B4,uav-08,FIRE:B4_M02:uav-08,216.0158,@raw/04_第四批_20260908_1053_多火点与余热点/01_正式视频/无人机08_1581F7K3C256N00DCP1T/DJI_202609081036_005/DJI_20260908105257_0001_V.MP4
72620c8543592b46583236c3744d5016069d2c77d896ddd92cf77008738d1391,data/images/72620c8543592b46583236c3744d5016069d2c77d896ddd92cf77008738d1391.jpg,FIRE:B4_M02:uav-09,uav-09_V.jpg,localization_fire,,,1920,1080,,,,False,{},V,B4,uav-09,FIRE:B4_M02:uav-09,216.0158,@raw/04_第四批_20260908_1053_多火点与余热点/01_正式视频/无人机09_1581F7K3C24CS00AX535/DJI_202609081039_006/DJI_20260908105258_0002_V.MP4
79706a3efebe4b6b13febd1995065887da07f2eb3a81873c7be17603d2bc52f3,data/images/79706a3efebe4b6b13febd1995065887da07f2eb3a81873c7be17603d2bc52f3.jpg,BACKGROUND:B1:uav-09/uav-09_t7.jpg,uav-09_t7.jpg,localization_background,,,1920,1080,,,,False,{},V,B1,uav-09,BACKGROUND:B1:uav-09/uav-09_t7.jpg,635.067777,@raw/01_第一批_20260907_1602_单火点/01_正式视频/无人机09_1581F7K3C24CS00AX535/DJI_202609071543_001/DJI_20260907160202_0003_V.MP4
e07f49beaad3464f9ffa65cc850c30d7cd598526dd0c6ade9066ef33cc1df170,data/images/e07f49beaad3464f9ffa65cc850c30d7cd598526dd0c6ade9066ef33cc1df170.jpg,BACKGROUND:B1:uav-09/uav-09_t5.jpg,uav-09_t5.jpg,localization_background,,,1920,1080,,,,False,{},V,B1,uav-09,BACKGROUND:B1:uav-09/uav-09_t5.jpg,454.787654,@raw/01_第一批_20260907_1602_单火点/01_正式视频/无人机09_1581F7K3C24CS00AX535/DJI_202609071543_001/DJI_20260907160202_0003_V.MP4
a676346156c97a539ddf8a6fa9fc1d63439d25927e199086a7afdc9e223b513b,data/images/a676346156c97a539ddf8a6fa9fc1d63439d25927e199086a7afdc9e223b513b.jpg,BACKGROUND:B1:uav-09/uav-09_t3.jpg,uav-09_t3.jpg,localization_background,,,1920,1080,,,,False,{},V,B1,uav-09,BACKGROUND:B1:uav-09/uav-09_t3.jpg,274.47418999999996,@raw/01_第一批_20260907_1602_单火点/01_正式视频/无人机09_1581F7K3C24CS00AX535/DJI_202609071543_001/DJI_20260907160202_0003_V.MP4
72448253ca1157703f56102217b8c7cf200efb60977f969f5b63107d4b54db53,data/images/72448253ca1157703f56102217b8c7cf200efb60977f969f5b63107d4b54db53.jpg,BACKGROUND:B1:uav-08/uav-08_t7.jpg,uav-08_t7.jpg,localization_background,,,1920,1080,,,,False,{},V,B1,uav-08,BACKGROUND:B1:uav-08/uav-08_t7.jpg,637.069777,@raw/01_第一批_20260907_1602_单火点/01_正式视频/无人机08_1581F7K3C256N00DCP1T/DJI_202609071536_001/DJI_20260907160201_0001_V.MP4
3a4d19254054d690682d810e9c7d04869fdf8c1acd8ea6554a30b65ce4303a44,data/images/3a4d19254054d690682d810e9c7d04869fdf8c1acd8ea6554a30b65ce4303a44.jpg,BACKGROUND:B1:uav-08/uav-08_t5.jpg,uav-08_t5.jpg,localization_background,,,1920,1080,,,,False,{},V,B1,uav-08,BACKGROUND:B1:uav-08/uav-08_t5.jpg,456.789654,@raw/01_第一批_20260907_1602_单火点/01_正式视频/无人机08_1581F7K3C256N00DCP1T/DJI_202609071536_001/DJI_20260907160201_0001_V.MP4
32d2a925b9452724f190695db0fc3f6046f6f4c4154096869c1645b60ed7396c,data/images/32d2a925b9452724f190695db0fc3f6046f6f4c4154096869c1645b60ed7396c.jpg,BACKGROUND:B1:uav-08/uav-08_t3.jpg,uav-08_t3.jpg,localization_background,,,1920,1080,,,,False,{},V,B1,uav-08,BACKGROUND:B1:uav-08/uav-08_t3.jpg,276.47619,@raw/01_第一批_20260907_1602_单火点/01_正式视频/无人机08_1581F7K3C256N00DCP1T/DJI_202609071536_001/DJI_20260907160201_0001_V.MP4
3c8df7facb7e09d12e31a32cfa74f6852001ecd3a969bf3ef4f588eebef4513b,data/images/3c8df7facb7e09d12e31a32cfa74f6852001ecd3a969bf3ef4f588eebef4513b.jpg,BACKGROUND:B1:uav-06/uav-06_t3.jpg,uav-06_t3.jpg,localization_background,,,1920,1080,,,,False,{},V,B1,uav-06,BACKGROUND:B1:uav-06/uav-06_t3.jpg,284.45082299999996,@raw/01_第一批_20260907_1602_单火点/01_正式视频/无人机06_1581F7K3C254N00D16Y8/DJI_202609071535_001/DJI_20260907160153_0002_V.MP4
334cb2be6d0015c27bd3e9020ba49d84fbe6504bb32a0be364777708ff10e84c,data/images/334cb2be6d0015c27bd3e9020ba49d84fbe6504bb32a0be364777708ff10e84c.jpg,BACKGROUND:B1:uav-06/uav-06_t5.jpg,uav-06_t5.jpg,localization_background,,,1920,1080,,,,False,{},V,B1,uav-06,BACKGROUND:B1:uav-06/uav-06_t5.jpg,464.764284,@raw/01_第一批_20260907_1602_单火点/01_正式视频/无人机06_1581F7K3C254N00D16Y8/DJI_202609071535_001/DJI_20260907160153_0002_V.MP4
86a1ffb1981e23944493f7a03ea5a06eb30961f0043f7fdbe650be0840d56122,data/images/86a1ffb1981e23944493f7a03ea5a06eb30961f0043f7fdbe650be0840d56122.jpg,BACKGROUND:B1:uav-06/uav-06_t7.jpg,uav-06_t7.jpg,localization_background,,,1920,1080,,,,False,{},V,B1,uav-06,BACKGROUND:B1:uav-06/uav-06_t7.jpg,645.077777,@raw/01_第一批_20260907_1602_单火点/01_正式视频/无人机06_1581F7K3C254N00D16Y8/DJI_202609071535_001/DJI_20260907160153_0002_V.MP4
e8159ba4022d1bc3baf0e0d719283b90df8cc764e15417c98d48e43dca7c31c1,data/images/e8159ba4022d1bc3baf0e0d719283b90df8cc764e15417c98d48e43dca7c31c1.jpg,BACKGROUND:B1:uav-07/uav-07_t3.jpg,uav-07_t3.jpg,localization_background,,,1920,1080,,,,False,{},V,B1,uav-07,BACKGROUND:B1:uav-07/uav-07_t3.jpg,275.47519,@raw/01_第一批_20260907_1602_单火点/01_正式视频/无人机07_1581F7K3325B100AS0AG/DJI_202609071532_001/DJI_20260907160202_0005_V.MP4
480dff878a04432a38c428d36356738882ef4d720afdbfee4b3559be4463446d,data/images/480dff878a04432a38c428d36356738882ef4d720afdbfee4b3559be4463446d.jpg,BACKGROUND:B1:uav-07/uav-07_t5.jpg,uav-07_t5.jpg,localization_background,,,1920,1080,,,,False,{},V,B1,uav-07,BACKGROUND:B1:uav-07/uav-07_t5.jpg,455.788654,@raw/01_第一批_20260907_1602_单火点/01_正式视频/无人机07_1581F7K3325B100AS0AG/DJI_202609071532_001/DJI_20260907160202_0005_V.MP4
552a70aade3a87142827b6851a7d664afe10a70f613ce3c83ee24a6044a4dc7b,data/images/552a70aade3a87142827b6851a7d664afe10a70f613ce3c83ee24a6044a4dc7b.jpg,BACKGROUND:B1:uav-07/uav-07_t7.jpg,uav-07_t7.jpg,localization_background,,,1920,1080,,,,False,{},V,B1,uav-07,BACKGROUND:B1:uav-07/uav-07_t7.jpg,636.068777,@raw/01_第一批_20260907_1602_单火点/01_正式视频/无人机07_1581F7K3325B100AS0AG/DJI_202609071532_001/DJI_20260907160202_0005_V.MP4
6e9c7627785e45299050a2ae69840755719efc13ee16c78ccfa7c5a8ccf29fbd,data/images/6e9c7627785e45299050a2ae69840755719efc13ee16c78ccfa7c5a8ccf29fbd.jpg,BACKGROUND:B2:uav-09/uav-09_t7.jpg,uav-09_t7.jpg,localization_background,,,1920,1080,,,,False,{},V,B2,uav-09,BACKGROUND:B2:uav-09/uav-09_t7.jpg,696.4624269999999,@raw/02_第二批_20260908_0924_单火点/01_正式视频/无人机09_1581F7K3C24CS00AX535/DJI_202609080915_003/DJI_20260908092435_0004_V.MP4
0440b50cfb9c900711b5a5e2309cbfe294441365ed94ef8a50a57ad788ae0cde,data/images/0440b50cfb9c900711b5a5e2309cbfe294441365ed94ef8a50a57ad788ae0cde.jpg,BACKGROUND:B2:uav-09/uav-09_t5.jpg,uav-09_t5.jpg,localization_background,,,1920,1080,,,,False,{},V,B2,uav-09,BACKGROUND:B2:uav-09/uav-09_t5.jpg,502.602084,@raw/02_第二批_20260908_0924_单火点/01_正式视频/无人机09_1581F7K3C24CS00AX535/DJI_202609080915_003/DJI_20260908092435_0004_V.MP4
4be44cfc80026d0cf0abf29f4d96537b0ba63d96877ee5d83e578d797a1de552,data/images/4be44cfc80026d0cf0abf29f4d96537b0ba63d96877ee5d83e578d797a1de552.jpg,BACKGROUND:B2:uav-09/uav-09_t3.jpg,uav-09_t3.jpg,localization_background,,,1920,1080,,,,False,{},V,B2,uav-09,BACKGROUND:B2:uav-09/uav-09_t3.jpg,308.77514,@raw/02_第二批_20260908_0924_单火点/01_正式视频/无人机09_1581F7K3C24CS00AX535/DJI_202609080915_003/DJI_20260908092435_0004_V.MP4
c630b11e775f97a4c9da18842462c720260c4fcb1667d12a0c19761b1e045322,data/images/c630b11e775f97a4c9da18842462c720260c4fcb1667d12a0c19761b1e045322.jpg,BACKGROUND:B2:uav-07/uav-07_t7.jpg,uav-07_t7.jpg,localization_background,,,1920,1080,,,,False,{},V,B2,uav-07,BACKGROUND:B2:uav-07/uav-07_t7.jpg,694.460427,@raw/02_第二批_20260908_0924_单火点/01_正式视频/无人机07_1581F7K3325B100AS0AG/DJI_202609080909_002/DJI_20260908092438_0002_V.MP4
87d9e5416a266200b6fe8eaa07736028e2f3ac981f002742395d235ae2c106ff,data/images/87d9e5416a266200b6fe8eaa07736028e2f3ac981f002742395d235ae2c106ff.jpg,BACKGROUND:B2:uav-07/uav-07_t5.jpg,uav-07_t5.jpg,localization_background,,,1920,1080,,,,False,{},V,B2,uav-07,BACKGROUND:B2:uav-07/uav-07_t5.jpg,500.600084,@raw/02_第二批_20260908_0924_单火点/01_正式视频/无人机07_1581F7K3325B100AS0AG/DJI_202609080909_002/DJI_20260908092438_0002_V.MP4
95aa75c4282c602eafb5769649d53c17f3d58642e4e2bd9252281b5a8e3402f1,data/images/95aa75c4282c602eafb5769649d53c17f3d58642e4e2bd9252281b5a8e3402f1.jpg,BACKGROUND:B2:uav-06/uav-06_t3.jpg,uav-06_t3.jpg,localization_background,,,1920,1080,,,,False,{},V,B2,uav-06,BACKGROUND:B2:uav-06/uav-06_t3.jpg,306.77314,@raw/02_第二批_20260908_0924_单火点/01_正式视频/无人机06_1581F7K3C254N00D16Y8/DJI_202609080910_002/DJI_20260908092438_0002_V.MP4
7decff697c38b49905fdd3db60844d99fa0d19c1955cf41bd9f2aa289552c028,data/images/7decff697c38b49905fdd3db60844d99fa0d19c1955cf41bd9f2aa289552c028.jpg,BACKGROUND:B2:uav-07/uav-07_t3.jpg,uav-07_t3.jpg,localization_background,,,1920,1080,,,,False,{},V,B2,uav-07,BACKGROUND:B2:uav-07/uav-07_t3.jpg,306.77314,@raw/02_第二批_20260908_0924_单火点/01_正式视频/无人机07_1581F7K3325B100AS0AG/DJI_202609080909_002/DJI_20260908092438_0002_V.MP4
19284eaedfe705ccb28cb98515691e34cfa9933b3d4bc551ae6810fcbb1b50f9,data/images/19284eaedfe705ccb28cb98515691e34cfa9933b3d4bc551ae6810fcbb1b50f9.jpg,BACKGROUND:B2:uav-02/uav-02_t7.jpg,uav-02_t7.jpg,localization_background,,,1920,1080,,,,False,{},V,B2,uav-02,BACKGROUND:B2:uav-02/uav-02_t7.jpg,710.4430639999999,@raw/02_第二批_20260908_0924_单火点/01_正式视频/无人机02_1581F7K3C267500D2DQD/DJI_202609080909_004/DJI_20260908092422_0002_V.MP4
ac2878770ca6566b19910511b67562ea51596e0337651fbf70e3103efa3ffc0c,data/images/ac2878770ca6566b19910511b67562ea51596e0337651fbf70e3103efa3ffc0c.jpg,BACKGROUND:B2:uav-06/uav-06_t7.jpg,uav-06_t7.jpg,localization_background,,,1920,1080,,,,False,{},V,B2,uav-06,BACKGROUND:B2:uav-06/uav-06_t7.jpg,694.460427,@raw/02_第二批_20260908_0924_单火点/01_正式视频/无人机06_1581F7K3C254N00D16Y8/DJI_202609080910_002/DJI_20260908092438_0002_V.MP4
d6b857572efbd93876e65921b2f02c3378538025ce0f17737679c8525c580356,data/images/d6b857572efbd93876e65921b2f02c3378538025ce0f17737679c8525c580356.jpg,BACKGROUND:B2:uav-02/uav-02_t5.jpg,uav-02_t5.jpg,localization_background,,,1920,1080,,,,False,{},V,B2,uav-02,BACKGROUND:B2:uav-02/uav-02_t5.jpg,516.616084,@raw/02_第二批_20260908_0924_单火点/01_正式视频/无人机02_1581F7K3C267500D2DQD/DJI_202609080909_004/DJI_20260908092422_0002_V.MP4
92095bfadd22742412d3b40576eafda39e16303c68be64401fa034bf3f878bf1,data/images/92095bfadd22742412d3b40576eafda39e16303c68be64401fa034bf3f878bf1.jpg,BACKGROUND:B2:uav-06/uav-06_t5.jpg,uav-06_t5.jpg,localization_background,,,1920,1080,,,,False,{},V,B2,uav-06,BACKGROUND:B2:uav-06/uav-06_t5.jpg,500.600084,@raw/02_第二批_20260908_0924_单火点/01_正式视频/无人机06_1581F7K3C254N00D16Y8/DJI_202609080910_002/DJI_20260908092438_0002_V.MP4
ed0c4d601d83565c7bc39f322722d5e123fca010eb7403f7c058c619ddc5dc4d,data/images/ed0c4d601d83565c7bc39f322722d5e123fca010eb7403f7c058c619ddc5dc4d.jpg,BACKGROUND:B2:uav-02/uav-02_t3.jpg,uav-02_t3.jpg,localization_background,,,1920,1080,,,,False,{},V,B2,uav-02,BACKGROUND:B2:uav-02/uav-02_t3.jpg,322.75577000000004,@raw/02_第二批_20260908_0924_单火点/01_正式视频/无人机02_1581F7K3C267500D2DQD/DJI_202609080909_004/DJI_20260908092422_0002_V.MP4
20f82cd9ae022ec8ac50946688c994f03efa6d5e2e97d28d74e0b9b15d09f123,data/images/20f82cd9ae022ec8ac50946688c994f03efa6d5e2e97d28d74e0b9b15d09f123.jpg,BACKGROUND:B3:uav-09/uav-09_t7.jpg,uav-09_t7.jpg,localization_background,,,1920,1080,,,,False,{},V,B3,uav-09,BACKGROUND:B3:uav-09/uav-09_t7.jpg,403.703303,@raw/03_第三批_20260908_1006_多火点/01_正式视频/无人机09_1581F7K3C24CS00AX535/DJI_202609080957_004/DJI_20260908100604_0001_V.MP4
fd58fb926780843cb7a29930991b98d0b0eae8473c58c62492697ec1088804a7,data/images/fd58fb926780843cb7a29930991b98d0b0eae8473c58c62492697ec1088804a7.jpg,BACKGROUND:B3:uav-09/uav-09_t5.jpg,uav-09_t5.jpg,localization_background,,,1920,1080,,,,False,{},V,B3,uav-09,BACKGROUND:B3:uav-09/uav-09_t5.jpg,328.62831600000004,@raw/03_第三批_20260908_1006_多火点/01_正式视频/无人机09_1581F7K3C24CS00AX535/DJI_202609080957_004/DJI_20260908100604_0001_V.MP4
54a539cd5720b82f7ca0347d284dfe058f765439f2ebf529f0ae40a215516011,data/images/54a539cd5720b82f7ca0347d284dfe058f765439f2ebf529f0ae40a215516011.jpg,BACKGROUND:B3:uav-09/uav-09_t3.jpg,uav-09_t3.jpg,localization_background,,,1920,1080,,,,False,{},V,B3,uav-09,BACKGROUND:B3:uav-09/uav-09_t3.jpg,253.58666,@raw/03_第三批_20260908_1006_多火点/01_正式视频/无人机09_1581F7K3C24CS00AX535/DJI_202609080957_004/DJI_20260908100604_0001_V.MP4
273f99bf5442a88b1e36e7c8174f72e4091712c1dba050e77318d2e094511a27,data/images/273f99bf5442a88b1e36e7c8174f72e4091712c1dba050e77318d2e094511a27.jpg,BACKGROUND:B3:uav-07/uav-07_t7.jpg,uav-07_t7.jpg,localization_background,,,1920,1080,,,,False,{},V,B3,uav-07,BACKGROUND:B3:uav-07/uav-07_t7.jpg,390.69030300000003,@raw/03_第三批_20260908_1006_多火点/01_正式视频/无人机07_1581F7K3325B100AS0AG/DJI_202609081002_003/DJI_20260908100617_0001_V.MP4
2237625a4aa212a425af834857b79f14750b130f6219d304833d679cd73a9dcd,data/images/2237625a4aa212a425af834857b79f14750b130f6219d304833d679cd73a9dcd.jpg,BACKGROUND:B3:uav-07/uav-07_t5.jpg,uav-07_t5.jpg,localization_background,,,1920,1080,,,,False,{},V,B3,uav-07,BACKGROUND:B3:uav-07/uav-07_t5.jpg,315.648686,@raw/03_第三批_20260908_1006_多火点/01_正式视频/无人机07_1581F7K3325B100AS0AG/DJI_202609081002_003/DJI_20260908100617_0001_V.MP4
3d8cbbfc9e109046d91091d8e2361e380bac3ce54badbdef29ae4724561f6410,data/images/3d8cbbfc9e109046d91091d8e2361e380bac3ce54badbdef29ae4724561f6410.jpg,BACKGROUND:B3:uav-07/uav-07_t3.jpg,uav-07_t3.jpg,localization_background,,,1920,1080,,,,False,{},V,B3,uav-07,BACKGROUND:B3:uav-07/uav-07_t3.jpg,240.57366299999998,@raw/03_第三批_20260908_1006_多火点/01_正式视频/无人机07_1581F7K3325B100AS0AG/DJI_202609081002_003/DJI_20260908100617_0001_V.MP4
7cc8f76b122bd1b4cb5ea9a2d7b73424469a7a6ea44ee0e957fa37e8c8851d43,data/images/7cc8f76b122bd1b4cb5ea9a2d7b73424469a7a6ea44ee0e957fa37e8c8851d43.jpg,BACKGROUND:B3:uav-06/uav-06_t7.jpg,uav-06_t7.jpg,localization_background,,,1920,1080,,,,False,{},V,B3,uav-06,BACKGROUND:B3:uav-06/uav-06_t7.jpg,379.679303,@raw/03_第三批_20260908_1006_多火点/01_正式视频/无人机06_1581F7K3C254N00D16Y8/DJI_202609080946_003/DJI_20260908100628_0001_V.MP4
7ff135d3ab61242a08d70cf197d0545083c3c758813339d723a7f61cf5398852,data/images/7ff135d3ab61242a08d70cf197d0545083c3c758813339d723a7f61cf5398852.jpg,BACKGROUND:B3:uav-05/uav-05_t7.jpg,uav-05_t7.jpg,localization_background,,,1920,1080,,,,False,{},V,B3,uav-05,BACKGROUND:B3:uav-05/uav-05_t7.jpg,422.688933,@raw/03_第三批_20260908_1006_多火点/01_正式视频/无人机05_1581F7K3C251400CFB45/DJI_202609080957_004/DJI_20260908100545_0001_V.MP4
77c698e61dc66d5310f08f06b94790d647307ea09257c2dfa1d98936c4cab4a7,data/images/77c698e61dc66d5310f08f06b94790d647307ea09257c2dfa1d98936c4cab4a7.jpg,BACKGROUND:B3:uav-02/uav-02_t3.jpg,uav-02_t3.jpg,localization_background,,,1920,1080,,,,False,{},V,B3,uav-02,BACKGROUND:B3:uav-02/uav-02_t3.jpg,251.58465999999999,@raw/03_第三批_20260908_1006_多火点/01_正式视频/无人机02_1581F7K3C267500D2DQD/DJI_202609080957_005/DJI_20260908100606_0001_V.MP4
3700a2aec9ee96d2b934a5f79aff960bea5fcd039624ac8aea005469c068e52e,data/images/3700a2aec9ee96d2b934a5f79aff960bea5fcd039624ac8aea005469c068e52e.jpg,BACKGROUND:B3:uav-06/uav-06_t3.jpg,uav-06_t3.jpg,localization_background,,,1920,1080,,,,False,{},V,B3,uav-06,BACKGROUND:B3:uav-06/uav-06_t3.jpg,229.59602999999998,@raw/03_第三批_20260908_1006_多火点/01_正式视频/无人机06_1581F7K3C254N00D16Y8/DJI_202609080946_003/DJI_20260908100628_0001_V.MP4
76ca2435b355e3d62b95d58d53b3fcef182daf6c93c8598623f40752b1443b2c,data/images/76ca2435b355e3d62b95d58d53b3fcef182daf6c93c8598623f40752b1443b2c.jpg,BACKGROUND:B3:uav-02/uav-02_t5.jpg,uav-02_t5.jpg,localization_background,,,1920,1080,,,,False,{},V,B3,uav-02,BACKGROUND:B3:uav-02/uav-02_t5.jpg,326.62631600000003,@raw/03_第三批_20260908_1006_多火点/01_正式视频/无人机02_1581F7K3C267500D2DQD/DJI_202609080957_005/DJI_20260908100606_0001_V.MP4
03cfb09c24222e64560e1cfcf00e46a73e2348df1f70f21744c0f0c268b82fc3,data/images/03cfb09c24222e64560e1cfcf00e46a73e2348df1f70f21744c0f0c268b82fc3.jpg,BACKGROUND:B3:uav-06/uav-06_t5.jpg,uav-06_t5.jpg,localization_background,,,1920,1080,,,,False,{},V,B3,uav-06,BACKGROUND:B3:uav-06/uav-06_t5.jpg,304.63768600000003,@raw/03_第三批_20260908_1006_多火点/01_正式视频/无人机06_1581F7K3C254N00D16Y8/DJI_202609080946_003/DJI_20260908100628_0001_V.MP4
2b4e9719431a241934835b7493dd9a0e1776ba2aae395612a1dc7ab3cb214dd2,data/images/2b4e9719431a241934835b7493dd9a0e1776ba2aae395612a1dc7ab3cb214dd2.jpg,BACKGROUND:B3:uav-02/uav-02_t7.jpg,uav-02_t7.jpg,localization_background,,,1920,1080,,,,False,{},V,B3,uav-02,BACKGROUND:B3:uav-02/uav-02_t7.jpg,401.701303,@raw/03_第三批_20260908_1006_多火点/01_正式视频/无人机02_1581F7K3C267500D2DQD/DJI_202609080957_005/DJI_20260908100606_0001_V.MP4
0c75f80f888b228abb46b12646dfd3ee27ba07494d36f958bc0820447136f3bc,data/images/0c75f80f888b228abb46b12646dfd3ee27ba07494d36f958bc0820447136f3bc.jpg,BACKGROUND:B3:uav-04/uav-04_t3.jpg,uav-04_t3.jpg,localization_background,,,1920,1080,,,,False,{},V,B3,uav-04,BACKGROUND:B3:uav-04/uav-04_t3.jpg,269.569297,@raw/03_第三批_20260908_1006_多火点/01_正式视频/无人机04_1581F7K33258900AP021/DJI_202609080957_035/DJI_20260908100549_0001_V.MP4
37d12892cc4c04bc2f104d3bc0ecfbd11d2cab45b04de2323e387e9fc4e6914f,data/images/37d12892cc4c04bc2f104d3bc0ecfbd11d2cab45b04de2323e387e9fc4e6914f.jpg,BACKGROUND:B3:uav-04/uav-04_t5.jpg,uav-04_t5.jpg,localization_background,,,1920,1080,,,,False,{},V,B3,uav-04,BACKGROUND:B3:uav-04/uav-04_t5.jpg,344.644316,@raw/03_第三批_20260908_1006_多火点/01_正式视频/无人机04_1581F7K33258900AP021/DJI_202609080957_035/DJI_20260908100549_0001_V.MP4
b205bb8882af1818fef6ac71c1802ebdd4f860d041d13e75ce3d813330e5aa8a,data/images/b205bb8882af1818fef6ac71c1802ebdd4f860d041d13e75ce3d813330e5aa8a.jpg,BACKGROUND:B3:uav-04/uav-04_t7.jpg,uav-04_t7.jpg,localization_background,,,1920,1080,,,,False,{},V,B3,uav-04,BACKGROUND:B3:uav-04/uav-04_t7.jpg,419.685936,@raw/03_第三批_20260908_1006_多火点/01_正式视频/无人机04_1581F7K33258900AP021/DJI_202609080957_035/DJI_20260908100549_0001_V.MP4
e656c7aa9740d1c05095f7deff6770b8624f78cf41f65864fd4a85d257960f7a,data/images/e656c7aa9740d1c05095f7deff6770b8624f78cf41f65864fd4a85d257960f7a.jpg,BACKGROUND:B3:uav-05/uav-05_t3.jpg,uav-05_t3.jpg,localization_background,,,1920,1080,,,,False,{},V,B3,uav-05,BACKGROUND:B3:uav-05/uav-05_t3.jpg,272.572297,@raw/03_第三批_20260908_1006_多火点/01_正式视频/无人机05_1581F7K3C251400CFB45/DJI_202609080957_004/DJI_20260908100545_0001_V.MP4
d873fd91e4c44a7ecb6d96901bcfaa1824c5dbf31fb603ed15236537901b0203,data/images/d873fd91e4c44a7ecb6d96901bcfaa1824c5dbf31fb603ed15236537901b0203.jpg,BACKGROUND:B3:uav-05/uav-05_t5.jpg,uav-05_t5.jpg,localization_background,,,1920,1080,,,,False,{},V,B3,uav-05,BACKGROUND:B3:uav-05/uav-05_t5.jpg,347.64731600000005,@raw/03_第三批_20260908_1006_多火点/01_正式视频/无人机05_1581F7K3C251400CFB45/DJI_202609080957_004/DJI_20260908100545_0001_V.MP4
5da4d6bae593fdb172472e20cd305f9dd30e22196be5a3885edf1a9eb1c8157c,data/images/5da4d6bae593fdb172472e20cd305f9dd30e22196be5a3885edf1a9eb1c8157c.jpg,BACKGROUND:B4:uav-09/uav-09_t7.jpg,uav-09_t7.jpg,localization_background,,,1920,1080,,,,False,{},V,B4,uav-09,BACKGROUND:B4:uav-09/uav-09_t7.jpg,597.163247,@raw/04_第四批_20260908_1053_多火点与余热点/01_正式视频/无人机09_1581F7K3C24CS00AX535/DJI_202609081039_006/DJI_20260908105258_0002_V.MP4
3b0df8f914bcdeebe5adebe4e3f28fb097eef72b2eb5615348178a71db9b0608,data/images/3b0df8f914bcdeebe5adebe4e3f28fb097eef72b2eb5615348178a71db9b0608.jpg,BACKGROUND:B4:uav-02/uav-02_t3.jpg,uav-02_t3.jpg,localization_background,,,1920,1080,,,,False,{},V,B4,uav-02,BACKGROUND:B4:uav-02/uav-02_t3.jpg,252.08515,@raw/04_第四批_20260908_1053_多火点与余热点/01_正式视频/无人机02_1581F7K3C267500D2DQD/DJI_202609081040_006/DJI_20260908105306_0001_V.MP4
cf90d19098b4e542d39e1f3b4047667c545fc257e3faff8d50bddaf70c60a463,data/images/cf90d19098b4e542d39e1f3b4047667c545fc257e3faff8d50bddaf70c60a463.jpg,BACKGROUND:B4:uav-06/uav-06_t5.jpg,uav-06_t5.jpg,localization_background,,,1920,1080,,,,False,{},V,B4,uav-06,BACKGROUND:B4:uav-06/uav-06_t5.jpg,426.12570000000005,@raw/04_第四批_20260908_1053_多火点与余热点/01_正式视频/无人机06_1581F7K3C254N00D16Y8/DJI_202609081040_004/DJI_20260908105300_0001_V.MP4
ae561f71198649421f0ac78f341c3cf2d271d3565f12a29b2591fb2492aed6f9,data/images/ae561f71198649421f0ac78f341c3cf2d271d3565f12a29b2591fb2492aed6f9.jpg,BACKGROUND:B4:uav-02/uav-02_t5.jpg,uav-02_t5.jpg,localization_background,,,1920,1080,,,,False,{},V,B4,uav-02,BACKGROUND:B4:uav-02/uav-02_t5.jpg,420.1197,@raw/04_第四批_20260908_1053_多火点与余热点/01_正式视频/无人机02_1581F7K3C267500D2DQD/DJI_202609081040_006/DJI_20260908105306_0001_V.MP4
85aee5c49125be67839a1bdf61209293ddf6d780e3e5c285bcf89690c0f37a57,data/images/85aee5c49125be67839a1bdf61209293ddf6d780e3e5c285bcf89690c0f37a57.jpg,BACKGROUND:B4:uav-02/uav-02_t7.jpg,uav-02_t7.jpg,localization_background,,,1920,1080,,,,False,{},V,B4,uav-02,BACKGROUND:B4:uav-02/uav-02_t7.jpg,588.18761,@raw/04_第四批_20260908_1053_多火点与余热点/01_正式视频/无人机02_1581F7K3C267500D2DQD/DJI_202609081040_006/DJI_20260908105306_0001_V.MP4
58dad86ddd01126980f031a01099d7393ba317b2284bdf1448108fdccb784ace,data/images/58dad86ddd01126980f031a01099d7393ba317b2284bdf1448108fdccb784ace.jpg,BACKGROUND:B4:uav-07/uav-07_t3.jpg,uav-07_t3.jpg,localization_background,,,1920,1080,,,,False,{},V,B4,uav-07,BACKGROUND:B4:uav-07/uav-07_t3.jpg,260.05978700000003,@raw/04_第四批_20260908_1053_多火点与余热点/01_正式视频/无人机07_1581F7K3325B100AS0AG/DJI_202609081048_005/DJI_20260908105258_0001_V.MP4
9811a713df7b659aca39351bd97c301efd1ae520b74d1850c170c2a3f551dd67,data/images/9811a713df7b659aca39351bd97c301efd1ae520b74d1850c170c2a3f551dd67.jpg,BACKGROUND:B4:uav-06/uav-06_t3.jpg,uav-06_t3.jpg,localization_background,,,1920,1080,,,,False,{},V,B4,uav-06,BACKGROUND:B4:uav-06/uav-06_t3.jpg,258.09115,@raw/04_第四批_20260908_1053_多火点与余热点/01_正式视频/无人机06_1581F7K3C254N00D16Y8/DJI_202609081040_004/DJI_20260908105300_0001_V.MP4
d3fd79e5867ae1fae4510668e2c895fae6e533ca0e1758133cf0ed90d28d99ff,data/images/d3fd79e5867ae1fae4510668e2c895fae6e533ca0e1758133cf0ed90d28d99ff.jpg,BACKGROUND:B4:uav-07/uav-07_t5.jpg,uav-07_t5.jpg,localization_background,,,1920,1080,,,,False,{},V,B4,uav-07,BACKGROUND:B4:uav-07/uav-07_t5.jpg,428.1277,@raw/04_第四批_20260908_1053_多火点与余热点/01_正式视频/无人机07_1581F7K3325B100AS0AG/DJI_202609081048_005/DJI_20260908105258_0001_V.MP4
29a0c0bd986e4dd0fb5130117046c8e59e069e298895644eaf81b4f7863adcd8,data/images/29a0c0bd986e4dd0fb5130117046c8e59e069e298895644eaf81b4f7863adcd8.jpg,BACKGROUND:B4:uav-07/uav-07_t7.jpg,uav-07_t7.jpg,localization_background,,,1920,1080,,,,False,{},V,B4,uav-07,BACKGROUND:B4:uav-07/uav-07_t7.jpg,596.162247,@raw/04_第四批_20260908_1053_多火点与余热点/01_正式视频/无人机07_1581F7K3325B100AS0AG/DJI_202609081048_005/DJI_20260908105258_0001_V.MP4
23abb40f0a254fb85e61ee22f3abb4ea181f2861012f3ad162a9f248088ff33c,data/images/23abb40f0a254fb85e61ee22f3abb4ea181f2861012f3ad162a9f248088ff33c.jpg,BACKGROUND:B4:uav-08/uav-08_t3.jpg,uav-08_t3.jpg,localization_background,,,1920,1080,,,,False,{},V,B4,uav-08,BACKGROUND:B4:uav-08/uav-08_t3.jpg,261.060787,@raw/04_第四批_20260908_1053_多火点与余热点/01_正式视频/无人机08_1581F7K3C256N00DCP1T/DJI_202609081036_005/DJI_20260908105257_0001_V.MP4
9572e2544fecb882c3374721b328a8069f99ef81ccd6ea88db303a5337ef38dd,data/images/9572e2544fecb882c3374721b328a8069f99ef81ccd6ea88db303a5337ef38dd.jpg,BACKGROUND:B4:uav-08/uav-08_t5.jpg,uav-08_t5.jpg,localization_background,,,1920,1080,,,,False,{},V,B4,uav-08,BACKGROUND:B4:uav-08/uav-08_t5.jpg,429.12870000000004,@raw/04_第四批_20260908_1053_多火点与余热点/01_正式视频/无人机08_1581F7K3C256N00DCP1T/DJI_202609081036_005/DJI_20260908105257_0001_V.MP4
5fccef5fcf9aebce5b53f307cf6dbd2a395f5d7ac59d10bf7d4fb7e139a1ad30,data/images/5fccef5fcf9aebce5b53f307cf6dbd2a395f5d7ac59d10bf7d4fb7e139a1ad30.jpg,BACKGROUND:B4:uav-08/uav-08_t7.jpg,uav-08_t7.jpg,localization_background,,,1920,1080,,,,False,{},V,B4,uav-08,BACKGROUND:B4:uav-08/uav-08_t7.jpg,597.163247,@raw/04_第四批_20260908_1053_多火点与余热点/01_正式视频/无人机08_1581F7K3C256N00DCP1T/DJI_202609081036_005/DJI_20260908105257_0001_V.MP4
074fb6951b2d383313334c488949cefc3f64b01f6d0633ed882823b39fa4441f,data/images/074fb6951b2d383313334c488949cefc3f64b01f6d0633ed882823b39fa4441f.jpg,BACKGROUND:B4:uav-09/uav-09_t3.jpg,uav-09_t3.jpg,localization_background,,,1920,1080,,,,False,{},V,B4,uav-09,BACKGROUND:B4:uav-09/uav-09_t3.jpg,261.060787,@raw/04_第四批_20260908_1053_多火点与余热点/01_正式视频/无人机09_1581F7K3C24CS00AX535/DJI_202609081039_006/DJI_20260908105258_0002_V.MP4
4e0a312674b4b3d6e69b949fd5ec198348458abb9c70764248fcef22bde3fdb6,data/images/4e0a312674b4b3d6e69b949fd5ec198348458abb9c70764248fcef22bde3fdb6.jpg,BACKGROUND:B4:uav-09/uav-09_t5.jpg,uav-09_t5.jpg,localization_background,,,1920,1080,,,,False,{},V,B4,uav-09,BACKGROUND:B4:uav-09/uav-09_t5.jpg,429.12870000000004,@raw/04_第四批_20260908_1053_多火点与余热点/01_正式视频/无人机09_1581F7K3C24CS00AX535/DJI_202609081039_006/DJI_20260908105258_0002_V.MP4
