batch,event,moment_utc,moment_index,physical_source_id_if_known,simultaneous_uav_count,vt_stream_uav_count,usable_uav_count,visible_source_count,telemetry_stream_count,telemetry_complete_count,camera_modes,uavs,notes
B1,B1_formal_fire_event,2026-09-07T08:01:53+00:00,0,,1,1,0,,1,,,uav-06,video-level temporal/channel overlap only; source point and framewise S quality unknown
B1,B1_formal_fire_event,2026-09-07T08:02:23+00:00,1,,7,7,0,,7,,,uav-01|uav-02|uav-04|uav-06|uav-07|uav-08|uav-09,video-level temporal/channel overlap only; source point and framewise S quality unknown
B1,B1_formal_fire_event,2026-09-07T08:02:53+00:00,2,,7,7,0,,7,,,uav-01|uav-02|uav-04|uav-06|uav-07|uav-08|uav-09,video-level temporal/channel overlap only; source point and framewise S quality unknown
B1,B1_formal_fire_event,2026-09-07T08:03:23+00:00,3,,7,7,0,,7,,,uav-01|uav-02|uav-04|uav-06|uav-07|uav-08|uav-09,video-level temporal/channel overlap only; source point and framewise S quality unknown
B1,B1_formal_fire_event,2026-09-07T08:03:53+00:00,4,,7,7,0,,7,,,uav-01|uav-02|uav-04|uav-06|uav-07|uav-08|uav-09,video-level temporal/channel overlap only; source point and framewise S quality unknown
B1,B1_formal_fire_event,2026-09-07T08:04:23+00:00,5,,7,7,0,,7,,,uav-01|uav-02|uav-04|uav-06|uav-07|uav-08|uav-09,video-level temporal/channel overlap only; source point and framewise S quality unknown
B1,B1_formal_fire_event,2026-09-07T08:04:53+00:00,6,,7,7,0,,7,,,uav-01|uav-02|uav-04|uav-06|uav-07|uav-08|uav-09,video-level temporal/channel overlap only; source point and framewise S quality unknown
B1,B1_formal_fire_event,2026-09-07T08:05:23+00:00,7,,7,7,0,,7,,,uav-01|uav-02|uav-04|uav-06|uav-07|uav-08|uav-09,video-level temporal/channel overlap only; source point and framewise S quality unknown
B1,B1_formal_fire_event,2026-09-07T08:05:53+00:00,8,,7,7,0,,7,,,uav-01|uav-02|uav-04|uav-06|uav-07|uav-08|uav-09,video-level temporal/channel overlap only; source point and framewise S quality unknown
B1,B1_formal_fire_event,2026-09-07T08:06:23+00:00,9,,7,7,0,,7,,,uav-01|uav-02|uav-04|uav-06|uav-07|uav-08|uav-09,video-level temporal/channel overlap only; source point and framewise S quality unknown
B1,B1_formal_fire_event,2026-09-07T08:06:53+00:00,10,,7,7,0,,7,,,uav-01|uav-02|uav-04|uav-06|uav-07|uav-08|uav-09,video-level temporal/channel overlap only; source point and framewise S quality unknown
B1,B1_formal_fire_event,2026-09-07T08:07:23+00:00,11,,7,7,0,,7,,,uav-01|uav-02|uav-04|uav-06|uav-07|uav-08|uav-09,video-level temporal/channel overlap only; source point and framewise S quality unknown
B1,B1_formal_fire_event,2026-09-07T08:07:53+00:00,12,,7,7,0,,7,,,uav-01|uav-02|uav-04|uav-06|uav-07|uav-08|uav-09,video-level temporal/channel overlap only; source point and framewise S quality unknown
B1,B1_formal_fire_event,2026-09-07T08:08:23+00:00,13,,7,7,0,,7,,,uav-01|uav-02|uav-04|uav-06|uav-07|uav-08|uav-09,video-level temporal/channel overlap only; source point and framewise S quality unknown
B1,B1_formal_fire_event,2026-09-07T08:08:53+00:00,14,,7,7,0,,7,,,uav-01|uav-02|uav-04|uav-06|uav-07|uav-08|uav-09,video-level temporal/channel overlap only; source point and framewise S quality unknown
B1,B1_formal_fire_event,2026-09-07T08:09:23+00:00,15,,7,7,0,,7,,,uav-01|uav-02|uav-04|uav-06|uav-07|uav-08|uav-09,video-level temporal/channel overlap only; source point and framewise S quality unknown
B1,B1_formal_fire_event,2026-09-07T08:09:53+00:00,16,,7,7,0,,7,,,uav-01|uav-02|uav-04|uav-06|uav-07|uav-08|uav-09,video-level temporal/channel overlap only; source point and framewise S quality unknown
B1,B1_formal_fire_event,2026-09-07T08:10:23+00:00,17,,7,7,0,,7,,,uav-01|uav-02|uav-04|uav-06|uav-07|uav-08|uav-09,video-level temporal/channel overlap only; source point and framewise S quality unknown
B1,B1_formal_fire_event,2026-09-07T08:10:53+00:00,18,,7,7,0,,7,,,uav-01|uav-02|uav-04|uav-06|uav-07|uav-08|uav-09,video-level temporal/channel overlap only; source point and framewise S quality unknown
B1,B1_formal_fire_event,2026-09-07T08:11:23+00:00,19,,7,7,0,,7,,,uav-01|uav-02|uav-04|uav-06|uav-07|uav-08|uav-09,video-level temporal/channel overlap only; source point and framewise S quality unknown
B1,B1_formal_fire_event,2026-09-07T08:11:53+00:00,20,,7,7,0,,7,,,uav-01|uav-02|uav-04|uav-06|uav-07|uav-08|uav-09,video-level temporal/channel overlap only; source point and framewise S quality unknown
B1,B1_formal_fire_event,2026-09-07T08:12:23+00:00,21,,7,7,0,,7,,,uav-01|uav-02|uav-04|uav-06|uav-07|uav-08|uav-09,video-level temporal/channel overlap only; source point and framewise S quality unknown
B1,B1_formal_fire_event,2026-09-07T08:12:53+00:00,22,,7,7,0,,7,,,uav-01|uav-02|uav-04|uav-06|uav-07|uav-08|uav-09,video-level temporal/channel overlap only; source point and framewise S quality unknown
B1,B1_formal_fire_event,2026-09-07T08:13:23+00:00,23,,7,7,0,,7,,,uav-01|uav-02|uav-04|uav-06|uav-07|uav-08|uav-09,video-level temporal/channel overlap only; source point and framewise S quality unknown
B1,B1_formal_fire_event,2026-09-07T08:13:53+00:00,24,,7,7,0,,7,,,uav-01|uav-02|uav-04|uav-06|uav-07|uav-08|uav-09,video-level temporal/channel overlap only; source point and framewise S quality unknown
B1,B1_formal_fire_event,2026-09-07T08:14:23+00:00,25,,7,7,0,,7,,,uav-01|uav-02|uav-04|uav-06|uav-07|uav-08|uav-09,video-level temporal/channel overlap only; source point and framewise S quality unknown
B1,B1_formal_fire_event,2026-09-07T08:14:53+00:00,26,,7,7,0,,7,,,uav-01|uav-02|uav-04|uav-06|uav-07|uav-08|uav-09,video-level temporal/channel overlap only; source point and framewise S quality unknown
B1,B1_formal_fire_event,2026-09-07T08:15:23+00:00,27,,7,7,0,,7,,,uav-01|uav-02|uav-04|uav-06|uav-07|uav-08|uav-09,video-level temporal/channel overlap only; source point and framewise S quality unknown
B1,B1_formal_fire_event,2026-09-07T08:15:53+00:00,28,,7,7,0,,7,,,uav-01|uav-02|uav-04|uav-06|uav-07|uav-08|uav-09,video-level temporal/channel overlap only; source point and framewise S quality unknown
B1,B1_formal_fire_event,2026-09-07T08:16:23+00:00,29,,7,7,0,,7,,,uav-01|uav-02|uav-04|uav-06|uav-07|uav-08|uav-09,video-level temporal/channel overlap only; source point and framewise S quality unknown
B1,B1_formal_fire_event,2026-09-07T08:16:53+00:00,30,,7,7,0,,7,,,uav-01|uav-02|uav-04|uav-06|uav-07|uav-08|uav-09,video-level temporal/channel overlap only; source point and framewise S quality unknown
B1,B1_formal_fire_event,2026-09-07T08:17:23+00:00,31,,2,2,0,,2,,,uav-07|uav-08,video-level temporal/channel overlap only; source point and framewise S quality unknown
B1,B1_formal_fire_event,2026-09-07T08:17:53+00:00,32,,2,2,0,,2,,,uav-07|uav-08,video-level temporal/channel overlap only; source point and framewise S quality unknown
B1,B1_formal_fire_event,2026-09-07T08:18:23+00:00,33,,2,2,0,,2,,,uav-07|uav-08,video-level temporal/channel overlap only; source point and framewise S quality unknown
B1,B1_formal_fire_event,2026-09-07T08:18:53+00:00,34,,1,1,0,,1,,,uav-07,video-level temporal/channel overlap only; source point and framewise S quality unknown
B1,B1_formal_fire_event,2026-09-07T08:19:23+00:00,35,,1,1,0,,1,,,uav-07,video-level temporal/channel overlap only; source point and framewise S quality unknown
B1,B1_formal_fire_event,2026-09-07T08:19:53+00:00,36,,1,1,0,,1,,,uav-07,video-level temporal/channel overlap only; source point and framewise S quality unknown
B2,B2_formal_fire_event,2026-09-08T01:24:22+00:00,0,,1,1,0,,1,,,uav-02,video-level temporal/channel overlap only; source point and framewise S quality unknown
B2,B2_formal_fire_event,2026-09-08T01:24:52+00:00,1,,8,8,0,,8,,,uav-01|uav-02|uav-04|uav-05|uav-06|uav-07|uav-08|uav-09,video-level temporal/channel overlap only; source point and framewise S quality unknown
B2,B2_formal_fire_event,2026-09-08T01:25:22+00:00,2,,9,9,0,,9,,,uav-01|uav-02|uav-03|uav-04|uav-05|uav-06|uav-07|uav-08|uav-09,video-level temporal/channel overlap only; source point and framewise S quality unknown
B2,B2_formal_fire_event,2026-09-08T01:25:52+00:00,3,,9,9,0,,9,,,uav-01|uav-02|uav-03|uav-04|uav-05|uav-06|uav-07|uav-08|uav-09,video-level temporal/channel overlap only; source point and framewise S quality unknown
B2,B2_formal_fire_event,2026-09-08T01:26:22+00:00,4,,9,9,0,,9,,,uav-01|uav-02|uav-03|uav-04|uav-05|uav-06|uav-07|uav-08|uav-09,video-level temporal/channel overlap only; source point and framewise S quality unknown
B2,B2_formal_fire_event,2026-09-08T01:26:52+00:00,5,,9,9,0,,9,,,uav-01|uav-02|uav-03|uav-04|uav-05|uav-06|uav-07|uav-08|uav-09,video-level temporal/channel overlap only; source point and framewise S quality unknown
B2,B2_formal_fire_event,2026-09-08T01:27:22+00:00,6,,9,9,0,,9,,,uav-01|uav-02|uav-03|uav-04|uav-05|uav-06|uav-07|uav-08|uav-09,video-level temporal/channel overlap only; source point and framewise S quality unknown
B2,B2_formal_fire_event,2026-09-08T01:27:52+00:00,7,,9,9,0,,9,,,uav-01|uav-02|uav-03|uav-04|uav-05|uav-06|uav-07|uav-08|uav-09,video-level temporal/channel overlap only; source point and framewise S quality unknown
B2,B2_formal_fire_event,2026-09-08T01:28:22+00:00,8,,9,9,0,,9,,,uav-01|uav-02|uav-03|uav-04|uav-05|uav-06|uav-07|uav-08|uav-09,video-level temporal/channel overlap only; source point and framewise S quality unknown
B2,B2_formal_fire_event,2026-09-08T01:28:52+00:00,9,,9,9,0,,9,,,uav-01|uav-02|uav-03|uav-04|uav-05|uav-06|uav-07|uav-08|uav-09,video-level temporal/channel overlap only; source point and framewise S quality unknown
B2,B2_formal_fire_event,2026-09-08T01:29:22+00:00,10,,9,9,0,,9,,,uav-01|uav-02|uav-03|uav-04|uav-05|uav-06|uav-07|uav-08|uav-09,video-level temporal/channel overlap only; source point and framewise S quality unknown
B2,B2_formal_fire_event,2026-09-08T01:29:52+00:00,11,,9,9,0,,9,,,uav-01|uav-02|uav-03|uav-04|uav-05|uav-06|uav-07|uav-08|uav-09,video-level temporal/channel overlap only; source point and framewise S quality unknown
B2,B2_formal_fire_event,2026-09-08T01:30:22+00:00,12,,9,9,0,,9,,,uav-01|uav-02|uav-03|uav-04|uav-05|uav-06|uav-07|uav-08|uav-09,video-level temporal/channel overlap only; source point and framewise S quality unknown
B2,B2_formal_fire_event,2026-09-08T01:30:52+00:00,13,,9,9,0,,9,,,uav-01|uav-02|uav-03|uav-04|uav-05|uav-06|uav-07|uav-08|uav-09,video-level temporal/channel overlap only; source point and framewise S quality unknown
B2,B2_formal_fire_event,2026-09-08T01:31:22+00:00,14,,9,9,0,,9,,,uav-01|uav-02|uav-03|uav-04|uav-05|uav-06|uav-07|uav-08|uav-09,video-level temporal/channel overlap only; source point and framewise S quality unknown
B2,B2_formal_fire_event,2026-09-08T01:31:52+00:00,15,,9,9,0,,9,,,uav-01|uav-02|uav-03|uav-04|uav-05|uav-06|uav-07|uav-08|uav-09,video-level temporal/channel overlap only; source point and framewise S quality unknown
B2,B2_formal_fire_event,2026-09-08T01:32:22+00:00,16,,9,9,0,,9,,,uav-01|uav-02|uav-03|uav-04|uav-05|uav-06|uav-07|uav-08|uav-09,video-level temporal/channel overlap only; source point and framewise S quality unknown
B2,B2_formal_fire_event,2026-09-08T01:32:52+00:00,17,,9,9,0,,9,,,uav-01|uav-02|uav-03|uav-04|uav-05|uav-06|uav-07|uav-08|uav-09,video-level temporal/channel overlap only; source point and framewise S quality unknown
B2,B2_formal_fire_event,2026-09-08T01:33:22+00:00,18,,9,9,0,,9,,,uav-01|uav-02|uav-03|uav-04|uav-05|uav-06|uav-07|uav-08|uav-09,video-level temporal/channel overlap only; source point and framewise S quality unknown
B2,B2_formal_fire_event,2026-09-08T01:33:52+00:00,19,,9,9,0,,9,,,uav-01|uav-02|uav-03|uav-04|uav-05|uav-06|uav-07|uav-08|uav-09,video-level temporal/channel overlap only; source point and framewise S quality unknown
B2,B2_formal_fire_event,2026-09-08T01:34:22+00:00,20,,9,9,0,,9,,,uav-01|uav-02|uav-03|uav-04|uav-05|uav-06|uav-07|uav-08|uav-09,video-level temporal/channel overlap only; source point and framewise S quality unknown
B2,B2_formal_fire_event,2026-09-08T01:34:52+00:00,21,,9,9,0,,9,,,uav-01|uav-02|uav-03|uav-04|uav-05|uav-06|uav-07|uav-08|uav-09,video-level temporal/channel overlap only; source point and framewise S quality unknown
B2,B2_formal_fire_event,2026-09-08T01:35:22+00:00,22,,9,9,0,,9,,,uav-01|uav-02|uav-03|uav-04|uav-05|uav-06|uav-07|uav-08|uav-09,video-level temporal/channel overlap only; source point and framewise S quality unknown
B2,B2_formal_fire_event,2026-09-08T01:35:52+00:00,23,,9,9,0,,9,,,uav-01|uav-02|uav-03|uav-04|uav-05|uav-06|uav-07|uav-08|uav-09,video-level temporal/channel overlap only; source point and framewise S quality unknown
B2,B2_formal_fire_event,2026-09-08T01:36:22+00:00,24,,9,9,0,,9,,,uav-01|uav-02|uav-03|uav-04|uav-05|uav-06|uav-07|uav-08|uav-09,video-level temporal/channel overlap only; source point and framewise S quality unknown
B2,B2_formal_fire_event,2026-09-08T01:36:52+00:00,25,,9,9,0,,9,,,uav-01|uav-02|uav-03|uav-04|uav-05|uav-06|uav-07|uav-08|uav-09,video-level temporal/channel overlap only; source point and framewise S quality unknown
B2,B2_formal_fire_event,2026-09-08T01:37:22+00:00,26,,9,9,0,,9,,,uav-01|uav-02|uav-03|uav-04|uav-05|uav-06|uav-07|uav-08|uav-09,video-level temporal/channel overlap only; source point and framewise S quality unknown
B2,B2_formal_fire_event,2026-09-08T01:37:52+00:00,27,,9,9,0,,9,,,uav-01|uav-02|uav-03|uav-04|uav-05|uav-06|uav-07|uav-08|uav-09,video-level temporal/channel overlap only; source point and framewise S quality unknown
B2,B2_formal_fire_event,2026-09-08T01:38:22+00:00,28,,9,9,0,,9,,,uav-01|uav-02|uav-03|uav-04|uav-05|uav-06|uav-07|uav-08|uav-09,video-level temporal/channel overlap only; source point and framewise S quality unknown
B2,B2_formal_fire_event,2026-09-08T01:38:52+00:00,29,,9,9,0,,9,,,uav-01|uav-02|uav-03|uav-04|uav-05|uav-06|uav-07|uav-08|uav-09,video-level temporal/channel overlap only; source point and framewise S quality unknown
B2,B2_formal_fire_event,2026-09-08T01:39:22+00:00,30,,9,9,0,,9,,,uav-01|uav-02|uav-03|uav-04|uav-05|uav-06|uav-07|uav-08|uav-09,video-level temporal/channel overlap only; source point and framewise S quality unknown
B2,B2_formal_fire_event,2026-09-08T01:39:52+00:00,31,,9,9,0,,9,,,uav-01|uav-02|uav-03|uav-04|uav-05|uav-06|uav-07|uav-08|uav-09,video-level temporal/channel overlap only; source point and framewise S quality unknown
B2,B2_formal_fire_event,2026-09-08T01:40:22+00:00,32,,9,9,0,,9,,,uav-01|uav-02|uav-03|uav-04|uav-05|uav-06|uav-07|uav-08|uav-09,video-level temporal/channel overlap only; source point and framewise S quality unknown
B2,B2_formal_fire_event,2026-09-08T01:40:52+00:00,33,,9,9,0,,9,,,uav-01|uav-02|uav-03|uav-04|uav-05|uav-06|uav-07|uav-08|uav-09,video-level temporal/channel overlap only; source point and framewise S quality unknown
B2,B2_formal_fire_event,2026-09-08T01:41:22+00:00,34,,2,2,0,,2,,,uav-03|uav-08,video-level temporal/channel overlap only; source point and framewise S quality unknown
B2,B2_formal_fire_event,2026-09-08T01:41:52+00:00,35,,1,1,0,,1,,,uav-08,video-level temporal/channel overlap only; source point and framewise S quality unknown
B2,B2_formal_fire_event,2026-09-08T01:42:22+00:00,36,,1,1,0,,1,,,uav-08,video-level temporal/channel overlap only; source point and framewise S quality unknown
B3,B3_formal_fire_event,2026-09-08T02:05:46+00:00,0,,1,1,0,,1,,,uav-05,video-level temporal/channel overlap only; source point and framewise S quality unknown
B3,B3_formal_fire_event,2026-09-08T02:06:16+00:00,1,,6,6,0,,6,,,uav-02|uav-03|uav-04|uav-05|uav-08|uav-09,video-level temporal/channel overlap only; source point and framewise S quality unknown
B3,B3_formal_fire_event,2026-09-08T02:06:46+00:00,2,,8,7,0,,7,,,uav-02|uav-03|uav-04|uav-05|uav-07|uav-08|uav-09,video-level temporal/channel overlap only; source point and framewise S quality unknown
B3,B3_formal_fire_event,2026-09-08T02:07:16+00:00,3,,8,7,0,,7,,,uav-02|uav-03|uav-04|uav-05|uav-07|uav-08|uav-09,video-level temporal/channel overlap only; source point and framewise S quality unknown
B3,B3_formal_fire_event,2026-09-08T02:07:46+00:00,4,,8,7,0,,7,,,uav-02|uav-03|uav-04|uav-05|uav-07|uav-08|uav-09,video-level temporal/channel overlap only; source point and framewise S quality unknown
B3,B3_formal_fire_event,2026-09-08T02:08:16+00:00,5,,8,7,0,,7,,,uav-02|uav-03|uav-04|uav-05|uav-07|uav-08|uav-09,video-level temporal/channel overlap only; source point and framewise S quality unknown
B3,B3_formal_fire_event,2026-09-08T02:08:46+00:00,6,,9,8,0,,8,,,uav-01|uav-02|uav-03|uav-04|uav-05|uav-07|uav-08|uav-09,video-level temporal/channel overlap only; source point and framewise S quality unknown
B3,B3_formal_fire_event,2026-09-08T02:09:16+00:00,7,,9,8,0,,8,,,uav-01|uav-02|uav-03|uav-04|uav-05|uav-07|uav-08|uav-09,video-level temporal/channel overlap only; source point and framewise S quality unknown
B3,B3_formal_fire_event,2026-09-08T02:09:46+00:00,8,,9,8,0,,8,,,uav-01|uav-02|uav-03|uav-04|uav-05|uav-07|uav-08|uav-09,video-level temporal/channel overlap only; source point and framewise S quality unknown
B3,B3_formal_fire_event,2026-09-08T02:10:16+00:00,9,,9,8,0,,8,,,uav-01|uav-02|uav-03|uav-04|uav-05|uav-07|uav-08|uav-09,video-level temporal/channel overlap only; source point and framewise S quality unknown
B3,B3_formal_fire_event,2026-09-08T02:10:46+00:00,10,,9,8,0,,8,,,uav-01|uav-02|uav-03|uav-04|uav-05|uav-07|uav-08|uav-09,video-level temporal/channel overlap only; source point and framewise S quality unknown
B3,B3_formal_fire_event,2026-09-08T02:11:16+00:00,11,,9,8,0,,8,,,uav-01|uav-02|uav-03|uav-04|uav-05|uav-07|uav-08|uav-09,video-level temporal/channel overlap only; source point and framewise S quality unknown
B3,B3_formal_fire_event,2026-09-08T02:11:46+00:00,12,,9,8,0,,8,,,uav-01|uav-02|uav-03|uav-04|uav-05|uav-07|uav-08|uav-09,video-level temporal/channel overlap only; source point and framewise S quality unknown
B3,B3_formal_fire_event,2026-09-08T02:12:16+00:00,13,,9,8,0,,8,,,uav-01|uav-02|uav-03|uav-04|uav-05|uav-07|uav-08|uav-09,video-level temporal/channel overlap only; source point and framewise S quality unknown
B3,B3_formal_fire_event,2026-09-08T02:12:46+00:00,14,,9,8,0,,8,,,uav-01|uav-02|uav-03|uav-04|uav-05|uav-07|uav-08|uav-09,video-level temporal/channel overlap only; source point and framewise S quality unknown
B3,B3_formal_fire_event,2026-09-08T02:13:16+00:00,15,,9,8,0,,8,,,uav-01|uav-02|uav-03|uav-04|uav-05|uav-07|uav-08|uav-09,video-level temporal/channel overlap only; source point and framewise S quality unknown
B3,B3_formal_fire_event,2026-09-08T02:13:46+00:00,16,,9,8,0,,8,,,uav-01|uav-02|uav-03|uav-04|uav-05|uav-07|uav-08|uav-09,video-level temporal/channel overlap only; source point and framewise S quality unknown
B3,B3_formal_fire_event,2026-09-08T02:14:16+00:00,17,,9,8,0,,8,,,uav-01|uav-02|uav-03|uav-04|uav-05|uav-07|uav-08|uav-09,video-level temporal/channel overlap only; source point and framewise S quality unknown
B3,B3_formal_fire_event,2026-09-08T02:14:46+00:00,18,,8,7,0,,7,,,uav-01|uav-02|uav-03|uav-04|uav-05|uav-08|uav-09,video-level temporal/channel overlap only; source point and framewise S quality unknown
B3,B3_formal_fire_event,2026-09-08T02:15:16+00:00,19,,8,7,0,,7,,,uav-01|uav-02|uav-03|uav-04|uav-05|uav-08|uav-09,video-level temporal/channel overlap only; source point and framewise S quality unknown
B3,B3_formal_fire_event,2026-09-08T02:15:46+00:00,20,,8,7,0,,7,,,uav-01|uav-02|uav-03|uav-04|uav-05|uav-08|uav-09,video-level temporal/channel overlap only; source point and framewise S quality unknown
B3,B3_formal_fire_event,2026-09-08T02:16:16+00:00,21,,8,7,0,,7,,,uav-01|uav-02|uav-03|uav-04|uav-05|uav-08|uav-09,video-level temporal/channel overlap only; source point and framewise S quality unknown
B3,B3_formal_fire_event,2026-09-08T02:16:46+00:00,22,,8,7,0,,7,,,uav-01|uav-02|uav-03|uav-04|uav-05|uav-08|uav-09,video-level temporal/channel overlap only; source point and framewise S quality unknown
B3,B3_formal_fire_event,2026-09-08T02:17:16+00:00,23,,8,7,0,,7,,,uav-01|uav-02|uav-03|uav-04|uav-05|uav-08|uav-09,video-level temporal/channel overlap only; source point and framewise S quality unknown
B3,B3_formal_fire_event,2026-09-08T02:17:46+00:00,24,,8,7,0,,7,,,uav-01|uav-02|uav-03|uav-04|uav-05|uav-08|uav-09,video-level temporal/channel overlap only; source point and framewise S quality unknown
B3,B3_formal_fire_event,2026-09-08T02:18:16+00:00,25,,8,7,0,,7,,,uav-01|uav-02|uav-03|uav-04|uav-05|uav-08|uav-09,video-level temporal/channel overlap only; source point and framewise S quality unknown
B3,B3_formal_fire_event,2026-09-08T02:18:46+00:00,26,,8,7,0,,7,,,uav-01|uav-02|uav-03|uav-04|uav-05|uav-08|uav-09,video-level temporal/channel overlap only; source point and framewise S quality unknown
B3,B3_formal_fire_event,2026-09-08T02:19:16+00:00,27,,6,6,0,,6,,,uav-01|uav-02|uav-03|uav-04|uav-05|uav-09,video-level temporal/channel overlap only; source point and framewise S quality unknown
B3,B3_formal_fire_event,2026-09-08T02:19:46+00:00,28,,6,6,0,,6,,,uav-01|uav-02|uav-03|uav-04|uav-05|uav-09,video-level temporal/channel overlap only; source point and framewise S quality unknown
B3,B3_formal_fire_event,2026-09-08T02:20:16+00:00,29,,4,4,0,,4,,,uav-02|uav-04|uav-05|uav-09,video-level temporal/channel overlap only; source point and framewise S quality unknown
B3,B3_formal_fire_event,2026-09-08T02:20:46+00:00,30,,1,1,0,,1,,,uav-09,video-level temporal/channel overlap only; source point and framewise S quality unknown
B3,B3_formal_fire_event,2026-09-08T02:21:16+00:00,31,,1,1,0,,1,,,uav-09,video-level temporal/channel overlap only; source point and framewise S quality unknown
B4,B4_formal_fire_event,2026-09-08T02:52:49+00:00,0,,1,1,0,,1,,,uav-01,video-level temporal/channel overlap only; source point and framewise S quality unknown
B4,B4_formal_fire_event,2026-09-08T02:53:19+00:00,1,,9,9,0,,9,,,uav-01|uav-02|uav-03|uav-04|uav-05|uav-06|uav-07|uav-08|uav-09,video-level temporal/channel overlap only; source point and framewise S quality unknown
B4,B4_formal_fire_event,2026-09-08T02:53:49+00:00,2,,9,9,0,,9,,,uav-01|uav-02|uav-03|uav-04|uav-05|uav-06|uav-07|uav-08|uav-09,video-level temporal/channel overlap only; source point and framewise S quality unknown
B4,B4_formal_fire_event,2026-09-08T02:54:19+00:00,3,,9,9,0,,9,,,uav-01|uav-02|uav-03|uav-04|uav-05|uav-06|uav-07|uav-08|uav-09,video-level temporal/channel overlap only; source point and framewise S quality unknown
B4,B4_formal_fire_event,2026-09-08T02:54:49+00:00,4,,9,9,0,,9,,,uav-01|uav-02|uav-03|uav-04|uav-05|uav-06|uav-07|uav-08|uav-09,video-level temporal/channel overlap only; source point and framewise S quality unknown
B4,B4_formal_fire_event,2026-09-08T02:55:19+00:00,5,,9,9,0,,9,,,uav-01|uav-02|uav-03|uav-04|uav-05|uav-06|uav-07|uav-08|uav-09,video-level temporal/channel overlap only; source point and framewise S quality unknown
B4,B4_formal_fire_event,2026-09-08T02:55:49+00:00,6,,9,9,0,,9,,,uav-01|uav-02|uav-03|uav-04|uav-05|uav-06|uav-07|uav-08|uav-09,video-level temporal/channel overlap only; source point and framewise S quality unknown
B4,B4_formal_fire_event,2026-09-08T02:56:19+00:00,7,,9,9,0,,9,,,uav-01|uav-02|uav-03|uav-04|uav-05|uav-06|uav-07|uav-08|uav-09,video-level temporal/channel overlap only; source point and framewise S quality unknown
B4,B4_formal_fire_event,2026-09-08T02:56:49+00:00,8,,9,9,0,,9,,,uav-01|uav-02|uav-03|uav-04|uav-05|uav-06|uav-07|uav-08|uav-09,video-level temporal/channel overlap only; source point and framewise S quality unknown
B4,B4_formal_fire_event,2026-09-08T02:57:19+00:00,9,,9,9,0,,9,,,uav-01|uav-02|uav-03|uav-04|uav-05|uav-06|uav-07|uav-08|uav-09,video-level temporal/channel overlap only; source point and framewise S quality unknown
B4,B4_formal_fire_event,2026-09-08T02:57:49+00:00,10,,9,9,0,,9,,,uav-01|uav-02|uav-03|uav-04|uav-05|uav-06|uav-07|uav-08|uav-09,video-level temporal/channel overlap only; source point and framewise S quality unknown
B4,B4_formal_fire_event,2026-09-08T02:58:19+00:00,11,,9,9,0,,9,,,uav-01|uav-02|uav-03|uav-04|uav-05|uav-06|uav-07|uav-08|uav-09,video-level temporal/channel overlap only; source point and framewise S quality unknown
B4,B4_formal_fire_event,2026-09-08T02:58:49+00:00,12,,9,9,0,,9,,,uav-01|uav-02|uav-03|uav-04|uav-05|uav-06|uav-07|uav-08|uav-09,video-level temporal/channel overlap only; source point and framewise S quality unknown
B4,B4_formal_fire_event,2026-09-08T02:59:19+00:00,13,,9,9,0,,9,,,uav-01|uav-02|uav-03|uav-04|uav-05|uav-06|uav-07|uav-08|uav-09,video-level temporal/channel overlap only; source point and framewise S quality unknown
B4,B4_formal_fire_event,2026-09-08T02:59:49+00:00,14,,9,9,0,,9,,,uav-01|uav-02|uav-03|uav-04|uav-05|uav-06|uav-07|uav-08|uav-09,video-level temporal/channel overlap only; source point and framewise S quality unknown
B4,B4_formal_fire_event,2026-09-08T03:00:19+00:00,15,,9,9,0,,9,,,uav-01|uav-02|uav-03|uav-04|uav-05|uav-06|uav-07|uav-08|uav-09,video-level temporal/channel overlap only; source point and framewise S quality unknown
B4,B4_formal_fire_event,2026-09-08T03:00:49+00:00,16,,9,9,0,,9,,,uav-01|uav-02|uav-03|uav-04|uav-05|uav-06|uav-07|uav-08|uav-09,video-level temporal/channel overlap only; source point and framewise S quality unknown
B4,B4_formal_fire_event,2026-09-08T03:01:19+00:00,17,,9,9,0,,9,,,uav-01|uav-02|uav-03|uav-04|uav-05|uav-06|uav-07|uav-08|uav-09,video-level temporal/channel overlap only; source point and framewise S quality unknown
B4,B4_formal_fire_event,2026-09-08T03:01:49+00:00,18,,9,9,0,,9,,,uav-01|uav-02|uav-03|uav-04|uav-05|uav-06|uav-07|uav-08|uav-09,video-level temporal/channel overlap only; source point and framewise S quality unknown
B4,B4_formal_fire_event,2026-09-08T03:02:19+00:00,19,,9,9,0,,9,,,uav-01|uav-02|uav-03|uav-04|uav-05|uav-06|uav-07|uav-08|uav-09,video-level temporal/channel overlap only; source point and framewise S quality unknown
B4,B4_formal_fire_event,2026-09-08T03:02:49+00:00,20,,9,9,0,,9,,,uav-01|uav-02|uav-03|uav-04|uav-05|uav-06|uav-07|uav-08|uav-09,video-level temporal/channel overlap only; source point and framewise S quality unknown
B4,B4_formal_fire_event,2026-09-08T03:03:19+00:00,21,,9,9,0,,9,,,uav-01|uav-02|uav-03|uav-04|uav-05|uav-06|uav-07|uav-08|uav-09,video-level temporal/channel overlap only; source point and framewise S quality unknown
B4,B4_formal_fire_event,2026-09-08T03:03:49+00:00,22,,9,9,0,,9,,,uav-01|uav-02|uav-03|uav-04|uav-05|uav-06|uav-07|uav-08|uav-09,video-level temporal/channel overlap only; source point and framewise S quality unknown
B4,B4_formal_fire_event,2026-09-08T03:04:19+00:00,23,,9,9,0,,9,,,uav-01|uav-02|uav-03|uav-04|uav-05|uav-06|uav-07|uav-08|uav-09,video-level temporal/channel overlap only; source point and framewise S quality unknown
B4,B4_formal_fire_event,2026-09-08T03:04:49+00:00,24,,9,9,0,,9,,,uav-01|uav-02|uav-03|uav-04|uav-05|uav-06|uav-07|uav-08|uav-09,video-level temporal/channel overlap only; source point and framewise S quality unknown
B4,B4_formal_fire_event,2026-09-08T03:05:19+00:00,25,,9,9,0,,9,,,uav-01|uav-02|uav-03|uav-04|uav-05|uav-06|uav-07|uav-08|uav-09,video-level temporal/channel overlap only; source point and framewise S quality unknown
B4,B4_formal_fire_event,2026-09-08T03:05:49+00:00,26,,9,9,0,,9,,,uav-01|uav-02|uav-03|uav-04|uav-05|uav-06|uav-07|uav-08|uav-09,video-level temporal/channel overlap only; source point and framewise S quality unknown
B4,B4_formal_fire_event,2026-09-08T03:06:19+00:00,27,,9,9,0,,9,,,uav-01|uav-02|uav-03|uav-04|uav-05|uav-06|uav-07|uav-08|uav-09,video-level temporal/channel overlap only; source point and framewise S quality unknown
B4,B4_formal_fire_event,2026-09-08T03:06:49+00:00,28,,9,9,0,,9,,,uav-01|uav-02|uav-03|uav-04|uav-05|uav-06|uav-07|uav-08|uav-09,video-level temporal/channel overlap only; source point and framewise S quality unknown
B4,B4_formal_fire_event,2026-09-08T03:07:19+00:00,29,,5,5,0,,5,,,uav-01|uav-04|uav-05|uav-08|uav-09,video-level temporal/channel overlap only; source point and framewise S quality unknown
B4,B4_formal_fire_event,2026-09-08T03:07:49+00:00,30,,4,4,0,,4,,,uav-01|uav-04|uav-05|uav-08,video-level temporal/channel overlap only; source point and framewise S quality unknown
B4,B4_formal_fire_event,2026-09-08T03:08:19+00:00,31,,3,3,0,,3,,,uav-01|uav-05|uav-08,video-level temporal/channel overlap only; source point and framewise S quality unknown
B4,B4_formal_fire_event,2026-09-08T03:08:49+00:00,32,,3,3,0,,3,,,uav-01|uav-05|uav-08,video-level temporal/channel overlap only; source point and framewise S quality unknown
B4,B4_formal_fire_event,2026-09-08T03:09:19+00:00,33,,2,2,0,,2,,,uav-01|uav-08,video-level temporal/channel overlap only; source point and framewise S quality unknown
B4,B4_formal_fire_event,2026-09-08T03:09:49+00:00,34,,1,1,0,,1,,,uav-08,video-level temporal/channel overlap only; source point and framewise S quality unknown
B4,B4_formal_fire_event,2026-09-08T03:10:19+00:00,35,,1,1,0,,1,,,uav-08,video-level temporal/channel overlap only; source point and framewise S quality unknown
B4,B4_formal_fire_event,2026-09-08T03:10:49+00:00,36,,1,1,0,,1,,,uav-08,video-level temporal/channel overlap only; source point and framewise S quality unknown
