event_id,clip_id,task_id,source_ordinal,method,available,error_px,error_normalized_diagonal,failure_gt_100px,truth,limitation
B3,B3_10m07_D02_pts_v2,B3_10m07_D02_pts_v2:00,0,A0_center,True,42.417872636737755,0.019255406316169496,False,existing manual source point; conditional matched detection,ground-contact visibility not explicitly labeled
B3,B3_10m07_D02_pts_v2,B3_10m07_D02_pts_v2:00,0,A1_bottom,True,80.41741329505864,0.036505130305628956,False,existing manual source point; conditional matched detection,ground-contact visibility not explicitly labeled
B3,B3_10m07_D02_pts_v2,B3_10m07_D02_pts_v2:00,0,A2_height_relative,True,20.53927644305634,0.00932371400937835,False,existing manual source point; conditional matched detection,ground-contact visibility not explicitly labeled
B3,B3_10m07_D02_pts_v2,B3_10m07_D02_pts_v2:00,0,A3_cross_event_vector,True,30.91659712653475,0.01403445299303272,False,existing manual source point; conditional matched detection,ground-contact visibility not explicitly labeled
B3,B3_10m07_D02_pts_v2,B3_10m07_D02_pts_v2:00,0,A4_color_contact,True,39.225811548980715,0.017806384255181884,False,existing manual source point; conditional matched detection,ground-contact visibility not explicitly labeled
B3,B3_10m07_D02_pts_v2,B3_10m07_D02_pts_v2:00,1,A0_center,True,40.76238513152681,0.018503905060150115,False,existing manual source point; conditional matched detection,ground-contact visibility not explicitly labeled
B3,B3_10m07_D02_pts_v2,B3_10m07_D02_pts_v2:00,1,A1_bottom,True,70.90308092582573,0.03218614106339164,False,existing manual source point; conditional matched detection,ground-contact visibility not explicitly labeled
B3,B3_10m07_D02_pts_v2,B3_10m07_D02_pts_v2:00,1,A2_height_relative,True,16.060679531088436,0.007290674681715447,False,existing manual source point; conditional matched detection,ground-contact visibility not explicitly labeled
B3,B3_10m07_D02_pts_v2,B3_10m07_D02_pts_v2:00,1,A3_cross_event_vector,True,27.01356702663807,0.012262689682756298,False,existing manual source point; conditional matched detection,ground-contact visibility not explicitly labeled
B3,B3_10m07_D02_pts_v2,B3_10m07_D02_pts_v2:00,1,A4_color_contact,True,25.678439932098936,0.011656614623093545,False,existing manual source point; conditional matched detection,ground-contact visibility not explicitly labeled
B3,B3_10m07_D02_pts_v2,B3_10m07_D02_pts_v2:01,0,A0_center,True,13.74920255232131,0.0062413898956112865,False,existing manual source point; conditional matched detection,ground-contact visibility not explicitly labeled
B3,B3_10m07_D02_pts_v2,B3_10m07_D02_pts_v2:01,0,A1_bottom,True,67.31259483680854,0.030556255729238837,False,existing manual source point; conditional matched detection,ground-contact visibility not explicitly labeled
B3,B3_10m07_D02_pts_v2,B3_10m07_D02_pts_v2:01,0,A2_height_relative,True,20.170721849420826,0.009156410276093145,False,existing manual source point; conditional matched detection,ground-contact visibility not explicitly labeled
B3,B3_10m07_D02_pts_v2,B3_10m07_D02_pts_v2:01,0,A3_cross_event_vector,True,34.032508963537765,0.015448907437287222,False,existing manual source point; conditional matched detection,ground-contact visibility not explicitly labeled
B3,B3_10m07_D02_pts_v2,B3_10m07_D02_pts_v2:01,0,A4_color_contact,True,62.69107451160908,0.028458336948109807,False,existing manual source point; conditional matched detection,ground-contact visibility not explicitly labeled
B3,B3_10m07_D02_pts_v2,B3_10m07_D02_pts_v2:02,0,A0_center,True,30.713654811609114,0.013942328223690735,False,existing manual source point; conditional matched detection,ground-contact visibility not explicitly labeled
B3,B3_10m07_D02_pts_v2,B3_10m07_D02_pts_v2:02,0,A1_bottom,True,89.53094223159866,0.04064217659623572,False,existing manual source point; conditional matched detection,ground-contact visibility not explicitly labeled
B3,B3_10m07_D02_pts_v2,B3_10m07_D02_pts_v2:02,0,A2_height_relative,True,14.38904445184314,0.0065318433056376045,False,existing manual source point; conditional matched detection,ground-contact visibility not explicitly labeled
B3,B3_10m07_D02_pts_v2,B3_10m07_D02_pts_v2:02,0,A3_cross_event_vector,True,16.302089686475682,0.007400261757678447,False,existing manual source point; conditional matched detection,ground-contact visibility not explicitly labeled
B3,B3_10m07_D02_pts_v2,B3_10m07_D02_pts_v2:02,0,A4_color_contact,True,53.752165982811285,0.024400558821914935,False,existing manual source point; conditional matched detection,ground-contact visibility not explicitly labeled
B3,B3_10m07_D02_pts_v2,B3_10m07_D02_pts_v2:02,1,A0_center,True,39.30868281005199,0.017844003298869583,False,existing manual source point; conditional matched detection,ground-contact visibility not explicitly labeled
B3,B3_10m07_D02_pts_v2,B3_10m07_D02_pts_v2:02,1,A1_bottom,True,65.26887320786142,0.029628517303987457,False,existing manual source point; conditional matched detection,ground-contact visibility not explicitly labeled
B3,B3_10m07_D02_pts_v2,B3_10m07_D02_pts_v2:02,1,A2_height_relative,True,19.39586943979114,0.008804669440095622,False,existing manual source point; conditional matched detection,ground-contact visibility not explicitly labeled
B3,B3_10m07_D02_pts_v2,B3_10m07_D02_pts_v2:02,1,A3_cross_event_vector,True,9.133211707617988,0.004145981197780922,False,existing manual source point; conditional matched detection,ground-contact visibility not explicitly labeled
B3,B3_10m07_D02_pts_v2,B3_10m07_D02_pts_v2:02,1,A4_color_contact,True,29.617042252802054,0.013444525786211678,False,existing manual source point; conditional matched detection,ground-contact visibility not explicitly labeled
B3,B3_10m07_D02_pts_v2,B3_10m07_D02_pts_v2:03,0,A0_center,True,35.397049326276445,0.016068334520402894,False,existing manual source point; conditional matched detection,ground-contact visibility not explicitly labeled
B3,B3_10m07_D02_pts_v2,B3_10m07_D02_pts_v2:03,0,A1_bottom,True,86.82295313339861,0.03941289688124035,False,existing manual source point; conditional matched detection,ground-contact visibility not explicitly labeled
B3,B3_10m07_D02_pts_v2,B3_10m07_D02_pts_v2:03,0,A2_height_relative,True,18.84834947603614,0.008556125165878862,False,existing manual source point; conditional matched detection,ground-contact visibility not explicitly labeled
B3,B3_10m07_D02_pts_v2,B3_10m07_D02_pts_v2:03,0,A3_cross_event_vector,True,26.66604096477071,0.012104931758778784,False,existing manual source point; conditional matched detection,ground-contact visibility not explicitly labeled
B3,B3_10m07_D02_pts_v2,B3_10m07_D02_pts_v2:03,0,A4_color_contact,True,34.31703212140293,0.015578065470693838,False,existing manual source point; conditional matched detection,ground-contact visibility not explicitly labeled
B3,B3_10m07_D02_pts_v2,B3_10m07_D02_pts_v2:03,1,A0_center,True,32.3155955182469,0.014669522146518605,False,existing manual source point; conditional matched detection,ground-contact visibility not explicitly labeled
B3,B3_10m07_D02_pts_v2,B3_10m07_D02_pts_v2:03,1,A1_bottom,True,62.84485847819939,0.028528146501902562,False,existing manual source point; conditional matched detection,ground-contact visibility not explicitly labeled
B3,B3_10m07_D02_pts_v2,B3_10m07_D02_pts_v2:03,1,A2_height_relative,True,6.8736749765387275,0.003120274458175164,False,existing manual source point; conditional matched detection,ground-contact visibility not explicitly labeled
B3,B3_10m07_D02_pts_v2,B3_10m07_D02_pts_v2:03,1,A3_cross_event_vector,True,8.128587024165082,0.003689936250859543,False,existing manual source point; conditional matched detection,ground-contact visibility not explicitly labeled
B3,B3_10m07_D02_pts_v2,B3_10m07_D02_pts_v2:03,1,A4_color_contact,True,39.94737226393226,0.018133933561276603,False,existing manual source point; conditional matched detection,ground-contact visibility not explicitly labeled
B3,B3_10m07_D02_pts_v2,B3_10m07_D02_pts_v2:04,0,A0_center,True,39.05349808425317,0.01772816331738308,False,existing manual source point; conditional matched detection,ground-contact visibility not explicitly labeled
B3,B3_10m07_D02_pts_v2,B3_10m07_D02_pts_v2:04,0,A1_bottom,True,76.43057693227091,0.03469532351171,False,existing manual source point; conditional matched detection,ground-contact visibility not explicitly labeled
B3,B3_10m07_D02_pts_v2,B3_10m07_D02_pts_v2:04,0,A2_height_relative,True,15.062318331637798,0.006837473015749041,False,existing manual source point; conditional matched detection,ground-contact visibility not explicitly labeled
B3,B3_10m07_D02_pts_v2,B3_10m07_D02_pts_v2:04,0,A3_cross_event_vector,True,25.349738254070306,0.01150740194518649,False,existing manual source point; conditional matched detection,ground-contact visibility not explicitly labeled
B3,B3_10m07_D02_pts_v2,B3_10m07_D02_pts_v2:04,0,A4_color_contact,True,28.517169384124514,0.01294524334543754,False,existing manual source point; conditional matched detection,ground-contact visibility not explicitly labeled
B3,B3_10m07_D02_pts_v2,B3_10m07_D02_pts_v2:04,1,A0_center,True,52.50810409415262,0.023835822411069175,False,existing manual source point; conditional matched detection,ground-contact visibility not explicitly labeled
B3,B3_10m07_D02_pts_v2,B3_10m07_D02_pts_v2:04,1,A1_bottom,True,46.13496824611902,0.020942765484028757,False,existing manual source point; conditional matched detection,ground-contact visibility not explicitly labeled
B3,B3_10m07_D02_pts_v2,B3_10m07_D02_pts_v2:04,1,A2_height_relative,True,21.753216269736164,0.00987477664295926,False,existing manual source point; conditional matched detection,ground-contact visibility not explicitly labeled
B3,B3_10m07_D02_pts_v2,B3_10m07_D02_pts_v2:04,1,A3_cross_event_vector,True,12.808952276271786,0.005814567427184531,False,existing manual source point; conditional matched detection,ground-contact visibility not explicitly labeled
B3,B3_10m07_D02_pts_v2,B3_10m07_D02_pts_v2:04,1,A4_color_contact,True,51.24935588883998,0.02326441921151192,False,existing manual source point; conditional matched detection,ground-contact visibility not explicitly labeled
B3,B3_10m07_D02_pts_v2,B3_10m07_D02_pts_v2:05,0,A0_center,True,21.942428605604043,0.00996066874882626,False,existing manual source point; conditional matched detection,ground-contact visibility not explicitly labeled
B3,B3_10m07_D02_pts_v2,B3_10m07_D02_pts_v2:05,0,A1_bottom,True,92.44011944456034,0.04196278476914071,False,existing manual source point; conditional matched detection,ground-contact visibility not explicitly labeled
B3,B3_10m07_D02_pts_v2,B3_10m07_D02_pts_v2:05,0,A2_height_relative,True,28.586595358863914,0.012976758960658315,False,existing manual source point; conditional matched detection,ground-contact visibility not explicitly labeled
B3,B3_10m07_D02_pts_v2,B3_10m07_D02_pts_v2:05,0,A3_cross_event_vector,True,34.85916445749946,0.01582416405508234,False,existing manual source point; conditional matched detection,ground-contact visibility not explicitly labeled
B3,B3_10m07_D02_pts_v2,B3_10m07_D02_pts_v2:05,0,A4_color_contact,True,53.68061626675516,0.024368079143684346,False,existing manual source point; conditional matched detection,ground-contact visibility not explicitly labeled
B3,B3_10m07_D02_pts_v2,B3_10m07_D02_pts_v2:05,1,A0_center,True,2.744677754025951,0.0012459343685932134,False,existing manual source point; conditional matched detection,ground-contact visibility not explicitly labeled
B3,B3_10m07_D02_pts_v2,B3_10m07_D02_pts_v2:05,1,A1_bottom,True,38.98329821103123,0.017696296394357307,False,existing manual source point; conditional matched detection,ground-contact visibility not explicitly labeled
B3,B3_10m07_D02_pts_v2,B3_10m07_D02_pts_v2:05,1,A2_height_relative,True,15.376850567150324,0.006980253537681237,False,existing manual source point; conditional matched detection,ground-contact visibility not explicitly labeled
B3,B3_10m07_D02_pts_v2,B3_10m07_D02_pts_v2:05,1,A3_cross_event_vector,True,41.58602927064946,0.01887779468668934,False,existing manual source point; conditional matched detection,ground-contact visibility not explicitly labeled
B3,B3_10m07_D02_pts_v2,B3_10m07_D02_pts_v2:05,1,A4_color_contact,True,21.640575617901064,0.009823643915550283,False,existing manual source point; conditional matched detection,ground-contact visibility not explicitly labeled
B3,B3_10m07_D02_pts_v2,B3_10m07_D02_pts_v2:06,0,A0_center,True,36.54452390193573,0.016589225546245086,False,existing manual source point; conditional matched detection,ground-contact visibility not explicitly labeled
B3,B3_10m07_D02_pts_v2,B3_10m07_D02_pts_v2:06,0,A1_bottom,True,75.40259386719642,0.03422867513040936,False,existing manual source point; conditional matched detection,ground-contact visibility not explicitly labeled
B3,B3_10m07_D02_pts_v2,B3_10m07_D02_pts_v2:06,0,A2_height_relative,True,11.099480629809793,0.005038560308192709,False,existing manual source point; conditional matched detection,ground-contact visibility not explicitly labeled
B3,B3_10m07_D02_pts_v2,B3_10m07_D02_pts_v2:06,0,A3_cross_event_vector,True,20.8735506774544,0.009475456324686885,False,existing manual source point; conditional matched detection,ground-contact visibility not explicitly labeled
B3,B3_10m07_D02_pts_v2,B3_10m07_D02_pts_v2:06,0,A4_color_contact,True,33.86741967405532,0.01537396588199859,False,existing manual source point; conditional matched detection,ground-contact visibility not explicitly labeled
B3,B3_10m07_D02_pts_v2,B3_10m07_D02_pts_v2:06,1,A0_center,True,7.103754650086443,0.0032247181118490137,False,existing manual source point; conditional matched detection,ground-contact visibility not explicitly labeled
B3,B3_10m07_D02_pts_v2,B3_10m07_D02_pts_v2:06,1,A1_bottom,True,42.296890528039974,0.01920048702118474,False,existing manual source point; conditional matched detection,ground-contact visibility not explicitly labeled
B3,B3_10m07_D02_pts_v2,B3_10m07_D02_pts_v2:06,1,A2_height_relative,True,17.87946894964792,0.008116306121505774,False,existing manual source point; conditional matched detection,ground-contact visibility not explicitly labeled
B3,B3_10m07_D02_pts_v2,B3_10m07_D02_pts_v2:06,1,A3_cross_event_vector,True,39.94787954665684,0.018134163840033454,False,existing manual source point; conditional matched detection,ground-contact visibility not explicitly labeled
B3,B3_10m07_D02_pts_v2,B3_10m07_D02_pts_v2:06,1,A4_color_contact,True,31.633347851922007,0.014359818825565954,False,existing manual source point; conditional matched detection,ground-contact visibility not explicitly labeled
B3,B3_10m07_D02_pts_v2,B3_10m07_D02_pts_v2:07,0,A0_center,True,18.18981207563187,0.00825718501563201,False,existing manual source point; conditional matched detection,ground-contact visibility not explicitly labeled
B3,B3_10m07_D02_pts_v2,B3_10m07_D02_pts_v2:07,0,A1_bottom,True,63.868019083280664,0.028992605748745473,False,existing manual source point; conditional matched detection,ground-contact visibility not explicitly labeled
B3,B3_10m07_D02_pts_v2,B3_10m07_D02_pts_v2:07,0,A2_height_relative,True,14.644623409876258,0.006647862247109192,False,existing manual source point; conditional matched detection,ground-contact visibility not explicitly labeled
B3,B3_10m07_D02_pts_v2,B3_10m07_D02_pts_v2:07,0,A3_cross_event_vector,True,27.80410220334999,0.012621549641745122,False,existing manual source point; conditional matched detection,ground-contact visibility not explicitly labeled
B3,B3_10m07_D02_pts_v2,B3_10m07_D02_pts_v2:07,0,A4_color_contact,True,30.95375626499017,0.014051321220146452,False,existing manual source point; conditional matched detection,ground-contact visibility not explicitly labeled
B3,B3_10m07_D02_pts_v2,B3_10m07_D02_pts_v2:09,0,A0_center,True,46.98246401090472,0.021327482450905776,False,existing manual source point; conditional matched detection,ground-contact visibility not explicitly labeled
B3,B3_10m07_D02_pts_v2,B3_10m07_D02_pts_v2:09,0,A1_bottom,True,76.65586095008652,0.034797590198602305,False,existing manual source point; conditional matched detection,ground-contact visibility not explicitly labeled
B3,B3_10m07_D02_pts_v2,B3_10m07_D02_pts_v2:09,0,A2_height_relative,True,33.34102532038751,0.015135011485364553,False,existing manual source point; conditional matched detection,ground-contact visibility not explicitly labeled
B3,B3_10m07_D02_pts_v2,B3_10m07_D02_pts_v2:09,0,A3_cross_event_vector,True,44.34232892179602,0.020129004764254062,False,existing manual source point; conditional matched detection,ground-contact visibility not explicitly labeled
B3,B3_10m07_D02_pts_v2,B3_10m07_D02_pts_v2:09,0,A4_color_contact,True,24.8816196941335,0.011294901588251652,False,existing manual source point; conditional matched detection,ground-contact visibility not explicitly labeled
B4,multiple_boxes_0_DJI_202609081039_006_pts_v2,multiple_boxes_0_DJI_202609081039_006_pts_v2:00,1,A0_center,True,86.06332471053466,0.03906806690693163,False,existing manual source point; conditional matched detection,ground-contact visibility not explicitly labeled
B4,multiple_boxes_0_DJI_202609081039_006_pts_v2,multiple_boxes_0_DJI_202609081039_006_pts_v2:00,1,A1_bottom,True,49.094866785845745,0.022286398379651927,False,existing manual source point; conditional matched detection,ground-contact visibility not explicitly labeled
B4,multiple_boxes_0_DJI_202609081039_006_pts_v2,multiple_boxes_0_DJI_202609081039_006_pts_v2:00,1,A2_height_relative,True,61.736519233730355,0.028025020787155523,False,existing manual source point; conditional matched detection,ground-contact visibility not explicitly labeled
B4,multiple_boxes_0_DJI_202609081039_006_pts_v2,multiple_boxes_0_DJI_202609081039_006_pts_v2:00,1,A3_cross_event_vector,True,67.41016327285755,0.03060054649072624,False,existing manual source point; conditional matched detection,ground-contact visibility not explicitly labeled
B4,multiple_boxes_0_DJI_202609081039_006_pts_v2,multiple_boxes_0_DJI_202609081039_006_pts_v2:00,1,A4_color_contact,True,40.50121257333755,0.018385346928542823,False,existing manual source point; conditional matched detection,ground-contact visibility not explicitly labeled
B4,multiple_boxes_0_DJI_202609081039_006_pts_v2,multiple_boxes_0_DJI_202609081039_006_pts_v2:01,0,A0_center,True,78.61758341669773,0.03568810546554291,False,existing manual source point; conditional matched detection,ground-contact visibility not explicitly labeled
B4,multiple_boxes_0_DJI_202609081039_006_pts_v2,multiple_boxes_0_DJI_202609081039_006_pts_v2:01,0,A1_bottom,True,79.01677953694637,0.03586931878477403,False,existing manual source point; conditional matched detection,ground-contact visibility not explicitly labeled
B4,multiple_boxes_0_DJI_202609081039_006_pts_v2,multiple_boxes_0_DJI_202609081039_006_pts_v2:01,0,A2_height_relative,True,65.54920769670926,0.029755773909556256,False,existing manual source point; conditional matched detection,ground-contact visibility not explicitly labeled
B4,multiple_boxes_0_DJI_202609081039_006_pts_v2,multiple_boxes_0_DJI_202609081039_006_pts_v2:01,0,A3_cross_event_vector,True,73.6858473816313,0.03344936563027233,False,existing manual source point; conditional matched detection,ground-contact visibility not explicitly labeled
B4,multiple_boxes_0_DJI_202609081039_006_pts_v2,multiple_boxes_0_DJI_202609081039_006_pts_v2:01,0,A4_color_contact,True,43.50559167755126,0.01974917158035576,False,existing manual source point; conditional matched detection,ground-contact visibility not explicitly labeled
B4,multiple_boxes_0_DJI_202609081039_006_pts_v2,multiple_boxes_0_DJI_202609081039_006_pts_v2:02,1,A0_center,True,49.18941437602167,0.022329317841470374,False,existing manual source point; conditional matched detection,ground-contact visibility not explicitly labeled
B4,multiple_boxes_0_DJI_202609081039_006_pts_v2,multiple_boxes_0_DJI_202609081039_006_pts_v2:02,1,A1_bottom,True,93.40235326152165,0.04239958656906648,False,existing manual source point; conditional matched detection,ground-contact visibility not explicitly labeled
B4,multiple_boxes_0_DJI_202609081039_006_pts_v2,multiple_boxes_0_DJI_202609081039_006_pts_v2:02,1,A2_height_relative,True,44.238238120525615,0.020081753203823348,False,existing manual source point; conditional matched detection,ground-contact visibility not explicitly labeled
B4,multiple_boxes_0_DJI_202609081039_006_pts_v2,multiple_boxes_0_DJI_202609081039_006_pts_v2:02,1,A3_cross_event_vector,True,52.49549917806623,0.023830100464971048,False,existing manual source point; conditional matched detection,ground-contact visibility not explicitly labeled
B4,multiple_boxes_0_DJI_202609081039_006_pts_v2,multiple_boxes_0_DJI_202609081039_006_pts_v2:02,1,A4_color_contact,True,41.830332539713496,0.018988695078853802,False,existing manual source point; conditional matched detection,ground-contact visibility not explicitly labeled
B4,multiple_boxes_0_DJI_202609081039_006_pts_v2,multiple_boxes_0_DJI_202609081039_006_pts_v2:04,0,A0_center,True,4.0247096865205405,0.0018269992222914148,False,existing manual source point; conditional matched detection,ground-contact visibility not explicitly labeled
B4,multiple_boxes_0_DJI_202609081039_006_pts_v2,multiple_boxes_0_DJI_202609081039_006_pts_v2:04,0,A1_bottom,True,35.60077999587507,0.016160817159873817,False,existing manual source point; conditional matched detection,ground-contact visibility not explicitly labeled
B4,multiple_boxes_0_DJI_202609081039_006_pts_v2,multiple_boxes_0_DJI_202609081039_006_pts_v2:04,0,A2_height_relative,True,12.489915551722182,0.005669742112308605,False,existing manual source point; conditional matched detection,ground-contact visibility not explicitly labeled
B4,multiple_boxes_0_DJI_202609081039_006_pts_v2,multiple_boxes_0_DJI_202609081039_006_pts_v2:04,0,A3_cross_event_vector,True,35.26089908269829,0.016006529717446503,False,existing manual source point; conditional matched detection,ground-contact visibility not explicitly labeled
B4,multiple_boxes_0_DJI_202609081039_006_pts_v2,multiple_boxes_0_DJI_202609081039_006_pts_v2:04,0,A4_color_contact,True,5.307790088424329,0.0024094479152410382,False,existing manual source point; conditional matched detection,ground-contact visibility not explicitly labeled
B4,multiple_boxes_0_DJI_202609081039_006_pts_v2,multiple_boxes_0_DJI_202609081039_006_pts_v2:04,1,A0_center,True,55.93674002583089,0.025392236579692622,False,existing manual source point; conditional matched detection,ground-contact visibility not explicitly labeled
B4,multiple_boxes_0_DJI_202609081039_006_pts_v2,multiple_boxes_0_DJI_202609081039_006_pts_v2:04,1,A1_bottom,True,61.3237735945067,0.027837656723508557,False,existing manual source point; conditional matched detection,ground-contact visibility not explicitly labeled
B4,multiple_boxes_0_DJI_202609081039_006_pts_v2,multiple_boxes_0_DJI_202609081039_006_pts_v2:04,1,A2_height_relative,True,20.319292149719267,0.009223853109053234,False,existing manual source point; conditional matched detection,ground-contact visibility not explicitly labeled
B4,multiple_boxes_0_DJI_202609081039_006_pts_v2,multiple_boxes_0_DJI_202609081039_006_pts_v2:04,1,A3_cross_event_vector,True,23.053627682632776,0.010465092671958354,False,existing manual source point; conditional matched detection,ground-contact visibility not explicitly labeled
B4,multiple_boxes_0_DJI_202609081039_006_pts_v2,multiple_boxes_0_DJI_202609081039_006_pts_v2:04,1,A4_color_contact,True,2.08944582304858,0.0009484947216230271,False,existing manual source point; conditional matched detection,ground-contact visibility not explicitly labeled
B4,multiple_boxes_0_DJI_202609081039_006_pts_v2,multiple_boxes_0_DJI_202609081039_006_pts_v2:05,0,A0_center,True,4.413785172583733,0.0020036183242432494,False,existing manual source point; conditional matched detection,ground-contact visibility not explicitly labeled
B4,multiple_boxes_0_DJI_202609081039_006_pts_v2,multiple_boxes_0_DJI_202609081039_006_pts_v2:05,0,A1_bottom,True,59.85724134200393,0.027171930871588985,False,existing manual source point; conditional matched detection,ground-contact visibility not explicitly labeled
B4,multiple_boxes_0_DJI_202609081039_006_pts_v2,multiple_boxes_0_DJI_202609081039_006_pts_v2:05,0,A2_height_relative,True,18.934219034376007,0.008595105273395902,False,existing manual source point; conditional matched detection,ground-contact visibility not explicitly labeled
B4,multiple_boxes_0_DJI_202609081039_006_pts_v2,multiple_boxes_0_DJI_202609081039_006_pts_v2:05,0,A3_cross_event_vector,True,33.752587604111675,0.015321838369998456,False,existing manual source point; conditional matched detection,ground-contact visibility not explicitly labeled
B4,multiple_boxes_0_DJI_202609081039_006_pts_v2,multiple_boxes_0_DJI_202609081039_006_pts_v2:05,0,A4_color_contact,True,17.12231606958223,0.007772599908938767,False,existing manual source point; conditional matched detection,ground-contact visibility not explicitly labeled
B4,multiple_boxes_0_DJI_202609081039_006_pts_v2,multiple_boxes_0_DJI_202609081039_006_pts_v2:05,1,A0_center,True,67.85772734408047,0.030803716228108412,False,existing manual source point; conditional matched detection,ground-contact visibility not explicitly labeled
B4,multiple_boxes_0_DJI_202609081039_006_pts_v2,multiple_boxes_0_DJI_202609081039_006_pts_v2:05,1,A1_bottom,True,82.8564089961211,0.03761230165364875,False,existing manual source point; conditional matched detection,ground-contact visibility not explicitly labeled
B4,multiple_boxes_0_DJI_202609081039_006_pts_v2,multiple_boxes_0_DJI_202609081039_006_pts_v2:05,1,A2_height_relative,True,51.479610478776564,0.02336894226770951,False,existing manual source point; conditional matched detection,ground-contact visibility not explicitly labeled
B4,multiple_boxes_0_DJI_202609081039_006_pts_v2,multiple_boxes_0_DJI_202609081039_006_pts_v2:05,1,A3_cross_event_vector,True,60.82544844600331,0.027611444218836934,False,existing manual source point; conditional matched detection,ground-contact visibility not explicitly labeled
B4,multiple_boxes_0_DJI_202609081039_006_pts_v2,multiple_boxes_0_DJI_202609081039_006_pts_v2:05,1,A4_color_contact,True,57.111005691496864,0.025925289302754985,False,existing manual source point; conditional matched detection,ground-contact visibility not explicitly labeled
B4,multiple_boxes_0_DJI_202609081039_006_pts_v2,multiple_boxes_0_DJI_202609081039_006_pts_v2:06,0,A0_center,True,14.67452992189342,0.006661438176419025,False,existing manual source point; conditional matched detection,ground-contact visibility not explicitly labeled
B4,multiple_boxes_0_DJI_202609081039_006_pts_v2,multiple_boxes_0_DJI_202609081039_006_pts_v2:06,0,A1_bottom,True,63.75604710743558,0.02894177656385481,False,existing manual source point; conditional matched detection,ground-contact visibility not explicitly labeled
B4,multiple_boxes_0_DJI_202609081039_006_pts_v2,multiple_boxes_0_DJI_202609081039_006_pts_v2:06,0,A2_height_relative,True,13.525774050317436,0.006139965511943078,False,existing manual source point; conditional matched detection,ground-contact visibility not explicitly labeled
B4,multiple_boxes_0_DJI_202609081039_006_pts_v2,multiple_boxes_0_DJI_202609081039_006_pts_v2:06,0,A3_cross_event_vector,True,24.932656134516467,0.011318069355407748,False,existing manual source point; conditional matched detection,ground-contact visibility not explicitly labeled
B4,multiple_boxes_0_DJI_202609081039_006_pts_v2,multiple_boxes_0_DJI_202609081039_006_pts_v2:06,0,A4_color_contact,True,27.19976648329783,0.01234721410538678,False,existing manual source point; conditional matched detection,ground-contact visibility not explicitly labeled
B4,multiple_boxes_0_DJI_202609081039_006_pts_v2,multiple_boxes_0_DJI_202609081039_006_pts_v2:06,1,A0_center,True,89.30724453950724,0.0405406300149138,False,existing manual source point; conditional matched detection,ground-contact visibility not explicitly labeled
B4,multiple_boxes_0_DJI_202609081039_006_pts_v2,multiple_boxes_0_DJI_202609081039_006_pts_v2:06,1,A1_bottom,True,45.897593168534755,0.020835010113848813,False,existing manual source point; conditional matched detection,ground-contact visibility not explicitly labeled
B4,multiple_boxes_0_DJI_202609081039_006_pts_v2,multiple_boxes_0_DJI_202609081039_006_pts_v2:06,1,A2_height_relative,True,47.74407056849124,0.021673210390752675,False,existing manual source point; conditional matched detection,ground-contact visibility not explicitly labeled
B4,multiple_boxes_0_DJI_202609081039_006_pts_v2,multiple_boxes_0_DJI_202609081039_006_pts_v2:06,1,A3_cross_event_vector,True,56.402189034896715,0.025603525105776286,False,existing manual source point; conditional matched detection,ground-contact visibility not explicitly labeled
B4,multiple_boxes_0_DJI_202609081039_006_pts_v2,multiple_boxes_0_DJI_202609081039_006_pts_v2:06,1,A4_color_contact,True,27.674094033234276,0.012562533005964296,False,existing manual source point; conditional matched detection,ground-contact visibility not explicitly labeled
B4,multiple_boxes_0_DJI_202609081039_006_pts_v2,multiple_boxes_0_DJI_202609081039_006_pts_v2:07,0,A0_center,True,7.17446791916648,0.003256818088661652,False,existing manual source point; conditional matched detection,ground-contact visibility not explicitly labeled
B4,multiple_boxes_0_DJI_202609081039_006_pts_v2,multiple_boxes_0_DJI_202609081039_006_pts_v2:07,0,A1_bottom,True,77.62815645315918,0.035238959456588934,False,existing manual source point; conditional matched detection,ground-contact visibility not explicitly labeled
B4,multiple_boxes_0_DJI_202609081039_006_pts_v2,multiple_boxes_0_DJI_202609081039_006_pts_v2:07,0,A2_height_relative,True,21.88280471661238,0.00993360274722555,False,existing manual source point; conditional matched detection,ground-contact visibility not explicitly labeled
B4,multiple_boxes_0_DJI_202609081039_006_pts_v2,multiple_boxes_0_DJI_202609081039_006_pts_v2:07,0,A3_cross_event_vector,True,27.214872250197033,0.012354071301688266,False,existing manual source point; conditional matched detection,ground-contact visibility not explicitly labeled
B4,multiple_boxes_0_DJI_202609081039_006_pts_v2,multiple_boxes_0_DJI_202609081039_006_pts_v2:07,0,A4_color_contact,True,32.46787404960399,0.014738648314622821,False,existing manual source point; conditional matched detection,ground-contact visibility not explicitly labeled
B4,multiple_boxes_0_DJI_202609081039_006_pts_v2,multiple_boxes_0_DJI_202609081039_006_pts_v2:07,1,A0_center,True,114.74751217273983,0.05208912737274035,True,existing manual source point; conditional matched detection,ground-contact visibility not explicitly labeled
B4,multiple_boxes_0_DJI_202609081039_006_pts_v2,multiple_boxes_0_DJI_202609081039_006_pts_v2:07,1,A1_bottom,True,50.12471042233227,0.022753891359144136,False,existing manual source point; conditional matched detection,ground-contact visibility not explicitly labeled
B4,multiple_boxes_0_DJI_202609081039_006_pts_v2,multiple_boxes_0_DJI_202609081039_006_pts_v2:07,1,A2_height_relative,True,64.92941455208388,0.02947442154344533,False,existing manual source point; conditional matched detection,ground-contact visibility not explicitly labeled
B4,multiple_boxes_0_DJI_202609081039_006_pts_v2,multiple_boxes_0_DJI_202609081039_006_pts_v2:07,1,A3_cross_event_vector,True,85.72351806527337,0.03891381317809721,False,existing manual source point; conditional matched detection,ground-contact visibility not explicitly labeled
B4,multiple_boxes_0_DJI_202609081039_006_pts_v2,multiple_boxes_0_DJI_202609081039_006_pts_v2:07,1,A4_color_contact,True,22.249943712359677,0.010100263876088996,False,existing manual source point; conditional matched detection,ground-contact visibility not explicitly labeled
B4,multiple_boxes_0_DJI_202609081039_006_pts_v2,multiple_boxes_0_DJI_202609081039_006_pts_v2:08,1,A0_center,True,133.69529292007823,0.060690388925958925,True,existing manual source point; conditional matched detection,ground-contact visibility not explicitly labeled
B4,multiple_boxes_0_DJI_202609081039_006_pts_v2,multiple_boxes_0_DJI_202609081039_006_pts_v2:08,1,A1_bottom,True,53.4760716838379,0.024275227031849957,False,existing manual source point; conditional matched detection,ground-contact visibility not explicitly labeled
B4,multiple_boxes_0_DJI_202609081039_006_pts_v2,multiple_boxes_0_DJI_202609081039_006_pts_v2:08,1,A2_height_relative,True,74.68055283558165,0.03390090778668248,False,existing manual source point; conditional matched detection,ground-contact visibility not explicitly labeled
B4,multiple_boxes_0_DJI_202609081039_006_pts_v2,multiple_boxes_0_DJI_202609081039_006_pts_v2:08,1,A3_cross_event_vector,True,103.1173554175218,0.04680966897650501,True,existing manual source point; conditional matched detection,ground-contact visibility not explicitly labeled
B4,multiple_boxes_0_DJI_202609081039_006_pts_v2,multiple_boxes_0_DJI_202609081039_006_pts_v2:08,1,A4_color_contact,True,20.37177854557667,0.009247679077105915,False,existing manual source point; conditional matched detection,ground-contact visibility not explicitly labeled
B4,multiple_boxes_0_DJI_202609081039_006_pts_v2,multiple_boxes_0_DJI_202609081039_006_pts_v2:09,0,A0_center,True,8.437735460935412,0.003830272821083145,False,existing manual source point; conditional matched detection,ground-contact visibility not explicitly labeled
B4,multiple_boxes_0_DJI_202609081039_006_pts_v2,multiple_boxes_0_DJI_202609081039_006_pts_v2:09,0,A1_bottom,True,77.83571506603533,0.03533317977403808,False,existing manual source point; conditional matched detection,ground-contact visibility not explicitly labeled
B4,multiple_boxes_0_DJI_202609081039_006_pts_v2,multiple_boxes_0_DJI_202609081039_006_pts_v2:09,0,A2_height_relative,True,19.224456252888515,0.008726857179447245,False,existing manual source point; conditional matched detection,ground-contact visibility not explicitly labeled
B4,multiple_boxes_0_DJI_202609081039_006_pts_v2,multiple_boxes_0_DJI_202609081039_006_pts_v2:09,0,A3_cross_event_vector,True,25.47792457947888,0.01156559156259274,False,existing manual source point; conditional matched detection,ground-contact visibility not explicitly labeled
B4,multiple_boxes_0_DJI_202609081039_006_pts_v2,multiple_boxes_0_DJI_202609081039_006_pts_v2:09,0,A4_color_contact,True,37.693974989287675,0.017111013800858194,False,existing manual source point; conditional matched detection,ground-contact visibility not explicitly labeled
B4,multiple_boxes_0_DJI_202609081039_006_pts_v2,multiple_boxes_0_DJI_202609081039_006_pts_v2:09,1,A0_center,True,143.89591375647763,0.0653209157928801,True,existing manual source point; conditional matched detection,ground-contact visibility not explicitly labeled
B4,multiple_boxes_0_DJI_202609081039_006_pts_v2,multiple_boxes_0_DJI_202609081039_006_pts_v2:09,1,A1_bottom,True,35.97011812352357,0.016328476574970593,False,existing manual source point; conditional matched detection,ground-contact visibility not explicitly labeled
B4,multiple_boxes_0_DJI_202609081039_006_pts_v2,multiple_boxes_0_DJI_202609081039_006_pts_v2:09,1,A2_height_relative,True,89.12781217487479,0.040459177483881476,False,existing manual source point; conditional matched detection,ground-contact visibility not explicitly labeled
B4,multiple_boxes_0_DJI_202609081039_006_pts_v2,multiple_boxes_0_DJI_202609081039_006_pts_v2:09,1,A3_cross_event_vector,True,113.95392034548456,0.05172887986071032,True,existing manual source point; conditional matched detection,ground-contact visibility not explicitly labeled
B4,multiple_boxes_0_DJI_202609081039_006_pts_v2,multiple_boxes_0_DJI_202609081039_006_pts_v2:09,1,A4_color_contact,True,11.193469017018076,0.005081225922288818,False,existing manual source point; conditional matched detection,ground-contact visibility not explicitly labeled
B4,paired_negative_0_DJI_202609081039_006_pts_v2,paired_negative_0_DJI_202609081039_006_pts_v2:09,0,A0_center,True,20.799545622215604,0.00944186205605684,False,existing manual source point; conditional matched detection,ground-contact visibility not explicitly labeled
B4,paired_negative_0_DJI_202609081039_006_pts_v2,paired_negative_0_DJI_202609081039_006_pts_v2:09,0,A1_bottom,True,82.45339720133292,0.037429356225778934,False,existing manual source point; conditional matched detection,ground-contact visibility not explicitly labeled
B4,paired_negative_0_DJI_202609081039_006_pts_v2,paired_negative_0_DJI_202609081039_006_pts_v2:09,0,A2_height_relative,True,17.624845008571654,0.008000720705772277,False,existing manual source point; conditional matched detection,ground-contact visibility not explicitly labeled
B4,paired_negative_0_DJI_202609081039_006_pts_v2,paired_negative_0_DJI_202609081039_006_pts_v2:09,0,A3_cross_event_vector,True,24.120337564869654,0.01094932092121183,False,existing manual source point; conditional matched detection,ground-contact visibility not explicitly labeled
B4,paired_negative_0_DJI_202609081039_006_pts_v2,paired_negative_0_DJI_202609081039_006_pts_v2:09,0,A4_color_contact,True,37.68484182635604,0.017106867841802056,False,existing manual source point; conditional matched detection,ground-contact visibility not explicitly labeled
B4,visible_flame_0_DJI_202609081039_006_pts_v2,visible_flame_0_DJI_202609081039_006_pts_v2:05,0,A0_center,True,28.194959099016373,0.01279897740673432,False,existing manual source point; conditional matched detection,ground-contact visibility not explicitly labeled
B4,visible_flame_0_DJI_202609081039_006_pts_v2,visible_flame_0_DJI_202609081039_006_pts_v2:05,0,A1_bottom,True,71.45864228527228,0.032438335693738135,False,existing manual source point; conditional matched detection,ground-contact visibility not explicitly labeled
B4,visible_flame_0_DJI_202609081039_006_pts_v2,visible_flame_0_DJI_202609081039_006_pts_v2:05,0,A2_height_relative,True,3.9999252409113466,0.0018157484324507027,False,existing manual source point; conditional matched detection,ground-contact visibility not explicitly labeled
B4,visible_flame_0_DJI_202609081039_006_pts_v2,visible_flame_0_DJI_202609081039_006_pts_v2:05,0,A3_cross_event_vector,True,10.950399420864125,0.004970885550504169,False,existing manual source point; conditional matched detection,ground-contact visibility not explicitly labeled
B4,visible_flame_0_DJI_202609081039_006_pts_v2,visible_flame_0_DJI_202609081039_006_pts_v2:05,0,A4_color_contact,True,21.49306668665527,0.009756682886393397,False,existing manual source point; conditional matched detection,ground-contact visibility not explicitly labeled
B4,visible_flame_0_DJI_202609081039_006_pts_v2,visible_flame_0_DJI_202609081039_006_pts_v2:06,0,A0_center,True,41.7561132278159,0.018955003549357887,False,existing manual source point; conditional matched detection,ground-contact visibility not explicitly labeled
B4,visible_flame_0_DJI_202609081039_006_pts_v2,visible_flame_0_DJI_202609081039_006_pts_v2:06,0,A1_bottom,True,70.18859679084629,0.03186180413958348,False,existing manual source point; conditional matched detection,ground-contact visibility not explicitly labeled
B4,visible_flame_0_DJI_202609081039_006_pts_v2,visible_flame_0_DJI_202609081039_006_pts_v2:06,0,A2_height_relative,True,15.109382303495028,0.00685883749832752,False,existing manual source point; conditional matched detection,ground-contact visibility not explicitly labeled
B4,visible_flame_0_DJI_202609081039_006_pts_v2,visible_flame_0_DJI_202609081039_006_pts_v2:06,0,A3_cross_event_vector,True,24.275168508817703,0.011019605745761319,False,existing manual source point; conditional matched detection,ground-contact visibility not explicitly labeled
B4,visible_flame_0_DJI_202609081039_006_pts_v2,visible_flame_0_DJI_202609081039_006_pts_v2:06,0,A4_color_contact,True,22.02533411848413,0.009998303340971596,False,existing manual source point; conditional matched detection,ground-contact visibility not explicitly labeled
B4,visible_flame_0_DJI_202609081039_006_pts_v2,visible_flame_0_DJI_202609081039_006_pts_v2:09,0,A0_center,True,81.57963194534518,0.037032714339160035,False,existing manual source point; conditional matched detection,ground-contact visibility not explicitly labeled
B4,visible_flame_0_DJI_202609081039_006_pts_v2,visible_flame_0_DJI_202609081039_006_pts_v2:09,0,A1_bottom,True,94.74844396917784,0.04301063851257887,False,existing manual source point; conditional matched detection,ground-contact visibility not explicitly labeled
B4,visible_flame_0_DJI_202609081039_006_pts_v2,visible_flame_0_DJI_202609081039_006_pts_v2:09,0,A2_height_relative,True,72.89227168445257,0.03308912544041944,False,existing manual source point; conditional matched detection,ground-contact visibility not explicitly labeled
B4,visible_flame_0_DJI_202609081039_006_pts_v2,visible_flame_0_DJI_202609081039_006_pts_v2:09,0,A3_cross_event_vector,True,81.65209084911888,0.03706560673914754,False,existing manual source point; conditional matched detection,ground-contact visibility not explicitly labeled
B4,visible_flame_0_DJI_202609081039_006_pts_v2,visible_flame_0_DJI_202609081039_006_pts_v2:09,0,A4_color_contact,True,31.57305988234579,0.014332451367510986,False,existing manual source point; conditional matched detection,ground-contact visibility not explicitly labeled
