moment_id,fire_id,batch,split,method,view_count,cross_view_wall_time_span_s,status,reject_reason,east_m,north_m,alt_nominal_m,latitude_approx,longitude_approx,conditional_reference_difference_m,all_ray_rms_m,inlier_ray_rms_m,max_ray_residual_m,min_pair_angle_deg,max_loo_drift_m,located_loo_subsets,pair_cluster_pairs,pair_cluster_views,used_uavs,excluded_uavs,quality_weights,bearing_cone_horizontal_p50_m,bearing_cone_horizontal_p95_m,mc_cluster_success_fraction
B1_M03,B1,B1,development,M0,7,0.809,located,,6.128668068455652,-62.4385310569014,51.64332323618909,31.28913843171751,120.47276438082304,1.3856376328688884,0.9899943265444676,0.9899943265444676,1.4614151993564155,9.553064438211324,0.30670622830013433,7,20,7,uav-01|uav-02|uav-04|uav-06|uav-07|uav-08|uav-09,,1.000|1.000|1.000|1.000|1.000|1.000|1.000,0.5428833889315723,1.1977953974917814,1.0
B1_M03,B1,B1,development,Pairwise Consensus,7,0.809,located,,6.147576199600411,-62.519169820267614,51.5249569101413,31.289137706457463,120.47276457945038,1.4021554837697014,0.9957771310541202,0.9957771310541202,1.4643302438593178,9.553064438211324,0.4161397778526217,7,20,7,uav-01|uav-02|uav-04|uav-06|uav-07|uav-08|uav-09,,1.000|1.000|1.000|1.000|1.000|1.000|1.000,,,
B1_M03,B1,B1,development,Robust Intersection,7,0.809,located,,6.128668068455652,-62.4385310569014,51.64332323618909,31.28913843171751,120.47276438082304,1.3856376328688884,0.9899943265444676,0.9899943265444676,1.4614151993564155,9.553064438211324,0.30670622830013433,7,20,7,uav-01|uav-02|uav-04|uav-06|uav-07|uav-08|uav-09,,1.000|1.000|1.000|1.000|1.000|1.000|1.000,,,
B1_M03,B1,B1,development,Quality Weighting,7,0.809,located,,6.262096860891111,-62.53436080456153,51.572163479461594,31.289137569830693,120.47276578247433,1.5167450145833208,1.000674620855844,1.000674620855844,1.5152475443218352,9.553064438211324,0.29948295676731523,7,20,7,uav-01|uav-02|uav-04|uav-06|uav-07|uav-08|uav-09,,0.581|0.565|0.585|0.584|0.283|0.530|0.837,,,
B1_M03,B1,B1,development,Consensus + Uncertainty,7,0.809,located,,6.262096860891111,-62.53436080456153,51.572163479461594,31.289137569830693,120.47276578247433,1.5167450145833208,1.000674620855844,1.000674620855844,1.5152475443218352,9.553064438211324,0.29948295676731523,7,20,7,uav-01|uav-02|uav-04|uav-06|uav-07|uav-08|uav-09,,0.581|0.565|0.585|0.584|0.283|0.530|0.837,0.5776505395785436,1.473608385537045,1.0
B1_legacy,B1,B1,development,M0,3,0.72,located,,6.170755537376936,-62.8035627316992,51.251738620058035,31.28913514864523,120.47276482294617,1.453289474420151,0.6976588882386671,0.6976588882386671,0.85361593603142,19.01314358497257,0.7289882930654287,3,3,3,uav-02|uav-08|uav-09,,1.000|1.000|1.000,0.8614993512029778,1.7502451476553633,1.0
B1_legacy,B1,B1,development,Pairwise Consensus,3,0.72,located,,5.916622440599941,-62.96178272280359,51.371523057995866,31.289133725624424,120.47276215331262,1.2517923839265488,0.7454476253717803,0.7454476253717803,1.1222539424654783,19.01314358497257,0.9666666237883891,3,3,3,uav-02|uav-08|uav-09,,1.000|1.000|1.000,,,
B1_legacy,B1,B1,development,Robust Intersection,3,0.72,located,,6.170755537376936,-62.8035627316992,51.251738620058035,31.28913514864523,120.47276482294617,1.453289474420151,0.6976588882386671,0.6976588882386671,0.85361593603142,19.01314358497257,0.7289882930654287,3,3,3,uav-02|uav-08|uav-09,,1.000|1.000|1.000,,,
B1_legacy,B1,B1,development,Quality Weighting,3,0.72,located,,6.312831339416585,-62.74894727612191,51.23665303627023,31.289135639853253,120.47276631543312,1.5840592572104188,0.7097497483092506,0.7097497483092506,0.7829022848282025,19.01314358497257,0.7449503553066231,3,3,3,uav-02|uav-08|uav-09,,0.548|0.490|0.782,,,
B1_legacy,B1,B1,development,Consensus + Uncertainty,3,0.72,located,,6.312831339416585,-62.74894727612191,51.23665303627023,31.289135639853253,120.47276631543312,1.5840592572104188,0.7097497483092506,0.7097497483092506,0.7829022848282025,19.01314358497257,0.7384413630192291,3,3,3,uav-02|uav-08|uav-09,,0.548|0.490|0.782,0.8004459034760198,1.6801784938748414,0.835
B2_M03,B2,B2,development,M0,7,0.873,located,,10.36489620841699,-23.78030521244112,50.9941651744174,31.289486121407258,120.47280888182247,1.5073991173439407,2.7669006161007137,2.7669006161007137,5.824945691639488,21.42462528056072,0.83201166780769,7,17,7,uav-01|uav-02|uav-03|uav-05|uav-06|uav-07|uav-09,,1.000|1.000|1.000|1.000|1.000|1.000|1.000,0.5723014778685127,1.1607758646897104,1.0
B2_M03,B2,B2,development,Pairwise Consensus,7,0.873,located,,10.717408207135792,-24.67771380065491,52.03484856541149,31.28947805016998,120.47281258491299,1.0349835230896294,3.0431244592179287,3.0431244592179287,7.1619554060325825,21.42462528056072,0.34772544064500976,7,17,7,uav-01|uav-02|uav-03|uav-05|uav-06|uav-07|uav-09,,1.000|1.000|1.000|1.000|1.000|1.000|1.000,,,
B2_M03,B2,B2,development,Robust Intersection,7,0.873,located,,10.70513943065006,-24.110765043951005,51.51152012723011,31.289483149271994,120.47281245603116,1.3943719631390727,2.835884745762239,2.835884745762239,6.501074699701636,21.42462528056072,0.49944022135343874,7,17,7,uav-01|uav-02|uav-03|uav-05|uav-06|uav-07|uav-09,,1.000|1.000|1.000|1.000|0.385|1.000|1.000,,,
B2_M03,B2,B2,development,Quality Weighting,7,0.873,located,,10.610651431231041,-23.87953731008735,51.383099947656035,31.28948522891992,120.47281146344761,1.5279103407957964,2.7938986519199163,2.7938986519199163,6.232559400517436,21.42462528056072,0.6618881252450337,7,17,7,uav-01|uav-02|uav-03|uav-05|uav-06|uav-07|uav-09,,0.553|0.296|0.569|0.560|0.257|0.285|0.278,,,
B2_M03,B2,B2,development,Consensus + Uncertainty,7,0.873,located,,11.098169386555925,-24.206873121114562,51.96082887661964,31.2894822848819,120.47281658475731,1.6130268284082085,2.982112954827117,1.467984983472678,7.022898565209834,21.42462528056072,0.884779740834951,7,17,7,uav-01|uav-02|uav-03|uav-05|uav-07|uav-09,uav-06,0.553|0.296|0.569|0.560|0.000|0.285|0.278,0.7929069630191696,1.7552053221420465,1.0
B2_legacy,B2,B2,development,M0,3,0.471,located,,9.065975857030033,-23.097972099170754,48.99569340833773,31.289492258269036,120.47279523684116,2.2159095638276307,2.3431087818245273,2.3431087818245273,3.051662345901188,19.018847173259733,8.747977944783331,3,0,0,uav-01|uav-06|uav-07,,1.000|1.000|1.000,1.0484811742298488,2.216385683879399,1.0
B2_legacy,B2,B2,development,Pairwise Consensus,3,0.471,reject,insufficient_pair_cluster,,,,,,,,,,,,,,,,,,,,
B2_legacy,B2,B2,development,Robust Intersection,3,0.471,located,,9.197952980617,-23.314397404787265,49.142900050817666,31.289490311753234,120.47279662324286,1.9682882687357293,2.3605989296584866,2.3605989296584866,3.3440600193809686,19.018847173259733,8.999264854907686,3,0,0,uav-01|uav-06|uav-07,,1.000|0.748|1.000,,,
B2_legacy,B2,B2,development,Quality Weighting,3,0.471,located,,9.04659609648941,-22.997514498245756,49.288454936699615,31.289493161778477,120.47279503325942,2.31706175327996,2.347435953321616,2.347435953321616,3.1354594012511128,19.018847173259733,8.64823456500876,3,0,0,uav-01|uav-06|uav-07,,0.218|0.235|0.269,,,
B2_legacy,B2,B2,development,Consensus + Uncertainty,3,0.471,reject,insufficient_pair_cluster,,,,,,,,,,,,,,,,,,,,
B3_M02,B3_N,B3,holdout,M0,7,0.593,located,,-3.204214146184159,21.499819176846486,54.146333878873065,31.28989336804253,120.47266634016697,,2.44314802659435,2.44314802659435,3.334048154686355,24.85185869108956,0.773808836335309,7,17,7,uav-01|uav-02|uav-03|uav-04|uav-05|uav-07|uav-09,,1.000|1.000|1.000|1.000|1.000|1.000|1.000,1.0315795565810417,2.3863254767767135,1.0
B3_M02,B3_N,B3,holdout,Pairwise Consensus,7,0.593,located,,-3.53100362060359,21.876916910924983,53.697152250732394,31.289896759636203,120.47266290728805,,2.5021211651689113,2.5021211651689113,3.8353824408855277,24.85185869108956,0.9364437920962724,7,17,7,uav-01|uav-02|uav-03|uav-04|uav-05|uav-07|uav-09,,1.000|1.000|1.000|1.000|1.000|1.000|1.000,,,
B3_M02,B3_N,B3,holdout,Robust Intersection,7,0.593,located,,-3.148454542275721,21.674692813777213,54.0462852634434,31.289894940845194,120.47266692591401,,2.4484280536726137,2.4484280536726137,3.452185038795768,24.85185869108956,0.7359394216203831,7,17,7,uav-01|uav-02|uav-03|uav-04|uav-05|uav-07|uav-09,,0.724|1.000|0.837|1.000|1.000|0.743|1.000,,,
B3_M02,B3_N,B3,holdout,Quality Weighting,7,0.593,located,,-3.016804241257318,21.820033453305655,54.29917528436096,31.28989624802991,120.47266830888248,,2.469484482314734,2.469484482314734,3.671437564629023,24.85185869108956,0.7335485242737677,7,17,7,uav-01|uav-02|uav-03|uav-04|uav-05|uav-07|uav-09,,0.520|0.694|0.523|0.711|0.846|0.273|0.536,,,
B3_M02,B3_N,B3,holdout,Consensus + Uncertainty,7,0.593,located,,-2.8135568123697374,22.5398810821182,53.5487792274889,31.28990272229491,120.47267044396904,,2.6276419977375527,2.177970982376036,4.457597074376191,24.85185869108956,1.4373816596269422,7,17,7,uav-02|uav-03|uav-04|uav-05|uav-07|uav-09,uav-01,0.000|0.694|0.509|0.711|0.846|0.186|0.536,1.4790559813911865,3.7237431415530913,0.9825
B3_M02,B3_S,B3,holdout,M0,7,0.734,located,,5.81485870587829,-4.424957510185543,54.208991053422096,31.28966020220612,120.47276108429844,2.8909332087481543,2.947275923224216,2.947275923224216,4.399756837374342,20.37513266189766,0.7755053334830126,7,16,7,uav-01|uav-02|uav-04|uav-05|uav-07|uav-08|uav-09,,1.000|1.000|1.000|1.000|1.000|1.000|1.000,1.2230092173645795,2.1620356243710654,1.0
B3_M02,B3_S,B3,holdout,Pairwise Consensus,7,0.734,located,,6.757811730863822,-3.924833267401057,54.97529948147639,31.289664700292597,120.4727709898915,2.8513125210573564,3.1370779013940853,3.1370779013940853,5.651824856764118,20.37513266189766,0.9529861713287241,7,16,7,uav-01|uav-02|uav-04|uav-05|uav-07|uav-08|uav-09,,1.000|1.000|1.000|1.000|1.000|1.000|1.000,,,
B3_M02,B3_S,B3,holdout,Robust Intersection,7,0.734,located,,6.188283130358051,-4.1807658840755835,54.26334780635832,31.28966239845049,120.47276500707115,2.7852860654810296,2.9717807415949125,2.9717807415949125,4.718954391885737,20.37513266189766,0.7796756199893122,7,16,7,uav-01|uav-02|uav-04|uav-05|uav-07|uav-08|uav-09,,0.584|1.000|0.845|1.000|0.530|1.000|1.000,,,
B3_M02,B3_S,B3,holdout,Quality Weighting,7,0.734,located,,6.279269221670886,-4.333508917964437,54.41567998954126,31.2896610246891,120.47276596286764,2.9618730956292896,2.9770276418401562,2.9770276418401562,4.875316216099097,20.37513266189766,0.8017873604649502,7,16,7,uav-01|uav-02|uav-04|uav-05|uav-07|uav-08|uav-09,,0.574|0.656|0.678|0.867|0.260|0.543|0.513,,,
B3_M02,B3_S,B3,holdout,Consensus + Uncertainty,7,0.734,located,,7.363848763908986,-2.831299501642981,55.352762262298235,31.28967453546758,120.47277735622795,2.5965800947117055,3.627525231829934,1.0489187682459784,6.568909037600208,20.37513266189766,1.9714403362571098,7,16,7,uav-02|uav-05|uav-08|uav-09,uav-01|uav-04|uav-07,0.000|0.656|0.000|0.867|0.000|0.543|0.513,1.617473297497339,3.563708086726305,0.9875
B3_legacy,B3_N,B3,holdout,M0,3,0.532,located,,-3.288406496789603,21.579341266497266,53.77121434434489,31.28989408325928,120.4726654557378,,1.0344665580987686,1.0344665580987686,1.3048324717829578,24.299854743430004,0.7667155471702888,3,3,3,uav-02|uav-04|uav-09,,1.000|1.000|1.000,1.4714885407416207,2.906896724855377,1.0
B3_legacy,B3_N,B3,holdout,Pairwise Consensus,3,0.532,located,,-3.47136473021951,21.56963008793165,53.61040966586258,31.28989399591754,120.47266353378647,,1.056008191538522,1.056008191538522,1.2312686166634872,24.299854743430004,0.8116757445544581,3,3,3,uav-02|uav-04|uav-09,,1.000|1.000|1.000,,,
B3_legacy,B3_N,B3,holdout,Robust Intersection,3,0.532,located,,-3.288406496789603,21.579341266497266,53.77121434434489,31.28989408325928,120.4726654557378,,1.0344665580987686,1.0344665580987686,1.3048324717829578,24.299854743430004,0.7667155471702888,3,3,3,uav-02|uav-04|uav-09,,1.000|1.000|1.000,,,
B3_legacy,B3_N,B3,holdout,Quality Weighting,3,0.532,located,,-3.3071344836329892,21.56807896677502,53.74994984205129,31.289893981966856,120.47266525900284,,1.0348011303803943,1.0348011303803943,1.3055893827192027,24.299854743430004,0.830906567939441,3,3,3,uav-02|uav-04|uav-09,,0.653|0.672|0.525,,,
B3_legacy,B3_N,B3,holdout,Consensus + Uncertainty,3,0.532,reject,cluster_unstable_under_perturbation,-3.3071344836329892,21.56807896677502,53.74994984205129,31.289893981966856,120.47266525900284,,1.0348011303803943,1.0348011303803943,1.3055893827192027,24.299854743430004,0.7593983244735324,3,3,3,uav-02|uav-04|uav-09,,0.653|0.672|0.525,1.5310264405591012,3.2984451745548857,0.5025
B3_legacy,B3_S,B3,holdout,M0,3,0.532,located,,7.247697524341987,-4.094338985268394,53.72609887129732,31.289663175768663,120.47277613607501,3.2922746792583086,1.0834053090297258,1.0834053090297258,1.350381618202318,28.456885469486302,0.7645940073623476,3,3,3,uav-02|uav-04|uav-09,,1.000|1.000|1.000,1.5370135412342887,3.0808604026928745,1.0
B3_legacy,B3_S,B3,holdout,Pairwise Consensus,3,0.532,located,,7.213840824726123,-4.038390007249516,53.650212620088375,31.28966367897031,120.47277578041499,3.2279908077863775,1.0873213029864937,1.0873213029864937,1.2635030902859345,28.456885469486302,0.8287838231746685,3,3,3,uav-02|uav-04|uav-09,,1.000|1.000|1.000,,,
B3_legacy,B3_S,B3,holdout,Robust Intersection,3,0.532,located,,7.247697524341987,-4.094338985268394,53.72609887129732,31.289663175768663,120.47277613607501,3.2922746792583086,1.0834053090297258,1.0834053090297258,1.350381618202318,28.456885469486302,0.7645940073623476,3,3,3,uav-02|uav-04|uav-09,,1.000|1.000|1.000,,,
B3_legacy,B3_S,B3,holdout,Quality Weighting,3,0.532,located,,7.189506018262088,-4.103098237996399,53.67454862545237,31.289663096988487,120.47277552478117,3.2605164448112984,1.0856451682498476,1.0856451682498476,1.3180685403958394,28.456885469486302,0.8419343145328786,3,3,3,uav-02|uav-04|uav-09,,0.653|0.669|0.506,,,
B3_legacy,B3_S,B3,holdout,Consensus + Uncertainty,3,0.532,reject,cluster_unstable_under_perturbation,7.189506018262088,-4.103098237996399,53.67454862545237,31.289663096988487,120.47277552478117,3.2605164448112984,1.0856451682498476,1.0856451682498476,1.3180685403958394,28.456885469486302,0.799070932534332,3,3,3,uav-02|uav-04|uav-09,,0.653|0.669|0.506,1.4503203363242267,3.0711127224300343,0.595
B4_M02,B4_E,B4,holdout,M0,9,1.189,located,,6.399107089492881,-102.30217802815653,51.03593941619069,31.288779900544778,120.47276722174811,,2.2226685574358367,2.2226685574358367,3.219088023360014,2.5166289456259276,0.5284105302946366,9,30,9,uav-01|uav-02|uav-03|uav-04|uav-05|uav-06|uav-07|uav-08|uav-09,,1.000|1.000|1.000|1.000|1.000|1.000|1.000|1.000|1.000,0.6977041804283749,1.3780102124333578,1.0
B4_M02,B4_E,B4,holdout,Pairwise Consensus,9,1.189,located,,6.53633450336518,-102.81575999120257,50.966816562589656,31.288775281420403,120.4727686633034,,2.265357897526694,2.265357897526694,3.5908919920090536,2.5166289456259276,0.6709247294326006,9,30,9,uav-01|uav-02|uav-03|uav-04|uav-05|uav-06|uav-07|uav-08|uav-09,,1.000|1.000|1.000|1.000|1.000|1.000|1.000|1.000|1.000,,,
B4_M02,B4_E,B4,holdout,Robust Intersection,9,1.189,located,,6.434380702087931,-102.45838656802181,51.00154654404076,31.288778495614842,120.47276759229261,,2.2267197373926058,2.2267197373926058,3.341325518002846,2.5166289456259276,0.6150186891073395,9,30,9,uav-01|uav-02|uav-03|uav-04|uav-05|uav-06|uav-07|uav-08|uav-09,,0.748|1.000|1.000|1.000|1.000|0.781|1.000|1.000|1.000,,,
B4_M02,B4_E,B4,holdout,Quality Weighting,9,1.189,located,,6.351492892426196,-102.22572044745365,50.9929586621265,31.288780588199526,120.47276672156745,,2.2240710364832137,2.2240710364832137,3.2003728413431247,2.5166289456259276,0.5239468077014359,9,30,9,uav-01|uav-02|uav-03|uav-04|uav-05|uav-06|uav-07|uav-08|uav-09,,0.553|0.397|0.572|0.564|0.585|0.549|0.290|0.813|0.517,,,
B4_M02,B4_E,B4,holdout,Consensus + Uncertainty,9,1.189,reject,cross_view_time_span_gt_1s|minimum_pair_angle_lt_5deg,6.380541239566512,-102.36515041574562,50.96041331396039,31.288779334175025,120.47276702671638,,2.2242110432719215,2.2242110432719215,3.310531420213563,2.5166289456259276,0.9095095938342074,9,30,9,uav-01|uav-02|uav-03|uav-04|uav-05|uav-06|uav-07|uav-08|uav-09,,0.418|0.397|0.572|0.564|0.585|0.440|0.290|0.813|0.514,0.8778658530003768,1.9974033725566487,1.0
B4_M02,B4_W,B4,holdout,M0,5,1.189,located,,-19.696457193742802,-95.57692561113423,49.78803337365687,31.28884038704863,120.47249309140079,,3.6355366798900515,3.6355366798900515,6.356958398458546,29.982687556229116,1.6665746370666046,5,6,4,uav-01|uav-02|uav-06|uav-08|uav-09,,1.000|1.000|1.000|1.000|1.000,1.0709948917363077,2.2691410839585373,1.0
B4_M02,B4_W,B4,holdout,Pairwise Consensus,5,1.189,located,,-19.891902093195878,-97.26566112303811,52.996683271640634,31.288825198665993,120.47249103827875,,4.45923393025808,1.1463063671780684,9.704007578010884,29.982687556229116,1.0501747926921279,5,6,4,uav-01|uav-02|uav-08|uav-09,uav-06,1.000|1.000|0.000|1.000|1.000,,,
B4_M02,B4_W,B4,holdout,Robust Intersection,5,1.189,located,,-19.73986629803278,-96.58910965652159,51.66974861256055,31.288831283527994,120.47249263539406,,3.9358728589443657,3.9358728589443657,8.312877638269882,29.982687556229116,0.8495137471179316,5,6,4,uav-01|uav-02|uav-06|uav-08|uav-09,,1.000|1.000|0.301|1.000|1.000,,,
B4_M02,B4_W,B4,holdout,Quality Weighting,5,1.189,located,,-19.83569692769509,-95.72678648918615,50.06780451040008,31.28883903920917,120.47249162870635,,3.6461316688952046,3.6461316688952046,6.687533086126614,29.982687556229116,1.5819055478910347,5,6,4,uav-01|uav-02|uav-06|uav-08|uav-09,,0.577|0.371|0.450|0.763|0.489,,,
B4_M02,B4_W,B4,holdout,Consensus + Uncertainty,5,1.189,reject,cross_view_time_span_gt_1s,-19.775641836673227,-97.30471107419952,53.05642566947711,31.28882484745315,120.4724922595769,,4.472032946072513,1.1434250805947974,9.734768086300626,29.982687556229116,0.7504608683044472,5,6,4,uav-01|uav-02|uav-08|uav-09,uav-06,0.577|0.371|0.000|0.763|0.489,1.1523560062975355,2.8996237032094556,0.995
