moment_id,batch,uav_id,modality,frame_path,physical_source_id,source_x,source_y,point_type,visibility,point_confidence,annotation_origin,annotation_aid,sheet_x,sheet_y,pixel_precision_warning,identity_basis,usable_for_A_O_ground_contact
B1_M03,B1,uav-01,V,@project/results/direction_research_20260928/10_comprehensive_direction_revalidation/02_high_redundancy_multiview/frames/B1_M03/uav-01_V.jpg,B1_woodpile,840,836,flame_base,clear,medium,manual,V_contact_sheet_480x270_thumbnail,220,239,approximately 4 native px per sheet px; flame base can move; no surveyed ground-contact claim,one woodpile near the track and tree edge,no
B1_M03,B1,uav-02,V,@project/results/direction_research_20260928/10_comprehensive_direction_revalidation/02_high_redundancy_multiview/frames/B1_M03/uav-02_V.jpg,B1_woodpile,996,908,flame_base,clear,medium,manual,V_contact_sheet_480x270_thumbnail,759,257,approximately 4 native px per sheet px; flame base can move; no surveyed ground-contact claim,one woodpile near the track and tree edge,no
B1_M03,B1,uav-04,V,@project/results/direction_research_20260928/10_comprehensive_direction_revalidation/02_high_redundancy_multiview/frames/B1_M03/uav-04_V.jpg,B1_woodpile,1032,876,flame_base,clear,medium,manual,V_contact_sheet_480x270_thumbnail,1268,249,approximately 4 native px per sheet px; flame base can move; no surveyed ground-contact claim,one woodpile near the track and tree edge,no
B1_M03,B1,uav-06,V,@project/results/direction_research_20260928/10_comprehensive_direction_revalidation/02_high_redundancy_multiview/frames/B1_M03/uav-06_V.jpg,B1_woodpile,980,772,flame_base,clear,medium,manual,V_contact_sheet_480x270_thumbnail,255,533,approximately 4 native px per sheet px; flame base can move; no surveyed ground-contact claim,one woodpile near the track and tree edge,no
B1_M03,B1,uav-07,V,@project/results/direction_research_20260928/10_comprehensive_direction_revalidation/02_high_redundancy_multiview/frames/B1_M03/uav-07_V.jpg,B1_woodpile,1044,608,flame_base,clear,medium,manual,V_contact_sheet_480x270_thumbnail,771,492,approximately 4 native px per sheet px; flame base can move; no surveyed ground-contact claim,one woodpile near the track and tree edge,no
B1_M03,B1,uav-08,V,@project/results/direction_research_20260928/10_comprehensive_direction_revalidation/02_high_redundancy_multiview/frames/B1_M03/uav-08_V.jpg,B1_woodpile,1000,544,flame_base,clear,medium,manual,V_contact_sheet_480x270_thumbnail,1260,476,approximately 4 native px per sheet px; flame base can move; no surveyed ground-contact claim,one woodpile near the track and tree edge,no
B1_M03,B1,uav-09,V,@project/results/direction_research_20260928/10_comprehensive_direction_revalidation/02_high_redundancy_multiview/frames/B1_M03/uav-09_V.jpg,B1_woodpile,1000,608,flame_base,clear,medium,manual,V_contact_sheet_480x270_thumbnail,260,802,approximately 4 native px per sheet px; flame base can move; no surveyed ground-contact claim,one woodpile near the track and tree edge,no
B2_M03,B2,uav-01,V,@project/results/direction_research_20260928/10_comprehensive_direction_revalidation/02_high_redundancy_multiview/frames/B2_M03/uav-01_V.jpg,B2_woodpile,844,908,flame_base,clear,medium,manual,V_contact_sheet_480x270_thumbnail,221,257,approximately 4 native px per sheet px; flame base can move; no surveyed ground-contact claim,one fixed woodpile in the clearing,no
B2_M03,B2,uav-02,V,@project/results/direction_research_20260928/10_comprehensive_direction_revalidation/02_high_redundancy_multiview/frames/B2_M03/uav-02_V.jpg,B2_woodpile,972,540,flame_base,clear,medium,manual,V_contact_sheet_480x270_thumbnail,753,165,approximately 4 native px per sheet px; flame base can move; no surveyed ground-contact claim,one fixed woodpile in the clearing,no
B2_M03,B2,uav-03,V,@project/results/direction_research_20260928/10_comprehensive_direction_revalidation/02_high_redundancy_multiview/frames/B2_M03/uav-03_V.jpg,B2_woodpile,972,848,flame_base,clear,medium,manual,V_contact_sheet_480x270_thumbnail,1253,242,approximately 4 native px per sheet px; flame base can move; no surveyed ground-contact claim,one fixed woodpile in the clearing,no
B2_M03,B2,uav-05,V,@project/results/direction_research_20260928/10_comprehensive_direction_revalidation/02_high_redundancy_multiview/frames/B2_M03/uav-05_V.jpg,B2_woodpile,980,832,flame_base,clear,medium,manual,V_contact_sheet_480x270_thumbnail,755,548,approximately 4 native px per sheet px; flame base can move; no surveyed ground-contact claim,one fixed woodpile in the clearing,no
B2_M03,B2,uav-06,V,@project/results/direction_research_20260928/10_comprehensive_direction_revalidation/02_high_redundancy_multiview/frames/B2_M03/uav-06_V.jpg,B2_woodpile,992,848,flame_base,clear,medium,manual,V_contact_sheet_480x270_thumbnail,1258,552,approximately 4 native px per sheet px; flame base can move; no surveyed ground-contact claim,one fixed woodpile in the clearing,no
B2_M03,B2,uav-07,V,@project/results/direction_research_20260928/10_comprehensive_direction_revalidation/02_high_redundancy_multiview/frames/B2_M03/uav-07_V.jpg,B2_woodpile,972,732,flame_base,clear,medium,manual,V_contact_sheet_480x270_thumbnail,253,833,approximately 4 native px per sheet px; flame base can move; no surveyed ground-contact claim,one fixed woodpile in the clearing,no
B2_M03,B2,uav-09,V,@project/results/direction_research_20260928/10_comprehensive_direction_revalidation/02_high_redundancy_multiview/frames/B2_M03/uav-09_V.jpg,B2_woodpile,1056,516,flame_base,clear,medium,manual,V_contact_sheet_480x270_thumbnail,1274,779,approximately 4 native px per sheet px; flame base can move; no surveyed ground-contact claim,one fixed woodpile in the clearing,no
B3_M02,B3,uav-01,V,@project/results/direction_research_20260928/10_comprehensive_direction_revalidation/02_high_redundancy_multiview/frames/B3_M02/uav-01_V.jpg,B3_N,592,800,flame_base,clear,medium,manual,V_contact_sheet_480x270_thumbnail,158,230,approximately 4 native px per sheet px; flame base can move; no surveyed ground-contact claim,B3_N is the pile near the road/tree line (uav-02 lower-right); B3_S is the other pile (uav-02 upper-left); prior human N/S site mapping retained,no
B3_M02,B3,uav-02,V,@project/results/direction_research_20260928/10_comprehensive_direction_revalidation/02_high_redundancy_multiview/frames/B3_M02/uav-02_V.jpg,B3_N,1400,920,flame_base,clear,medium,manual,V_contact_sheet_480x270_thumbnail,860,260,approximately 4 native px per sheet px; flame base can move; no surveyed ground-contact claim,B3_N is the pile near the road/tree line (uav-02 lower-right); B3_S is the other pile (uav-02 upper-left); prior human N/S site mapping retained,no
B3_M02,B3,uav-03,V,@project/results/direction_research_20260928/10_comprehensive_direction_revalidation/02_high_redundancy_multiview/frames/B3_M02/uav-03_V.jpg,B3_N,1016,312,flame_base,clear,medium,manual,V_contact_sheet_480x270_thumbnail,1264,108,approximately 4 native px per sheet px; flame base can move; no surveyed ground-contact claim,B3_N is the pile near the road/tree line (uav-02 lower-right); B3_S is the other pile (uav-02 upper-left); prior human N/S site mapping retained,no
B3_M02,B3,uav-04,V,@project/results/direction_research_20260928/10_comprehensive_direction_revalidation/02_high_redundancy_multiview/frames/B3_M02/uav-04_V.jpg,B3_N,204,852,flame_base,clear,medium,manual,V_contact_sheet_480x270_thumbnail,61,553,approximately 4 native px per sheet px; flame base can move; no surveyed ground-contact claim,B3_N is the pile near the road/tree line (uav-02 lower-right); B3_S is the other pile (uav-02 upper-left); prior human N/S site mapping retained,no
B3_M02,B3,uav-05,V,@project/results/direction_research_20260928/10_comprehensive_direction_revalidation/02_high_redundancy_multiview/frames/B3_M02/uav-05_V.jpg,B3_N,1616,792,flame_base,clear,medium,manual,V_contact_sheet_480x270_thumbnail,914,538,approximately 4 native px per sheet px; flame base can move; no surveyed ground-contact claim,B3_N is the pile near the road/tree line (uav-02 lower-right); B3_S is the other pile (uav-02 upper-left); prior human N/S site mapping retained,no
B3_M02,B3,uav-07,V,@project/results/direction_research_20260928/10_comprehensive_direction_revalidation/02_high_redundancy_multiview/frames/B3_M02/uav-07_V.jpg,B3_N,564,536,flame_base,clear,medium,manual,V_contact_sheet_480x270_thumbnail,1151,474,approximately 4 native px per sheet px; flame base can move; no surveyed ground-contact claim,B3_N is the pile near the road/tree line (uav-02 lower-right); B3_S is the other pile (uav-02 upper-left); prior human N/S site mapping retained,no
B3_M02,B3,uav-09,V,@project/results/direction_research_20260928/10_comprehensive_direction_revalidation/02_high_redundancy_multiview/frames/B3_M02/uav-09_V.jpg,B3_N,372,460,flame_base,clear,medium,manual,V_contact_sheet_480x270_thumbnail,603,765,approximately 4 native px per sheet px; flame base can move; no surveyed ground-contact claim,B3_N is the pile near the road/tree line (uav-02 lower-right); B3_S is the other pile (uav-02 upper-left); prior human N/S site mapping retained,no
B3_M02,B3,uav-01,V,@project/results/direction_research_20260928/10_comprehensive_direction_revalidation/02_high_redundancy_multiview/frames/B3_M02/uav-01_V.jpg,B3_S,964,344,flame_base,clear,medium,manual,V_contact_sheet_480x270_thumbnail,251,116,approximately 4 native px per sheet px; flame base can move; no surveyed ground-contact claim,B3_N is the pile near the road/tree line (uav-02 lower-right); B3_S is the other pile (uav-02 upper-left); prior human N/S site mapping retained,no
B3_M02,B3,uav-02,V,@project/results/direction_research_20260928/10_comprehensive_direction_revalidation/02_high_redundancy_multiview/frames/B3_M02/uav-02_V.jpg,B3_S,276,220,flame_base,clear,medium,manual,V_contact_sheet_480x270_thumbnail,579,85,approximately 4 native px per sheet px; flame base can move; no surveyed ground-contact claim,B3_N is the pile near the road/tree line (uav-02 lower-right); B3_S is the other pile (uav-02 upper-left); prior human N/S site mapping retained,no
B3_M02,B3,uav-04,V,@project/results/direction_research_20260928/10_comprehensive_direction_revalidation/02_high_redundancy_multiview/frames/B3_M02/uav-04_V.jpg,B3_S,1816,868,flame_base,clear,medium,manual,V_contact_sheet_480x270_thumbnail,464,557,approximately 4 native px per sheet px; flame base can move; no surveyed ground-contact claim,B3_N is the pile near the road/tree line (uav-02 lower-right); B3_S is the other pile (uav-02 upper-left); prior human N/S site mapping retained,no
B3_M02,B3,uav-05,V,@project/results/direction_research_20260928/10_comprehensive_direction_revalidation/02_high_redundancy_multiview/frames/B3_M02/uav-05_V.jpg,B3_S,352,856,flame_base,clear,medium,manual,V_contact_sheet_480x270_thumbnail,598,554,approximately 4 native px per sheet px; flame base can move; no surveyed ground-contact claim,B3_N is the pile near the road/tree line (uav-02 lower-right); B3_S is the other pile (uav-02 upper-left); prior human N/S site mapping retained,no
B3_M02,B3,uav-07,V,@project/results/direction_research_20260928/10_comprehensive_direction_revalidation/02_high_redundancy_multiview/frames/B3_M02/uav-07_V.jpg,B3_S,1360,308,flame_base,clear,medium,manual,V_contact_sheet_480x270_thumbnail,1350,417,approximately 4 native px per sheet px; flame base can move; no surveyed ground-contact claim,B3_N is the pile near the road/tree line (uav-02 lower-right); B3_S is the other pile (uav-02 upper-left); prior human N/S site mapping retained,no
B3_M02,B3,uav-08,V,@project/results/direction_research_20260928/10_comprehensive_direction_revalidation/02_high_redundancy_multiview/frames/B3_M02/uav-08_V.jpg,B3_S,624,800,flame_base,clear,medium,manual,V_contact_sheet_480x270_thumbnail,166,850,approximately 4 native px per sheet px; flame base can move; no surveyed ground-contact claim,B3_N is the pile near the road/tree line (uav-02 lower-right); B3_S is the other pile (uav-02 upper-left); prior human N/S site mapping retained,no
B3_M02,B3,uav-09,V,@project/results/direction_research_20260928/10_comprehensive_direction_revalidation/02_high_redundancy_multiview/frames/B3_M02/uav-09_V.jpg,B3_S,1516,636,flame_base,clear,medium,manual,V_contact_sheet_480x270_thumbnail,889,809,approximately 4 native px per sheet px; flame base can move; no surveyed ground-contact claim,B3_N is the pile near the road/tree line (uav-02 lower-right); B3_S is the other pile (uav-02 upper-left); prior human N/S site mapping retained,no
B4_M02,B4,uav-01,V,@project/results/direction_research_20260928/10_comprehensive_direction_revalidation/02_high_redundancy_multiview/frames/B4_M02/uav-01_V.jpg,B4_road_pile,1500,848,flame_base,clear,medium,manual,V_contact_sheet_480x270_thumbnail,385,242,approximately 4 native px per sheet px; flame base can move; no surveyed ground-contact claim,B4_road_pile is the large pile beside the curved road; B4_tree_pile is the second pile behind the central tree canopy,no
B4_M02,B4,uav-02,V,@project/results/direction_research_20260928/10_comprehensive_direction_revalidation/02_high_redundancy_multiview/frames/B4_M02/uav-02_V.jpg,B4_road_pile,300,308,flame_base,clear,medium,manual,V_contact_sheet_480x270_thumbnail,585,107,approximately 4 native px per sheet px; flame base can move; no surveyed ground-contact claim,B4_road_pile is the large pile beside the curved road; B4_tree_pile is the second pile behind the central tree canopy,no
B4_M02,B4,uav-03,V,@project/results/direction_research_20260928/10_comprehensive_direction_revalidation/02_high_redundancy_multiview/frames/B4_M02/uav-03_V.jpg,B4_road_pile,1000,876,flame_base,clear,medium,manual,V_contact_sheet_480x270_thumbnail,1260,249,approximately 4 native px per sheet px; flame base can move; no surveyed ground-contact claim,B4_road_pile is the large pile beside the curved road; B4_tree_pile is the second pile behind the central tree canopy,no
B4_M02,B4,uav-04,V,@project/results/direction_research_20260928/10_comprehensive_direction_revalidation/02_high_redundancy_multiview/frames/B4_M02/uav-04_V.jpg,B4_road_pile,1808,868,flame_base,clear,medium,manual,V_contact_sheet_480x270_thumbnail,462,557,approximately 4 native px per sheet px; flame base can move; no surveyed ground-contact claim,B4_road_pile is the large pile beside the curved road; B4_tree_pile is the second pile behind the central tree canopy,no
B4_M02,B4,uav-05,V,@project/results/direction_research_20260928/10_comprehensive_direction_revalidation/02_high_redundancy_multiview/frames/B4_M02/uav-05_V.jpg,B4_road_pile,1124,816,flame_base,clear,medium,manual,V_contact_sheet_480x270_thumbnail,791,544,approximately 4 native px per sheet px; flame base can move; no surveyed ground-contact claim,B4_road_pile is the large pile beside the curved road; B4_tree_pile is the second pile behind the central tree canopy,no
B4_M02,B4,uav-06,V,@project/results/direction_research_20260928/10_comprehensive_direction_revalidation/02_high_redundancy_multiview/frames/B4_M02/uav-06_V.jpg,B4_road_pile,156,812,flame_base,clear,medium,manual,V_contact_sheet_480x270_thumbnail,1049,543,approximately 4 native px per sheet px; flame base can move; no surveyed ground-contact claim,B4_road_pile is the large pile beside the curved road; B4_tree_pile is the second pile behind the central tree canopy,no
B4_M02,B4,uav-07,V,@project/results/direction_research_20260928/10_comprehensive_direction_revalidation/02_high_redundancy_multiview/frames/B4_M02/uav-07_V.jpg,B4_road_pile,1004,544,flame_base,clear,medium,manual,V_contact_sheet_480x270_thumbnail,261,786,approximately 4 native px per sheet px; flame base can move; no surveyed ground-contact claim,B4_road_pile is the large pile beside the curved road; B4_tree_pile is the second pile behind the central tree canopy,no
B4_M02,B4,uav-08,V,@project/results/direction_research_20260928/10_comprehensive_direction_revalidation/02_high_redundancy_multiview/frames/B4_M02/uav-08_V.jpg,B4_road_pile,1220,400,flame_base,clear,medium,manual,V_contact_sheet_480x270_thumbnail,815,750,approximately 4 native px per sheet px; flame base can move; no surveyed ground-contact claim,B4_road_pile is the large pile beside the curved road; B4_tree_pile is the second pile behind the central tree canopy,no
B4_M02,B4,uav-09,V,@project/results/direction_research_20260928/10_comprehensive_direction_revalidation/02_high_redundancy_multiview/frames/B4_M02/uav-09_V.jpg,B4_road_pile,1684,392,flame_base,clear,medium,manual,V_contact_sheet_480x270_thumbnail,1431,748,approximately 4 native px per sheet px; flame base can move; no surveyed ground-contact claim,B4_road_pile is the large pile beside the curved road; B4_tree_pile is the second pile behind the central tree canopy,no
B4_M02,B4,uav-01,V,@project/results/direction_research_20260928/10_comprehensive_direction_revalidation/02_high_redundancy_multiview/frames/B4_M02/uav-01_V.jpg,B4_tree_pile,440,208,flame_base,clear,medium,manual,V_contact_sheet_480x270_thumbnail,120,82,approximately 4 native px per sheet px; flame base can move; no surveyed ground-contact claim,B4_road_pile is the large pile beside the curved road; B4_tree_pile is the second pile behind the central tree canopy,no
B4_M02,B4,uav-02,V,@project/results/direction_research_20260928/10_comprehensive_direction_revalidation/02_high_redundancy_multiview/frames/B4_M02/uav-02_V.jpg,B4_tree_pile,1664,896,flame_base,clear,medium,manual,V_contact_sheet_480x270_thumbnail,926,254,approximately 4 native px per sheet px; flame base can move; no surveyed ground-contact claim,B4_road_pile is the large pile beside the curved road; B4_tree_pile is the second pile behind the central tree canopy,no
B4_M02,B4,uav-06,V,@project/results/direction_research_20260928/10_comprehensive_direction_revalidation/02_high_redundancy_multiview/frames/B4_M02/uav-06_V.jpg,B4_tree_pile,1848,556,flame_base,clear,medium,manual,V_contact_sheet_480x270_thumbnail,1472,479,approximately 4 native px per sheet px; flame base can move; no surveyed ground-contact claim,B4_road_pile is the large pile beside the curved road; B4_tree_pile is the second pile behind the central tree canopy,no
B4_M02,B4,uav-08,V,@project/results/direction_research_20260928/10_comprehensive_direction_revalidation/02_high_redundancy_multiview/frames/B4_M02/uav-08_V.jpg,B4_tree_pile,568,872,flame_base,clear,medium,manual,V_contact_sheet_480x270_thumbnail,652,868,approximately 4 native px per sheet px; flame base can move; no surveyed ground-contact claim,B4_road_pile is the large pile beside the curved road; B4_tree_pile is the second pile behind the central tree canopy,no
B4_M02,B4,uav-09,V,@project/results/direction_research_20260928/10_comprehensive_direction_revalidation/02_high_redundancy_multiview/frames/B4_M02/uav-09_V.jpg,B4_tree_pile,436,808,flame_base,clear,medium,manual,V_contact_sheet_480x270_thumbnail,1119,852,approximately 4 native px per sheet px; flame base can move; no surveyed ground-contact claim,B4_road_pile is the large pile beside the curved road; B4_tree_pile is the second pile behind the central tree canopy,no
