site,batch,held_out_uav,support_uavs,support_uav_count,method,position_east_m,position_north_m,horizontal_error_to_LRF_m,horizontal_error_to_prefire_pile_m,bias_east_m,bias_north_m,shift_from_all_m,median_ray_residual_m,condition,parallax_min_deg,parallax_median_deg,reference_type,shift_from_louo_median_m
B1_F1,B1,无人机02,无人机08|无人机09,2,C0_nominal,5.813565792532719,-62.41372468750484,1.0734077131295947,,1.0681448928797774,0.10616311233641795,0.5178992069293799,0.3226655728808764,36.65948894858199,19.01314358497257,19.01314358497257,accepted_LRF_fire,0.5539319941444489
B1_F1,B1,无人机08,无人机02|无人机09,2,C0_nominal,6.984224757146243,-62.96765668164929,2.283142501869408,,2.238803857493301,-0.447768881808031,0.843619638695842,0.6607241849645322,4.584943391507859,55.68171901303326,55.68171901303326,accepted_LRF_fire,1.1706589646135237
B1_F1,B1,无人机09,无人机02|无人机08,2,C0_nominal,5.534948755780447,-63.01355800168559,0.9311629845469147,,0.7895278561275054,-0.4936702018443313,0.6574763732479062,0.34671793711567955,2.717341714149858,74.693256773652,74.693256773652,accepted_LRF_fire,0.28237277551083384
B2_F1,B2,无人机01,无人机06|无人机07,2,C0_nominal,5.5494720000361895,-15.088972807603415,,10.958675075813739,-4.265029398993647,10.09465619241097,8.747151166150521,1.6802368749122163,36.63770663026374,19.018847173259733,19.018847173259733,prefire_pile_not_fire_truth,9.045300291155858
B2_F1,B2,无人机06,无人机01|无人机07,2,C0_nominal,9.814920026563952,-24.25660916155247,,0.9270199329847066,0.00041862753411514575,0.9270198384619164,1.3794600480982775,1.0535928796242013,9.087353845993398,38.747304463915576,38.747304463915576,prefire_pile_not_fire_truth,1.2932651497270562
B2_F1,B2,无人机07,无人机01|无人机06,2,C0_nominal,8.726631335090921,-23.5579229147217,,1.9561138902865864,-1.0878700639389152,1.6257060852926841,0.5715326802489882,1.724224485207735,7.306307080293761,43.425908731511655,43.425908731511655,prefire_pile_not_fire_truth,0.0
B3_N,B3,无人机02,无人机04|无人机09,2,C0_nominal,-3.1493891849205564,20.82288342343332,12.536862640536865,,-5.253176584479041,11.383192023328522,0.7687770943617318,0.5588483003059173,22.574464103404544,24.299854743430004,24.299854743430004,accepted_LRF_fire,0.8134374811245327
B3_N,B3,无人机04,无人机02|无人机09,2,C0_nominal,-3.48895334399263,22.13418853266237,13.871878260462392,,-5.592740743551115,12.694497132557572,0.5902591363901671,0.7330807906130998,4.653113488803396,55.23720276342304,55.23720276342304,accepted_LRF_fire,0.5647761676220695
B3_N,B3,无人机09,无人机02|无人机04,2,C0_nominal,-3.4718621381465997,21.56967103054521,13.350066426883808,,-5.575649537705084,12.12997963044041,0.1833733028803331,1.2310572464809615,2.7442886250563925,74.2634991796181,74.2634991796181,accepted_LRF_fire,0.0
B3_S,B3,无人机02,无人机04|无人机09,2,C0_nominal,7.761800489186163,-4.657410170037522,4.054686354252673,,2.7022393892441183,-3.022975969897942,0.7626646328803043,0.6027842918927261,16.552991926802722,28.456885469486302,28.456885469486302,accepted_LRF_fire,0.7292894571124973
B3_S,B3,无人机04,无人机02|无人机09,2,C0_nominal,7.276300108386881,-3.4845162426534984,2.8873405402884966,,2.2167390084448364,-1.8500820425139182,0.6107518138621224,0.933214171910158,4.5438657646188165,55.95484118667736,55.95484118667736,accepted_LRF_fire,0.6286949816856762
B3_S,B3,无人机09,无人机02|无人机04,2,C0_nominal,6.866693908757961,-4.1132112243391745,3.067582847193976,,1.8071328088159166,-2.4787770241995943,0.38090740449644883,1.129586219335886,3.1232682024851393,68.92159607875104,68.92159607875104,accepted_LRF_fire,0.40960619962891975
