frame_id,role,batch,uav,tier,model,image_name,frame_local_path,frame_remote_path,source_video_path,requested_offset_s,prior_nearest_pts_s
FIRE:B1_legacy:uav-02,fire,B1,uav-02,A_legacy_ground_contact,,无人机02_1581F7K3C267500D2DQD_DJI_202609071534_003_frame.jpg,@workspace\_dji_preview\无人机02_1581F7K3C267500D2DQD_DJI_202609071534_003_frame.jpg,/tmp/weak_calibration_multiview_20260929/legacy_frames/无人机02_1581F7K3C267500D2DQD_DJI_202609071534_003_frame.jpg,@raw/01_第一批_20260907_1602_单火点/01_正式视频/无人机02_1581F7K3C267500D2DQD/DJI_202609071534_003/DJI_20260907160153_0005_V.MP4,66.0,65.999267
FIRE:B1_legacy:uav-08,fire,B1,uav-08,A_legacy_ground_contact,,无人机08_1581F7K3C256N00DCP1T_DJI_202609071536_001_frame.jpg,@workspace\_dji_preview\无人机08_1581F7K3C256N00DCP1T_DJI_202609071536_001_frame.jpg,/tmp/weak_calibration_multiview_20260929/legacy_frames/无人机08_1581F7K3C256N00DCP1T_DJI_202609071536_001_frame.jpg,@raw/01_第一批_20260907_1602_单火点/01_正式视频/无人机08_1581F7K3C256N00DCP1T/DJI_202609071536_001/DJI_20260907160201_0001_V.MP4,59.0,58.992267
FIRE:B1_legacy:uav-09,fire,B1,uav-09,A_legacy_ground_contact,,无人机09_1581F7K3C24CS00AX535_DJI_202609071543_001_frame.jpg,@workspace\_dji_preview\无人机09_1581F7K3C24CS00AX535_DJI_202609071543_001_frame.jpg,/tmp/weak_calibration_multiview_20260929/legacy_frames/无人机09_1581F7K3C24CS00AX535_DJI_202609071543_001_frame.jpg,@raw/01_第一批_20260907_1602_单火点/01_正式视频/无人机09_1581F7K3C24CS00AX535/DJI_202609071543_001/DJI_20260907160202_0003_V.MP4,57.0,56.990267
FIRE:B2_legacy:uav-01,fire,B2,uav-01,A_legacy_ground_contact,,无人机01_1581F7K3C251800CYBVP_DJI_202609080913_003_frame.jpg,@workspace\_dji_preview\无人机01_1581F7K3C251800CYBVP_DJI_202609080913_003_frame.jpg,/tmp/weak_calibration_multiview_20260929/legacy_frames/无人机01_1581F7K3C251800CYBVP_DJI_202609080913_003_frame.jpg,@raw/02_第二批_20260908_0924_单火点/01_正式视频/无人机01_1581F7K3C251800CYBVP/DJI_202609080913_003/DJI_20260908092431_0003_V.MP4,29.0,28.995633
FIRE:B2_legacy:uav-06,fire,B2,uav-06,A_legacy_ground_contact,,无人机06_1581F7K3C254N00D16Y8_DJI_202609080910_002_frame.jpg,@workspace\_dji_preview\无人机06_1581F7K3C254N00D16Y8_DJI_202609080910_002_frame.jpg,/tmp/weak_calibration_multiview_20260929/legacy_frames/无人机06_1581F7K3C254N00D16Y8_DJI_202609080910_002_frame.jpg,@raw/02_第二批_20260908_0924_单火点/01_正式视频/无人机06_1581F7K3C254N00D16Y8/DJI_202609080910_002/DJI_20260908092438_0002_V.MP4,22.0,21.988633
FIRE:B2_legacy:uav-07,fire,B2,uav-07,A_legacy_ground_contact,,无人机07_1581F7K3325B100AS0AG_DJI_202609080909_002_frame.jpg,@workspace\_dji_preview\无人机07_1581F7K3325B100AS0AG_DJI_202609080909_002_frame.jpg,/tmp/weak_calibration_multiview_20260929/legacy_frames/无人机07_1581F7K3325B100AS0AG_DJI_202609080909_002_frame.jpg,@raw/02_第二批_20260908_0924_单火点/01_正式视频/无人机07_1581F7K3325B100AS0AG/DJI_202609080909_002/DJI_20260908092438_0002_V.MP4,22.0,21.988633
FIRE:B3_legacy:uav-02,fire,B3,uav-02,A_legacy_ground_contact,,无人机02_1581F7K3C267500D2DQD_DJI_202609080957_005_frame.jpg,@workspace\_dji_preview\无人机02_1581F7K3C267500D2DQD_DJI_202609080957_005_frame.jpg,/tmp/weak_calibration_multiview_20260929/legacy_frames/无人机02_1581F7K3C267500D2DQD_DJI_202609080957_005_frame.jpg,@raw/03_第三批_20260908_1006_多火点/01_正式视频/无人机02_1581F7K3C267500D2DQD/DJI_202609080957_005/DJI_20260908100606_0001_V.MP4,53.0,52.986267
FIRE:B3_legacy:uav-04,fire,B3,uav-04,A_legacy_ground_contact,,无人机04_1581F7K33258900AP021_DJI_202609080957_035_frame.jpg,@workspace\_dji_preview\无人机04_1581F7K33258900AP021_DJI_202609080957_035_frame.jpg,/tmp/weak_calibration_multiview_20260929/legacy_frames/无人机04_1581F7K33258900AP021_DJI_202609080957_035_frame.jpg,@raw/03_第三批_20260908_1006_多火点/01_正式视频/无人机04_1581F7K33258900AP021/DJI_202609080957_035/DJI_20260908100549_0001_V.MP4,71.0,71.004267
FIRE:B3_legacy:uav-09,fire,B3,uav-09,A_legacy_ground_contact,,无人机09_1581F7K3C24CS00AX535_DJI_202609080957_004_frame.jpg,@workspace\_dji_preview\无人机09_1581F7K3C24CS00AX535_DJI_202609080957_004_frame.jpg,/tmp/weak_calibration_multiview_20260929/legacy_frames/无人机09_1581F7K3C24CS00AX535_DJI_202609080957_004_frame.jpg,@raw/03_第三批_20260908_1006_多火点/01_正式视频/无人机09_1581F7K3C24CS00AX535/DJI_202609080957_004/DJI_20260908100604_0001_V.MP4,55.0,54.988267
FIRE:B1_M03:uav-01,fire,B1,uav-01,P_flame_base_proxy,,uav-01_V.jpg,,@project/results/direction_research_20260928/10_comprehensive_direction_revalidation/02_high_redundancy_multiview/frames/B1_M03/uav-01_V.jpg,@raw/01_第一批_20260907_1602_单火点/01_正式视频/无人机01_1581F7K3C251800CYBVP/DJI_202609071553_002/DJI_20260907160207_0001_V.MP4,451.0,450.983867
FIRE:B1_M03:uav-02,fire,B1,uav-02,P_flame_base_proxy,,uav-02_V.jpg,,@project/results/direction_research_20260928/10_comprehensive_direction_revalidation/02_high_redundancy_multiview/frames/B1_M03/uav-02_V.jpg,@raw/01_第一批_20260907_1602_单火点/01_正式视频/无人机02_1581F7K3C267500D2DQD/DJI_202609071534_003/DJI_20260907160153_0005_V.MP4,464.0,463.996867
FIRE:B1_M03:uav-04,fire,B1,uav-04,P_flame_base_proxy,,uav-04_V.jpg,,@project/results/direction_research_20260928/10_comprehensive_direction_revalidation/02_high_redundancy_multiview/frames/B1_M03/uav-04_V.jpg,@raw/01_第一批_20260907_1602_单火点/01_正式视频/无人机04_1581F7K33258900AP021/DJI_202609071553_033/DJI_20260907160203_0002_V.MP4,455.0,454.987867
FIRE:B1_M03:uav-06,fire,B1,uav-06,P_flame_base_proxy,,uav-06_V.jpg,,@project/results/direction_research_20260928/10_comprehensive_direction_revalidation/02_high_redundancy_multiview/frames/B1_M03/uav-06_V.jpg,@raw/01_第一批_20260907_1602_单火点/01_正式视频/无人机06_1581F7K3C254N00D16Y8/DJI_202609071535_001/DJI_20260907160153_0002_V.MP4,465.0,464.997867
FIRE:B1_M03:uav-07,fire,B1,uav-07,P_flame_base_proxy,,uav-07_V.jpg,,@project/results/direction_research_20260928/10_comprehensive_direction_revalidation/02_high_redundancy_multiview/frames/B1_M03/uav-07_V.jpg,@raw/01_第一批_20260907_1602_单火点/01_正式视频/无人机07_1581F7K3325B100AS0AG/DJI_202609071532_001/DJI_20260907160202_0005_V.MP4,456.0,455.988867
FIRE:B1_M03:uav-08,fire,B1,uav-08,P_flame_base_proxy,,uav-08_V.jpg,,@project/results/direction_research_20260928/10_comprehensive_direction_revalidation/02_high_redundancy_multiview/frames/B1_M03/uav-08_V.jpg,@raw/01_第一批_20260907_1602_单火点/01_正式视频/无人机08_1581F7K3C256N00DCP1T/DJI_202609071536_001/DJI_20260907160201_0001_V.MP4,457.0,456.989867
FIRE:B1_M03:uav-09,fire,B1,uav-09,P_flame_base_proxy,,uav-09_V.jpg,,@project/results/direction_research_20260928/10_comprehensive_direction_revalidation/02_high_redundancy_multiview/frames/B1_M03/uav-09_V.jpg,@raw/01_第一批_20260907_1602_单火点/01_正式视频/无人机09_1581F7K3C24CS00AX535/DJI_202609071543_001/DJI_20260907160202_0003_V.MP4,455.0,454.987867
FIRE:B2_M03:uav-01,fire,B2,uav-01,P_flame_base_proxy,,uav-01_V.jpg,,@project/results/direction_research_20260928/10_comprehensive_direction_revalidation/02_high_redundancy_multiview/frames/B2_M03/uav-01_V.jpg,@raw/02_第二批_20260908_0924_单火点/01_正式视频/无人机01_1581F7K3C251800CYBVP/DJI_202609080913_003/DJI_20260908092431_0003_V.MP4,486.0,485.9855
FIRE:B2_M03:uav-02,fire,B2,uav-02,P_flame_base_proxy,,uav-02_V.jpg,,@project/results/direction_research_20260928/10_comprehensive_direction_revalidation/02_high_redundancy_multiview/frames/B2_M03/uav-02_V.jpg,@raw/02_第二批_20260908_0924_单火点/01_正式视频/无人机02_1581F7K3C267500D2DQD/DJI_202609080909_004/DJI_20260908092422_0002_V.MP4,495.0,494.9945
FIRE:B2_M03:uav-03,fire,B2,uav-03,P_flame_base_proxy,,uav-03_V.jpg,,@project/results/direction_research_20260928/10_comprehensive_direction_revalidation/02_high_redundancy_multiview/frames/B2_M03/uav-03_V.jpg,@raw/02_第二批_20260908_0924_单火点/01_正式视频/无人机03_1581F7K3C255900D76E8/DJI_202609080916_004/DJI_20260908092454_0002_V.MP4,463.0,462.995867
FIRE:B2_M03:uav-05,fire,B2,uav-05,P_flame_base_proxy,,uav-05_V.jpg,,@project/results/direction_research_20260928/10_comprehensive_direction_revalidation/02_high_redundancy_multiview/frames/B2_M03/uav-05_V.jpg,@raw/02_第二批_20260908_0924_单火点/01_正式视频/无人机05_1581F7K3C251400CFB45/DJI_202609080912_003/DJI_20260908092427_0002_V.MP4,490.0,489.9895
FIRE:B2_M03:uav-06,fire,B2,uav-06,P_flame_base_proxy,,uav-06_V.jpg,,@project/results/direction_research_20260928/10_comprehensive_direction_revalidation/02_high_redundancy_multiview/frames/B2_M03/uav-06_V.jpg,@raw/02_第二批_20260908_0924_单火点/01_正式视频/无人机06_1581F7K3C254N00D16Y8/DJI_202609080910_002/DJI_20260908092438_0002_V.MP4,479.0,479.011867
FIRE:B2_M03:uav-07,fire,B2,uav-07,P_flame_base_proxy,,uav-07_V.jpg,,@project/results/direction_research_20260928/10_comprehensive_direction_revalidation/02_high_redundancy_multiview/frames/B2_M03/uav-07_V.jpg,@raw/02_第二批_20260908_0924_单火点/01_正式视频/无人机07_1581F7K3325B100AS0AG/DJI_202609080909_002/DJI_20260908092438_0002_V.MP4,479.0,479.011867
FIRE:B2_M03:uav-09,fire,B2,uav-09,P_flame_base_proxy,,uav-09_V.jpg,,@project/results/direction_research_20260928/10_comprehensive_direction_revalidation/02_high_redundancy_multiview/frames/B2_M03/uav-09_V.jpg,@raw/02_第二批_20260908_0924_单火点/01_正式视频/无人机09_1581F7K3C24CS00AX535/DJI_202609080915_003/DJI_20260908092435_0004_V.MP4,481.0,481.013867
FIRE:B3_M02:uav-01,fire,B3,uav-01,P_flame_base_proxy,,uav-01_V.jpg,,@project/results/direction_research_20260928/10_comprehensive_direction_revalidation/02_high_redundancy_multiview/frames/B3_M02/uav-01_V.jpg,@raw/03_第三批_20260908_1006_多火点/01_正式视频/无人机01_1581F7K3C251800CYBVP/DJI_202609080945_004/DJI_20260908100826_0002_V.MP4,95.0,94.9949
FIRE:B3_M02:uav-02,fire,B3,uav-02,P_flame_base_proxy,,uav-02_V.jpg,,@project/results/direction_research_20260928/10_comprehensive_direction_revalidation/02_high_redundancy_multiview/frames/B3_M02/uav-02_V.jpg,@raw/03_第三批_20260908_1006_多火点/01_正式视频/无人机02_1581F7K3C267500D2DQD/DJI_202609080957_005/DJI_20260908100606_0001_V.MP4,234.0,234.000433
FIRE:B3_M02:uav-03,fire,B3,uav-03,P_flame_base_proxy,,uav-03_V.jpg,,@project/results/direction_research_20260928/10_comprehensive_direction_revalidation/02_high_redundancy_multiview/frames/B3_M02/uav-03_V.jpg,@raw/03_第三批_20260908_1006_多火点/01_正式视频/无人机03_1581F7K3C255900D76E8/DJI_202609080957_005/DJI_20260908100550_0001_V.MP4,250.0,250.016433
FIRE:B3_M02:uav-04,fire,B3,uav-04,P_flame_base_proxy,,uav-04_V.jpg,,@project/results/direction_research_20260928/10_comprehensive_direction_revalidation/02_high_redundancy_multiview/frames/B3_M02/uav-04_V.jpg,@raw/03_第三批_20260908_1006_多火点/01_正式视频/无人机04_1581F7K33258900AP021/DJI_202609080957_035/DJI_20260908100549_0001_V.MP4,252.0,251.985067
FIRE:B3_M02:uav-05,fire,B3,uav-05,P_flame_base_proxy,,uav-05_V.jpg,,@project/results/direction_research_20260928/10_comprehensive_direction_revalidation/02_high_redundancy_multiview/frames/B3_M02/uav-05_V.jpg,@raw/03_第三批_20260908_1006_多火点/01_正式视频/无人机05_1581F7K3C251400CFB45/DJI_202609080957_004/DJI_20260908100545_0001_V.MP4,255.0,254.988067
FIRE:B3_M02:uav-07,fire,B3,uav-07,P_flame_base_proxy,,uav-07_V.jpg,,@project/results/direction_research_20260928/10_comprehensive_direction_revalidation/02_high_redundancy_multiview/frames/B3_M02/uav-07_V.jpg,@raw/03_第三批_20260908_1006_多火点/01_正式视频/无人机07_1581F7K3325B100AS0AG/DJI_202609081002_003/DJI_20260908100617_0001_V.MP4,223.0,222.989433
FIRE:B3_M02:uav-09,fire,B3,uav-09,P_flame_base_proxy,,uav-09_V.jpg,,@project/results/direction_research_20260928/10_comprehensive_direction_revalidation/02_high_redundancy_multiview/frames/B3_M02/uav-09_V.jpg,@raw/03_第三批_20260908_1006_多火点/01_正式视频/无人机09_1581F7K3C24CS00AX535/DJI_202609080957_004/DJI_20260908100604_0001_V.MP4,236.0,236.002433
FIRE:B3_M02:uav-08,fire,B3,uav-08,P_flame_base_proxy,,uav-08_V.jpg,,@project/results/direction_research_20260928/10_comprehensive_direction_revalidation/02_high_redundancy_multiview/frames/B3_M02/uav-08_V.jpg,@raw/03_第三批_20260908_1006_多火点/01_正式视频/无人机08_1581F7K3C256N00DCP1T/DJI_202609080958_004/DJI_20260908100611_0001_V.MP4,229.0,228.995433
FIRE:B4_M02:uav-01,fire,B4,uav-01,P_flame_base_proxy,,uav-01_V.jpg,,@project/results/direction_research_20260928/10_comprehensive_direction_revalidation/02_high_redundancy_multiview/frames/B4_M02/uav-01_V.jpg,@raw/04_第四批_20260908_1053_多火点与余热点/01_正式视频/无人机01_1581F7K3C251800CYBVP/DJI_202609081030_005/DJI_20260908105248_0002_V.MP4,225.0,224.991433
FIRE:B4_M02:uav-02,fire,B4,uav-02,P_flame_base_proxy,,uav-02_V.jpg,,@project/results/direction_research_20260928/10_comprehensive_direction_revalidation/02_high_redundancy_multiview/frames/B4_M02/uav-02_V.jpg,@raw/04_第四批_20260908_1053_多火点与余热点/01_正式视频/无人机02_1581F7K3C267500D2DQD/DJI_202609081040_006/DJI_20260908105306_0001_V.MP4,207.0,207.0068
FIRE:B4_M02:uav-03,fire,B4,uav-03,P_flame_base_proxy,,uav-03_V.jpg,,@project/results/direction_research_20260928/10_comprehensive_direction_revalidation/02_high_redundancy_multiview/frames/B4_M02/uav-03_V.jpg,@raw/04_第四批_20260908_1053_多火点与余热点/01_正式视频/无人机03_1581F7K3C255900D76E8/DJI_202609081046_006/DJI_20260908105253_0001_V.MP4,221.0,220.987433
FIRE:B4_M02:uav-04,fire,B4,uav-04,P_flame_base_proxy,,uav-04_V.jpg,,@project/results/direction_research_20260928/10_comprehensive_direction_revalidation/02_high_redundancy_multiview/frames/B4_M02/uav-04_V.jpg,@raw/04_第四批_20260908_1053_多火点与余热点/01_正式视频/无人机04_1581F7K33258900AP021/DJI_202609081042_036/DJI_20260908105259_0001_V.MP4,215.0,215.0148
FIRE:B4_M02:uav-05,fire,B4,uav-05,P_flame_base_proxy,,uav-05_V.jpg,,@project/results/direction_research_20260928/10_comprehensive_direction_revalidation/02_high_redundancy_multiview/frames/B4_M02/uav-05_V.jpg,@raw/04_第四批_20260908_1053_多火点与余热点/01_正式视频/无人机05_1581F7K3C251400CFB45/DJI_202609081039_005/DJI_20260908105253_0001_V.MP4,221.0,220.987433
FIRE:B4_M02:uav-06,fire,B4,uav-06,P_flame_base_proxy,,uav-06_V.jpg,,@project/results/direction_research_20260928/10_comprehensive_direction_revalidation/02_high_redundancy_multiview/frames/B4_M02/uav-06_V.jpg,@raw/04_第四批_20260908_1053_多火点与余热点/01_正式视频/无人机06_1581F7K3C254N00D16Y8/DJI_202609081040_004/DJI_20260908105300_0001_V.MP4,213.0,213.0128
FIRE:B4_M02:uav-07,fire,B4,uav-07,P_flame_base_proxy,,uav-07_V.jpg,,@project/results/direction_research_20260928/10_comprehensive_direction_revalidation/02_high_redundancy_multiview/frames/B4_M02/uav-07_V.jpg,@raw/04_第四批_20260908_1053_多火点与余热点/01_正式视频/无人机07_1581F7K3325B100AS0AG/DJI_202609081048_005/DJI_20260908105258_0001_V.MP4,215.0,215.0148
FIRE:B4_M02:uav-08,fire,B4,uav-08,P_flame_base_proxy,,uav-08_V.jpg,,@project/results/direction_research_20260928/10_comprehensive_direction_revalidation/02_high_redundancy_multiview/frames/B4_M02/uav-08_V.jpg,@raw/04_第四批_20260908_1053_多火点与余热点/01_正式视频/无人机08_1581F7K3C256N00DCP1T/DJI_202609081036_005/DJI_20260908105257_0001_V.MP4,216.0,216.0158
FIRE:B4_M02:uav-09,fire,B4,uav-09,P_flame_base_proxy,,uav-09_V.jpg,,@project/results/direction_research_20260928/10_comprehensive_direction_revalidation/02_high_redundancy_multiview/frames/B4_M02/uav-09_V.jpg,@raw/04_第四批_20260908_1053_多火点与余热点/01_正式视频/无人机09_1581F7K3C24CS00AX535/DJI_202609081039_006/DJI_20260908105258_0002_V.MP4,216.0,216.0158
BACKGROUND:B1:uav-09/uav-09_t7.jpg,background,B1,uav-09,static_track,colmap_B1_manual,uav-09/uav-09_t7.jpg,,@project/results/direction_screen_20260928/colmap_B1_manual/images/uav-09/uav-09_t7.jpg,@raw/01_第一批_20260907_1602_单火点/01_正式视频/无人机09_1581F7K3C24CS00AX535/DJI_202609071543_001/DJI_20260907160202_0003_V.MP4,635.083577,
BACKGROUND:B1:uav-09/uav-09_t5.jpg,background,B1,uav-09,static_track,colmap_B1_manual,uav-09/uav-09_t5.jpg,,@project/results/direction_screen_20260928/colmap_B1_manual/images/uav-09/uav-09_t5.jpg,@raw/01_第一批_20260907_1602_单火点/01_正式视频/无人机09_1581F7K3C24CS00AX535/DJI_202609071543_001/DJI_20260907160202_0003_V.MP4,454.773984,
BACKGROUND:B1:uav-09/uav-09_t3.jpg,background,B1,uav-09,static_track,colmap_B1_manual,uav-09/uav-09_t3.jpg,,@project/results/direction_screen_20260928/colmap_B1_manual/images/uav-09/uav-09_t3.jpg,@raw/01_第一批_20260907_1602_单火点/01_正式视频/无人机09_1581F7K3C24CS00AX535/DJI_202609071543_001/DJI_20260907160202_0003_V.MP4,274.46439,
BACKGROUND:B1:uav-08/uav-08_t7.jpg,background,B1,uav-08,static_track,colmap_B1_manual,uav-08/uav-08_t7.jpg,,@project/results/direction_screen_20260928/colmap_B1_manual/images/uav-08/uav-08_t7.jpg,@raw/01_第一批_20260907_1602_单火点/01_正式视频/无人机08_1581F7K3C256N00DCP1T/DJI_202609071536_001/DJI_20260907160201_0001_V.MP4,637.083577,
BACKGROUND:B1:uav-08/uav-08_t5.jpg,background,B1,uav-08,static_track,colmap_B1_manual,uav-08/uav-08_t5.jpg,,@project/results/direction_screen_20260928/colmap_B1_manual/images/uav-08/uav-08_t5.jpg,@raw/01_第一批_20260907_1602_单火点/01_正式视频/无人机08_1581F7K3C256N00DCP1T/DJI_202609071536_001/DJI_20260907160201_0001_V.MP4,456.773984,
BACKGROUND:B1:uav-08/uav-08_t3.jpg,background,B1,uav-08,static_track,colmap_B1_manual,uav-08/uav-08_t3.jpg,,@project/results/direction_screen_20260928/colmap_B1_manual/images/uav-08/uav-08_t3.jpg,@raw/01_第一批_20260907_1602_单火点/01_正式视频/无人机08_1581F7K3C256N00DCP1T/DJI_202609071536_001/DJI_20260907160201_0001_V.MP4,276.46439,
BACKGROUND:B1:uav-06/uav-06_t3.jpg,background,B1,uav-06,static_track,colmap_B1_manual,uav-06/uav-06_t3.jpg,,@project/results/direction_screen_20260928/colmap_B1_manual/images/uav-06/uav-06_t3.jpg,@raw/01_第一批_20260907_1602_单火点/01_正式视频/无人机06_1581F7K3C254N00D16Y8/DJI_202609071535_001/DJI_20260907160153_0002_V.MP4,284.46439,
BACKGROUND:B1:uav-06/uav-06_t5.jpg,background,B1,uav-06,static_track,colmap_B1_manual,uav-06/uav-06_t5.jpg,,@project/results/direction_screen_20260928/colmap_B1_manual/images/uav-06/uav-06_t5.jpg,@raw/01_第一批_20260907_1602_单火点/01_正式视频/无人机06_1581F7K3C254N00D16Y8/DJI_202609071535_001/DJI_20260907160153_0002_V.MP4,464.773984,
BACKGROUND:B1:uav-06/uav-06_t7.jpg,background,B1,uav-06,static_track,colmap_B1_manual,uav-06/uav-06_t7.jpg,,@project/results/direction_screen_20260928/colmap_B1_manual/images/uav-06/uav-06_t7.jpg,@raw/01_第一批_20260907_1602_单火点/01_正式视频/无人机06_1581F7K3C254N00D16Y8/DJI_202609071535_001/DJI_20260907160153_0002_V.MP4,645.083577,
BACKGROUND:B1:uav-07/uav-07_t3.jpg,background,B1,uav-07,static_track,colmap_B1_manual,uav-07/uav-07_t3.jpg,,@project/results/direction_screen_20260928/colmap_B1_manual/images/uav-07/uav-07_t3.jpg,@raw/01_第一批_20260907_1602_单火点/01_正式视频/无人机07_1581F7K3325B100AS0AG/DJI_202609071532_001/DJI_20260907160202_0005_V.MP4,275.46439,
BACKGROUND:B1:uav-07/uav-07_t5.jpg,background,B1,uav-07,static_track,colmap_B1_manual,uav-07/uav-07_t5.jpg,,@project/results/direction_screen_20260928/colmap_B1_manual/images/uav-07/uav-07_t5.jpg,@raw/01_第一批_20260907_1602_单火点/01_正式视频/无人机07_1581F7K3325B100AS0AG/DJI_202609071532_001/DJI_20260907160202_0005_V.MP4,455.773984,
BACKGROUND:B1:uav-07/uav-07_t7.jpg,background,B1,uav-07,static_track,colmap_B1_manual,uav-07/uav-07_t7.jpg,,@project/results/direction_screen_20260928/colmap_B1_manual/images/uav-07/uav-07_t7.jpg,@raw/01_第一批_20260907_1602_单火点/01_正式视频/无人机07_1581F7K3325B100AS0AG/DJI_202609071532_001/DJI_20260907160202_0005_V.MP4,636.083577,
BACKGROUND:B2:uav-09/uav-09_t7.jpg,background,B2,uav-09,static_track,colmap_B2,uav-09/uav-09_t7.jpg,,@project/results/direction_screen_20260928/colmap_B2/images/uav-09/uav-09_t7.jpg,@raw/02_第二批_20260908_0924_单火点/01_正式视频/无人机09_1581F7K3C24CS00AX535/DJI_202609080915_003/DJI_20260908092435_0004_V.MP4,696.457197,
BACKGROUND:B2:uav-09/uav-09_t5.jpg,background,B2,uav-09,static_track,colmap_B2,uav-09/uav-09_t5.jpg,,@project/results/direction_screen_20260928/colmap_B2/images/uav-09/uav-09_t5.jpg,@raw/02_第二批_20260908_0924_单火点/01_正式视频/无人机09_1581F7K3C24CS00AX535/DJI_202609080915_003/DJI_20260908092435_0004_V.MP4,502.612284,
BACKGROUND:B2:uav-09/uav-09_t3.jpg,background,B2,uav-09,static_track,colmap_B2,uav-09/uav-09_t3.jpg,,@project/results/direction_screen_20260928/colmap_B2/images/uav-09/uav-09_t3.jpg,@raw/02_第二批_20260908_0924_单火点/01_正式视频/无人机09_1581F7K3C24CS00AX535/DJI_202609080915_003/DJI_20260908092435_0004_V.MP4,308.76737,
BACKGROUND:B2:uav-07/uav-07_t7.jpg,background,B2,uav-07,static_track,colmap_B2,uav-07/uav-07_t7.jpg,,@project/results/direction_screen_20260928/colmap_B2/images/uav-07/uav-07_t7.jpg,@raw/02_第二批_20260908_0924_单火点/01_正式视频/无人机07_1581F7K3325B100AS0AG/DJI_202609080909_002/DJI_20260908092438_0002_V.MP4,694.457197,
BACKGROUND:B2:uav-07/uav-07_t5.jpg,background,B2,uav-07,static_track,colmap_B2,uav-07/uav-07_t5.jpg,,@project/results/direction_screen_20260928/colmap_B2/images/uav-07/uav-07_t5.jpg,@raw/02_第二批_20260908_0924_单火点/01_正式视频/无人机07_1581F7K3325B100AS0AG/DJI_202609080909_002/DJI_20260908092438_0002_V.MP4,500.612284,
BACKGROUND:B2:uav-06/uav-06_t3.jpg,background,B2,uav-06,static_track,colmap_B2,uav-06/uav-06_t3.jpg,,@project/results/direction_screen_20260928/colmap_B2/images/uav-06/uav-06_t3.jpg,@raw/02_第二批_20260908_0924_单火点/01_正式视频/无人机06_1581F7K3C254N00D16Y8/DJI_202609080910_002/DJI_20260908092438_0002_V.MP4,306.76737,
BACKGROUND:B2:uav-07/uav-07_t3.jpg,background,B2,uav-07,static_track,colmap_B2,uav-07/uav-07_t3.jpg,,@project/results/direction_screen_20260928/colmap_B2/images/uav-07/uav-07_t3.jpg,@raw/02_第二批_20260908_0924_单火点/01_正式视频/无人机07_1581F7K3325B100AS0AG/DJI_202609080909_002/DJI_20260908092438_0002_V.MP4,306.76737,
BACKGROUND:B2:uav-02/uav-02_t7.jpg,background,B2,uav-02,static_track,colmap_B2,uav-02/uav-02_t7.jpg,,@project/results/direction_screen_20260928/colmap_B2/images/uav-02/uav-02_t7.jpg,@raw/02_第二批_20260908_0924_单火点/01_正式视频/无人机02_1581F7K3C267500D2DQD/DJI_202609080909_004/DJI_20260908092422_0002_V.MP4,710.457197,
BACKGROUND:B2:uav-06/uav-06_t7.jpg,background,B2,uav-06,static_track,colmap_B2,uav-06/uav-06_t7.jpg,,@project/results/direction_screen_20260928/colmap_B2/images/uav-06/uav-06_t7.jpg,@raw/02_第二批_20260908_0924_单火点/01_正式视频/无人机06_1581F7K3C254N00D16Y8/DJI_202609080910_002/DJI_20260908092438_0002_V.MP4,694.457197,
BACKGROUND:B2:uav-02/uav-02_t5.jpg,background,B2,uav-02,static_track,colmap_B2,uav-02/uav-02_t5.jpg,,@project/results/direction_screen_20260928/colmap_B2/images/uav-02/uav-02_t5.jpg,@raw/02_第二批_20260908_0924_单火点/01_正式视频/无人机02_1581F7K3C267500D2DQD/DJI_202609080909_004/DJI_20260908092422_0002_V.MP4,516.612284,
BACKGROUND:B2:uav-06/uav-06_t5.jpg,background,B2,uav-06,static_track,colmap_B2,uav-06/uav-06_t5.jpg,,@project/results/direction_screen_20260928/colmap_B2/images/uav-06/uav-06_t5.jpg,@raw/02_第二批_20260908_0924_单火点/01_正式视频/无人机06_1581F7K3C254N00D16Y8/DJI_202609080910_002/DJI_20260908092438_0002_V.MP4,500.612284,
BACKGROUND:B2:uav-02/uav-02_t3.jpg,background,B2,uav-02,static_track,colmap_B2,uav-02/uav-02_t3.jpg,,@project/results/direction_screen_20260928/colmap_B2/images/uav-02/uav-02_t3.jpg,@raw/02_第二批_20260908_0924_单火点/01_正式视频/无人机02_1581F7K3C267500D2DQD/DJI_202609080909_004/DJI_20260908092422_0002_V.MP4,322.76737,
BACKGROUND:B3:uav-09/uav-09_t7.jpg,background,B3,uav-09,static_track,colmap_B3_manual,uav-09/uav-09_t7.jpg,,@project/results/direction_screen_20260928/colmap_B3_manual/images/uav-09/uav-09_t7.jpg,@raw/03_第三批_20260908_1006_多火点/01_正式视频/无人机09_1581F7K3C24CS00AX535/DJI_202609080957_004/DJI_20260908100604_0001_V.MP4,403.688603,
BACKGROUND:B3:uav-09/uav-09_t5.jpg,background,B3,uav-09,static_track,colmap_B3_manual,uav-09/uav-09_t5.jpg,,@project/results/direction_screen_20260928/colmap_B3_manual/images/uav-09/uav-09_t5.jpg,@raw/03_第三批_20260908_1006_多火点/01_正式视频/无人机09_1581F7K3C24CS00AX535/DJI_202609080957_004/DJI_20260908100604_0001_V.MP4,328.634716,
BACKGROUND:B3:uav-09/uav-09_t3.jpg,background,B3,uav-09,static_track,colmap_B3_manual,uav-09/uav-09_t3.jpg,,@project/results/direction_screen_20260928/colmap_B3_manual/images/uav-09/uav-09_t3.jpg,@raw/03_第三批_20260908_1006_多火点/01_正式视频/无人机09_1581F7K3C24CS00AX535/DJI_202609080957_004/DJI_20260908100604_0001_V.MP4,253.58083,
BACKGROUND:B3:uav-07/uav-07_t7.jpg,background,B3,uav-07,static_track,colmap_B3_manual,uav-07/uav-07_t7.jpg,,@project/results/direction_screen_20260928/colmap_B3_manual/images/uav-07/uav-07_t7.jpg,@raw/03_第三批_20260908_1006_多火点/01_正式视频/无人机07_1581F7K3325B100AS0AG/DJI_202609081002_003/DJI_20260908100617_0001_V.MP4,390.688603,
BACKGROUND:B3:uav-07/uav-07_t5.jpg,background,B3,uav-07,static_track,colmap_B3_manual,uav-07/uav-07_t5.jpg,,@project/results/direction_screen_20260928/colmap_B3_manual/images/uav-07/uav-07_t5.jpg,@raw/03_第三批_20260908_1006_多火点/01_正式视频/无人机07_1581F7K3325B100AS0AG/DJI_202609081002_003/DJI_20260908100617_0001_V.MP4,315.634716,
BACKGROUND:B3:uav-07/uav-07_t3.jpg,background,B3,uav-07,static_track,colmap_B3_manual,uav-07/uav-07_t3.jpg,,@project/results/direction_screen_20260928/colmap_B3_manual/images/uav-07/uav-07_t3.jpg,@raw/03_第三批_20260908_1006_多火点/01_正式视频/无人机07_1581F7K3325B100AS0AG/DJI_202609081002_003/DJI_20260908100617_0001_V.MP4,240.58083,
BACKGROUND:B3:uav-06/uav-06_t7.jpg,background,B3,uav-06,static_track,colmap_B3_manual,uav-06/uav-06_t7.jpg,,@project/results/direction_screen_20260928/colmap_B3_manual/images/uav-06/uav-06_t7.jpg,@raw/03_第三批_20260908_1006_多火点/01_正式视频/无人机06_1581F7K3C254N00D16Y8/DJI_202609080946_003/DJI_20260908100628_0001_V.MP4,379.688603,
BACKGROUND:B3:uav-05/uav-05_t7.jpg,background,B3,uav-05,static_track,colmap_B3_manual,uav-05/uav-05_t7.jpg,,@project/results/direction_screen_20260928/colmap_B3_manual/images/uav-05/uav-05_t7.jpg,@raw/03_第三批_20260908_1006_多火点/01_正式视频/无人机05_1581F7K3C251400CFB45/DJI_202609080957_004/DJI_20260908100545_0001_V.MP4,422.688603,
BACKGROUND:B3:uav-02/uav-02_t3.jpg,background,B3,uav-02,static_track,colmap_B3_manual,uav-02/uav-02_t3.jpg,,@project/results/direction_screen_20260928/colmap_B3_manual/images/uav-02/uav-02_t3.jpg,@raw/03_第三批_20260908_1006_多火点/01_正式视频/无人机02_1581F7K3C267500D2DQD/DJI_202609080957_005/DJI_20260908100606_0001_V.MP4,251.58083,
BACKGROUND:B3:uav-06/uav-06_t3.jpg,background,B3,uav-06,static_track,colmap_B3_manual,uav-06/uav-06_t3.jpg,,@project/results/direction_screen_20260928/colmap_B3_manual/images/uav-06/uav-06_t3.jpg,@raw/03_第三批_20260908_1006_多火点/01_正式视频/无人机06_1581F7K3C254N00D16Y8/DJI_202609080946_003/DJI_20260908100628_0001_V.MP4,229.58083,
BACKGROUND:B3:uav-02/uav-02_t5.jpg,background,B3,uav-02,static_track,colmap_B3_manual,uav-02/uav-02_t5.jpg,,@project/results/direction_screen_20260928/colmap_B3_manual/images/uav-02/uav-02_t5.jpg,@raw/03_第三批_20260908_1006_多火点/01_正式视频/无人机02_1581F7K3C267500D2DQD/DJI_202609080957_005/DJI_20260908100606_0001_V.MP4,326.634716,
BACKGROUND:B3:uav-06/uav-06_t5.jpg,background,B3,uav-06,static_track,colmap_B3_manual,uav-06/uav-06_t5.jpg,,@project/results/direction_screen_20260928/colmap_B3_manual/images/uav-06/uav-06_t5.jpg,@raw/03_第三批_20260908_1006_多火点/01_正式视频/无人机06_1581F7K3C254N00D16Y8/DJI_202609080946_003/DJI_20260908100628_0001_V.MP4,304.634716,
BACKGROUND:B3:uav-02/uav-02_t7.jpg,background,B3,uav-02,static_track,colmap_B3_manual,uav-02/uav-02_t7.jpg,,@project/results/direction_screen_20260928/colmap_B3_manual/images/uav-02/uav-02_t7.jpg,@raw/03_第三批_20260908_1006_多火点/01_正式视频/无人机02_1581F7K3C267500D2DQD/DJI_202609080957_005/DJI_20260908100606_0001_V.MP4,401.688603,
BACKGROUND:B3:uav-04/uav-04_t3.jpg,background,B3,uav-04,static_track,colmap_B3_manual,uav-04/uav-04_t3.jpg,,@project/results/direction_screen_20260928/colmap_B3_manual/images/uav-04/uav-04_t3.jpg,@raw/03_第三批_20260908_1006_多火点/01_正式视频/无人机04_1581F7K33258900AP021/DJI_202609080957_035/DJI_20260908100549_0001_V.MP4,269.58083,
BACKGROUND:B3:uav-04/uav-04_t5.jpg,background,B3,uav-04,static_track,colmap_B3_manual,uav-04/uav-04_t5.jpg,,@project/results/direction_screen_20260928/colmap_B3_manual/images/uav-04/uav-04_t5.jpg,@raw/03_第三批_20260908_1006_多火点/01_正式视频/无人机04_1581F7K33258900AP021/DJI_202609080957_035/DJI_20260908100549_0001_V.MP4,344.634716,
BACKGROUND:B3:uav-04/uav-04_t7.jpg,background,B3,uav-04,static_track,colmap_B3_manual,uav-04/uav-04_t7.jpg,,@project/results/direction_screen_20260928/colmap_B3_manual/images/uav-04/uav-04_t7.jpg,@raw/03_第三批_20260908_1006_多火点/01_正式视频/无人机04_1581F7K33258900AP021/DJI_202609080957_035/DJI_20260908100549_0001_V.MP4,419.688603,
BACKGROUND:B3:uav-05/uav-05_t3.jpg,background,B3,uav-05,static_track,colmap_B3_manual,uav-05/uav-05_t3.jpg,,@project/results/direction_screen_20260928/colmap_B3_manual/images/uav-05/uav-05_t3.jpg,@raw/03_第三批_20260908_1006_多火点/01_正式视频/无人机05_1581F7K3C251400CFB45/DJI_202609080957_004/DJI_20260908100545_0001_V.MP4,272.58083,
BACKGROUND:B3:uav-05/uav-05_t5.jpg,background,B3,uav-05,static_track,colmap_B3_manual,uav-05/uav-05_t5.jpg,,@project/results/direction_screen_20260928/colmap_B3_manual/images/uav-05/uav-05_t5.jpg,@raw/03_第三批_20260908_1006_多火点/01_正式视频/无人机05_1581F7K3C251400CFB45/DJI_202609080957_004/DJI_20260908100545_0001_V.MP4,347.634716,
BACKGROUND:B4:uav-09/uav-09_t7.jpg,background,B4,uav-09,static_track,colmap_B4,uav-09/uav-09_t7.jpg,,@project/results/direction_screen_20260928/colmap_B4/images/uav-09/uav-09_t7.jpg,@raw/04_第四批_20260908_1053_多火点与余热点/01_正式视频/无人机09_1581F7K3C24CS00AX535/DJI_202609081039_006/DJI_20260908105258_0002_V.MP4,597.17738,
BACKGROUND:B4:uav-02/uav-02_t3.jpg,background,B4,uav-02,static_track,colmap_B4,uav-02/uav-02_t3.jpg,,@project/results/direction_screen_20260928/colmap_B4/images/uav-02/uav-02_t3.jpg,@raw/04_第四批_20260908_1053_多火点与余热点/01_正式视频/无人机02_1581F7K3C267500D2DQD/DJI_202609081040_006/DJI_20260908105306_0001_V.MP4,252.07602,
BACKGROUND:B4:uav-06/uav-06_t5.jpg,background,B4,uav-06,static_track,colmap_B4,uav-06/uav-06_t5.jpg,,@project/results/direction_screen_20260928/colmap_B4/images/uav-06/uav-06_t5.jpg,@raw/04_第四批_20260908_1053_多火点与余热点/01_正式视频/无人机06_1581F7K3C254N00D16Y8/DJI_202609081040_004/DJI_20260908105300_0001_V.MP4,426.1267,
BACKGROUND:B4:uav-02/uav-02_t5.jpg,background,B4,uav-02,static_track,colmap_B4,uav-02/uav-02_t5.jpg,,@project/results/direction_screen_20260928/colmap_B4/images/uav-02/uav-02_t5.jpg,@raw/04_第四批_20260908_1053_多火点与余热点/01_正式视频/无人机02_1581F7K3C267500D2DQD/DJI_202609081040_006/DJI_20260908105306_0001_V.MP4,420.1267,
BACKGROUND:B4:uav-02/uav-02_t7.jpg,background,B4,uav-02,static_track,colmap_B4,uav-02/uav-02_t7.jpg,,@project/results/direction_screen_20260928/colmap_B4/images/uav-02/uav-02_t7.jpg,@raw/04_第四批_20260908_1053_多火点与余热点/01_正式视频/无人机02_1581F7K3C267500D2DQD/DJI_202609081040_006/DJI_20260908105306_0001_V.MP4,588.17738,
BACKGROUND:B4:uav-07/uav-07_t3.jpg,background,B4,uav-07,static_track,colmap_B4,uav-07/uav-07_t3.jpg,,@project/results/direction_screen_20260928/colmap_B4/images/uav-07/uav-07_t3.jpg,@raw/04_第四批_20260908_1053_多火点与余热点/01_正式视频/无人机07_1581F7K3325B100AS0AG/DJI_202609081048_005/DJI_20260908105258_0001_V.MP4,260.07602,
BACKGROUND:B4:uav-06/uav-06_t3.jpg,background,B4,uav-06,static_track,colmap_B4,uav-06/uav-06_t3.jpg,,@project/results/direction_screen_20260928/colmap_B4/images/uav-06/uav-06_t3.jpg,@raw/04_第四批_20260908_1053_多火点与余热点/01_正式视频/无人机06_1581F7K3C254N00D16Y8/DJI_202609081040_004/DJI_20260908105300_0001_V.MP4,258.07602,
BACKGROUND:B4:uav-07/uav-07_t5.jpg,background,B4,uav-07,static_track,colmap_B4,uav-07/uav-07_t5.jpg,,@project/results/direction_screen_20260928/colmap_B4/images/uav-07/uav-07_t5.jpg,@raw/04_第四批_20260908_1053_多火点与余热点/01_正式视频/无人机07_1581F7K3325B100AS0AG/DJI_202609081048_005/DJI_20260908105258_0001_V.MP4,428.1267,
BACKGROUND:B4:uav-07/uav-07_t7.jpg,background,B4,uav-07,static_track,colmap_B4,uav-07/uav-07_t7.jpg,,@project/results/direction_screen_20260928/colmap_B4/images/uav-07/uav-07_t7.jpg,@raw/04_第四批_20260908_1053_多火点与余热点/01_正式视频/无人机07_1581F7K3325B100AS0AG/DJI_202609081048_005/DJI_20260908105258_0001_V.MP4,596.17738,
BACKGROUND:B4:uav-08/uav-08_t3.jpg,background,B4,uav-08,static_track,colmap_B4,uav-08/uav-08_t3.jpg,,@project/results/direction_screen_20260928/colmap_B4/images/uav-08/uav-08_t3.jpg,@raw/04_第四批_20260908_1053_多火点与余热点/01_正式视频/无人机08_1581F7K3C256N00DCP1T/DJI_202609081036_005/DJI_20260908105257_0001_V.MP4,261.07602,
BACKGROUND:B4:uav-08/uav-08_t5.jpg,background,B4,uav-08,static_track,colmap_B4,uav-08/uav-08_t5.jpg,,@project/results/direction_screen_20260928/colmap_B4/images/uav-08/uav-08_t5.jpg,@raw/04_第四批_20260908_1053_多火点与余热点/01_正式视频/无人机08_1581F7K3C256N00DCP1T/DJI_202609081036_005/DJI_20260908105257_0001_V.MP4,429.1267,
BACKGROUND:B4:uav-08/uav-08_t7.jpg,background,B4,uav-08,static_track,colmap_B4,uav-08/uav-08_t7.jpg,,@project/results/direction_screen_20260928/colmap_B4/images/uav-08/uav-08_t7.jpg,@raw/04_第四批_20260908_1053_多火点与余热点/01_正式视频/无人机08_1581F7K3C256N00DCP1T/DJI_202609081036_005/DJI_20260908105257_0001_V.MP4,597.17738,
BACKGROUND:B4:uav-09/uav-09_t3.jpg,background,B4,uav-09,static_track,colmap_B4,uav-09/uav-09_t3.jpg,,@project/results/direction_screen_20260928/colmap_B4/images/uav-09/uav-09_t3.jpg,@raw/04_第四批_20260908_1053_多火点与余热点/01_正式视频/无人机09_1581F7K3C24CS00AX535/DJI_202609081039_006/DJI_20260908105258_0002_V.MP4,261.07602,
BACKGROUND:B4:uav-09/uav-09_t5.jpg,background,B4,uav-09,static_track,colmap_B4,uav-09/uav-09_t5.jpg,,@project/results/direction_screen_20260928/colmap_B4/images/uav-09/uav-09_t5.jpg,@raw/04_第四批_20260908_1053_多火点与余热点/01_正式视频/无人机09_1581F7K3C24CS00AX535/DJI_202609081039_006/DJI_20260908105258_0002_V.MP4,429.1267,
