moment_id,batch,fire_id,tier,uav,frame,video,requested_offset_s,verified_pts_s,pts_minus_requested_s,v_subtitle_local_time,subtitle_cue_minus_image_pts_s,old_telemetry_source,old_focal_mm_eq,v_focal_mm_eq,old_zoom,v_zoom,old_lat,v_lat,old_lon,v_lon,old_alt,v_alt,old_yaw,v_yaw,old_pitch,v_pitch,frame_match_psnr_db,frame_match_margin_db,anomaly,focal_difference_mm_eq,zoom_difference
B1_M03,B1,B1,P_flame_base_proxy,uav-04,uav-04_V.jpg,@raw/01_第一批_20260907_1602_单火点/01_正式视频/无人机04_1581F7K33258900AP021/DJI_202609071553_033/DJI_20260907160203_0002_V.MP4,455.0,455.02123,0.02123,2026-09-07 16:09:38.419,-0.017,sampled_MP4_S_subtitle,52.7,55.3,1.0,2.3,31.289148,31.289148,120.472905,120.472905,59.610,59.609,-99.0,-99.0,-24.1,-24.1,51.0063,25.296,old_lens_state_conflicts_with_image_matched_V_subtitle,2.5999999999999943,1.2999999999999998
B1_M03,B1,B1,P_flame_base_proxy,uav-06,uav-06_V.jpg,@raw/01_第一批_20260907_1602_单火点/01_正式视频/无人机06_1581F7K3C254N00D16Y8/DJI_202609071535_001/DJI_20260907160153_0002_V.MP4,465.0,465.03123,0.03123,2026-09-07 16:09:38.242,-0.017,sampled_MP4_S_subtitle,52.7,24.0,1.0,1.0,31.289255,31.289255,120.472711,120.472711,65.847,65.85,157.7,157.7,-37.3,-37.3,50.9996,13.549,old_lens_state_conflicts_with_image_matched_V_subtitle,-28.700000000000003,0.0
B1_M03,B1,B1,P_flame_base_proxy,uav-07,uav-07_V.jpg,@raw/01_第一批_20260907_1602_单火点/01_正式视频/无人机07_1581F7K3325B100AS0AG/DJI_202609071532_001/DJI_20260907160202_0005_V.MP4,456.0,456.02223,0.02223,2026-09-07 16:09:38.585,-0.017,sampled_MP4_S_subtitle,52.7,54.0,1.0,2.25,31.289118,31.289118,120.472871,120.47287,70.916,70.917,-76.3,-76.3,-57.7,-57.7,50.7578,26.8908,old_lens_state_conflicts_with_image_matched_V_subtitle,1.2999999999999972,1.25
B2_M03,B2,B2,P_flame_base_proxy,uav-02,uav-02_V.jpg,@raw/02_第二批_20260908_0924_单火点/01_正式视频/无人机02_1581F7K3C267500D2DQD/DJI_202609080909_004/DJI_20260908092422_0002_V.MP4,495.0,495.02787,0.02787,2026-09-08 09:32:37.393,-0.016,sampled_MP4_S_subtitle,52.7,53.8,1.0,2.24,31.289474,31.289474,120.472732,120.472732,88.503,88.502,85.5,85.5,-77.8,-77.8,50.6335,16.8627,old_lens_state_conflicts_with_image_matched_V_subtitle,1.0999999999999943,1.2400000000000002
B3_M02,B3,B3_N,P_flame_base_proxy,uav-04,uav-04_V.jpg,@raw/03_第三批_20260908_1006_多火点/01_正式视频/无人机04_1581F7K33258900AP021/DJI_202609080957_035/DJI_20260908100549_0001_V.MP4,252.0,252.01843,0.01843,2026-09-08 10:10:01.051,0.016,sampled_MP4_S_subtitle,52.7,53.8,1.0,2.24,31.289659,31.289659,120.472251,120.472251,75.160,75.161,74.3,74.3,-19.4,-19.4,51.0116,14.7352,old_lens_state_conflicts_with_image_matched_V_subtitle,1.0999999999999943,1.2400000000000002
B3_M02,B3,B3_S,P_flame_base_proxy,uav-04,uav-04_V.jpg,@raw/03_第三批_20260908_1006_多火点/01_正式视频/无人机04_1581F7K33258900AP021/DJI_202609080957_035/DJI_20260908100549_0001_V.MP4,252.0,252.01843,0.01843,2026-09-08 10:10:01.051,0.016,sampled_MP4_S_subtitle,52.7,53.8,1.0,2.24,31.289659,31.289659,120.472251,120.472251,75.160,75.161,74.3,74.3,-19.4,-19.4,51.0116,14.7352,old_lens_state_conflicts_with_image_matched_V_subtitle,1.0999999999999943,1.2400000000000002
B3_M02,B3,B3_S,P_flame_base_proxy,uav-08,uav-08_V.jpg,@raw/03_第三批_20260908_1006_多火点/01_正式视频/无人机08_1581F7K3C256N00DCP1T/DJI_202609080958_004/DJI_20260908100611_0001_V.MP4,229.0,229.0288,0.0288,2026-09-08 10:10:00.317,-0.016,sampled_MP4_S_subtitle,52.7,24.0,1.0,1.0,31.289666,31.289666,120.472941,120.472941,69.306,69.307,-66.9,-66.9,-29.9,-29.9,50.9504,10.8663,old_lens_state_conflicts_with_image_matched_V_subtitle,-28.700000000000003,0.0
B4_M02,B4,B4_E,P_flame_base_proxy,uav-02,uav-02_V.jpg,@raw/04_第四批_20260908_1053_多火点与余热点/01_正式视频/无人机02_1581F7K3C267500D2DQD/DJI_202609081040_006/DJI_20260908105306_0001_V.MP4,207.0,207.0068,0.0068,2026-09-08 10:56:33.504,-0.016,sampled_MP4_S_subtitle,52.7,52.8,1.0,2.2,31.289036,31.289036,120.472560,120.47256,95.948,95.948,167.5,167.5,-57.5,-57.5,50.8169,17.295,old_lens_state_conflicts_with_image_matched_V_subtitle,0.09999999999999432,1.2000000000000002
B4_M02,B4,B4_E,P_flame_base_proxy,uav-04,uav-04_V.jpg,@raw/04_第四批_20260908_1053_多火点与余热点/01_正式视频/无人机04_1581F7K33258900AP021/DJI_202609081042_036/DJI_20260908105259_0001_V.MP4,215.0,215.0148,0.0148,2026-09-08 10:56:34.223,-0.016,sampled_MP4_S_subtitle,52.7,53.8,1.0,2.24,31.288569,31.288569,120.472690,120.47269,73.926,73.924,-0.2,-0.2,-36.2,-36.2,50.7969,24.6069,old_lens_state_conflicts_with_image_matched_V_subtitle,1.0999999999999943,1.2400000000000002
B4_M02,B4,B4_E,P_flame_base_proxy,uav-06,uav-06_V.jpg,@raw/04_第四批_20260908_1053_多火点与余热点/01_正式视频/无人机06_1581F7K3C254N00D16Y8/DJI_202609081040_004/DJI_20260908105300_0001_V.MP4,213.0,213.0128,0.0128,2026-09-08 10:56:33.660,-0.016,sampled_MP4_S_subtitle,52.7,54.7,1.0,2.28,31.289038,31.289038,120.472849,120.472849,78.162,78.167,-141.8,-141.8,-43.8,-43.8,51.0011,17.7874,old_lens_state_conflicts_with_image_matched_V_subtitle,2.0,1.2799999999999998
B4_M02,B4,B4_W,P_flame_base_proxy,uav-02,uav-02_V.jpg,@raw/04_第四批_20260908_1053_多火点与余热点/01_正式视频/无人机02_1581F7K3C267500D2DQD/DJI_202609081040_006/DJI_20260908105306_0001_V.MP4,207.0,207.0068,0.0068,2026-09-08 10:56:33.504,-0.016,sampled_MP4_S_subtitle,52.7,52.8,1.0,2.2,31.289036,31.289036,120.472560,120.47256,95.948,95.948,167.5,167.5,-57.5,-57.5,50.8169,17.295,old_lens_state_conflicts_with_image_matched_V_subtitle,0.09999999999999432,1.2000000000000002
B4_M02,B4,B4_W,P_flame_base_proxy,uav-06,uav-06_V.jpg,@raw/04_第四批_20260908_1053_多火点与余热点/01_正式视频/无人机06_1581F7K3C254N00D16Y8/DJI_202609081040_004/DJI_20260908105300_0001_V.MP4,213.0,213.0128,0.0128,2026-09-08 10:56:33.660,-0.016,sampled_MP4_S_subtitle,52.7,54.7,1.0,2.28,31.289038,31.289038,120.472849,120.472849,78.162,78.167,-141.8,-141.8,-43.8,-43.8,51.0011,17.7874,old_lens_state_conflicts_with_image_matched_V_subtitle,2.0,1.2799999999999998
