moment_id,batch,fire_id,tier,draws,horizontal_shift_p50_m,horizontal_shift_p95_m,stress_horizontal_shift_p95_m,horizontal_sample_sd_east_m,horizontal_sample_sd_north_m,output_decision,gate_reasons,assumed_common_yaw_pitch_sigma_deg,assumed_common_focal_scale_sigma,assumed_per_view_yaw_pitch_sigma_deg,assumed_per_view_focal_scale_sigma,assumed_GPS_sigma_each_axis_m,assumed_pixel_sigma_px,stress_common_yaw_pitch_sigma_deg,stress_common_focal_scale_sigma,stress_GPS_sigma_each_axis_m,stress_pixel_sigma_px,conditional_reference_difference_m,ray_rms_m,max_loo_horizontal_drift_m,cross_view_wall_time_span_s
B1_M03,B1,B1,P_flame_base_proxy,500,0.6309500524373357,1.2943161075474845,2.344460468633739,0.6155096338148806,0.43925635613787495,accept,,2,0.1,0.5,0.025,1,3,3,0.15,2,5,1.4856092604543443,1.1306833699205432,0.429294161779581,0.809
B1_legacy,B1,B1,A_legacy_ground_contact,500,0.8901696830118808,1.893849240416304,3.6288950563761007,0.821154171914763,0.7124793193055322,accept,,2,0.1,0.5,0.025,1,3,3,0.15,2,5,1.601776179410455,0.360047296926353,0.3398044450972417,0.72
B2_M03,B2,B2,P_flame_base_proxy,500,0.6858374127065818,1.4374087599653624,2.5351062517043235,0.5706155560367455,0.5030940886856221,accept,,2,0.1,0.5,0.025,1,3,3,0.15,2,5,1.1997082342428618,2.934964039723948,0.6034704866344682,0.873
B2_legacy,B2,B2,A_legacy_ground_contact,500,1.1731699820123191,2.6896015026988884,5.257360169884089,0.783955240365556,1.190836669541081,reject,loo_gt_10m,2,0.1,0.5,0.025,1,3,3,0.15,2,5,1.426238531837401,2.587215746091072,10.247312031275001,0.471
B3_M02,B3,B3_N,P_flame_base_proxy,500,1.8569219415259508,4.5099580645249855,7.302383862731044,1.056024884836481,2.1395777788042487,accept,,2,0.1,0.5,0.025,1,3,3,0.15,2,5,,2.4889395637892977,0.547633652705336,0.593
B3_M02,B3,B3_S,P_flame_base_proxy,500,1.899760733580997,4.400815576260343,6.972355594980817,1.6687380997905426,1.7703385550223987,accept,,2,0.1,0.5,0.025,1,3,3,0.15,2,5,6.010726152034165,3.862223667423807,1.225254328147653,0.734
B3_legacy,B3,B3_N,A_legacy_ground_contact,500,2.449054432760942,5.621331057482459,9.127684896326494,1.7138991266352828,2.610392003766106,accept,,2,0.1,0.5,0.025,1,3,3,0.15,2,5,,1.0807007542206237,4.600737642205695,0.532
B3_legacy,B3,B3_S,A_legacy_ground_contact,500,2.4575533739683584,5.334034715995936,9.319559096015713,2.0498318397192232,2.231659500556818,accept,,2,0.1,0.5,0.025,1,3,3,0.15,2,5,6.435156429527418,0.7692695565467836,2.8685748752174254,0.532
B4_M02,B4,B4_E,P_flame_base_proxy,500,1.0489597027291193,2.664540780845819,4.019945810972828,1.2661975247678319,0.681297071664818,reject,min_pair_angle_lt_5deg|cross_view_time_span_gt_1s,2,0.1,0.5,0.025,1,3,3,0.15,2,5,,2.8458324171855645,0.6069063465287816,1.189
B4_M02,B4,B4_W,P_flame_base_proxy,500,1.6723407304395934,4.025224265289919,6.505309983509213,2.069049757416696,0.7970271162655721,reject,ray_rms_gt_5m|cross_view_time_span_gt_1s,2,0.1,0.5,0.025,1,3,3,0.15,2,5,,5.003436843138342,1.0660487803351035,1.189
