group_by,group,image_occurrences,unique_images,label_versions,empty_label_versions,flame_positive_label_versions,unlabelled_unique_images,bbox_count
batch,B2,719,301,168,38,119,252,153
batch,B1,1211,375,339,8,327,206,385
batch,B3,1092,493,261,77,110,365,304
batch,B4,1468,687,309,95,95,548,309
batch,unknown,126,103,103,0,103,0,203
physical_fire_id,B2,719,301,168,38,119,252,153
physical_fire_id,B1,1211,375,339,8,327,206,385
physical_fire_id,unknown,2686,1283,673,172,308,913,816
uav_id,uav-02,827,205,263,57,152,87,308
uav_id,uav-05,310,84,92,26,50,44,93
uav_id,uav-03,221,99,55,14,29,75,69
uav_id,uav-08,260,96,63,7,54,68,72
uav_id,uav-04,341,107,97,14,71,65,95
uav_id,uav-09,511,160,153,40,82,90,149
uav_id,uav-07,517,193,146,23,93,130,145
uav_id,uav-01,401,119,118,23,74,64,135
uav_id,uav-06,281,108,80,14,46,73,75
uav_id,unknown,876,778,103,0,103,675,203
uav_id,无人机07_1581F7K3325B100AS0AG,27,27,0,0,0,27,0
uav_id,无人机09_1581F7K3C24CS00AX535,13,13,0,0,0,13,0
uav_id,无人机04_1581F7K33258900AP021,11,11,0,0,0,11,0
uav_id,无人机06_1581F7K3C254N00D16Y8,10,10,0,0,0,10,0
uav_id,无人机01_1581F7K3C251800CYBVP,10,10,10,0,0,0,10
session,DJI_202609080909_004,109,28,34,5,27,19,34
session,DJI_202609080912_003,101,27,28,7,20,19,26
session,DJI_202609080916_004,59,28,15,3,9,24,13
session,DJI_202609080922_003,75,24,17,5,12,19,19
session,DJI_202609080915_034,67,23,14,5,9,19,10
session,DJI_202609080915_003,75,26,20,5,13,19,17
session,DJI_202609080910_002,47,22,12,3,7,19,9
session,DJI_202609080913_003,66,25,16,4,12,20,13
session,DJI_202609080909_002,66,44,12,1,10,40,12
session,DJI_202609071536_001,144,41,42,0,42,20,50
session,DJI_202609071553_033,164,44,49,1,47,20,56
session,DJI_202609071553_002,169,45,50,3,44,20,65
session,DJI_202609071532_001,173,46,52,0,52,20,58
session,DJI_202609071534_003,168,48,48,0,48,24,52
session,DJI_202609071543_001,163,44,48,0,48,20,52
session,DJI_202609071535_001,169,46,50,4,46,21,52
session,DJI_202609080957_004,328,90,106,37,36,38,111
session,DJI_202609080957_005,431,231,86,18,52,188,121
session,DJI_202609080945_004,175,58,52,16,18,33,57
session,DJI_202609081040_006,372,62,135,45,45,0,157
session,DJI_202609081039_005,36,6,12,6,0,0,6
session,DJI_202609080957_035,37,22,6,3,0,19,3
session,DJI_202609081002_003,51,37,7,1,4,34,9
session,DJI_202609080958_004,30,21,4,2,0,19,3
session,DJI_202609081048_005,189,27,63,18,20,0,57
session,DJI_202609081039_006,691,538,31,11,15,525,30
session,DJI_202609081042_036,77,11,28,5,15,0,26
session,DJI_202609081040_004,70,10,30,10,0,0,23
session,unknown,228,199,103,0,103,96,203
session,DJI_202609071448_001,4,4,0,0,0,4,0
session,DJI_202609071609_002,25,25,0,0,0,25,0
session,DJI_202609071516_002,10,10,0,0,0,10,0
session,DJI_202609080946_003,37,37,0,0,0,37,0
session,DJI_202609081030_005,10,10,10,0,0,0,10
dataset,recovery_v1/b2_auto_round2/dataset/V,20,20,20,14,6,0,6
dataset,recovery_v1/b2_auto_round2/dataset_v2/V,21,21,1,0,1,20,1
dataset,recovery_v1/b2_curated_v3/V,37,37,29,5,24,8,24
dataset,recovery_v1/b2_curated_v3b/V,37,37,0,0,0,37,0
dataset,recovery_v1/b2_curated_v3c/V,37,37,0,0,0,37,0
dataset,recovery_v1/b2_curated_v4/V,35,35,22,0,22,13,22
dataset,recovery_v1/b2_review_v2/dataset/V,20,20,0,0,0,20,0
dataset,recovery_v1/b2_video_holdout_v1/V,39,39,26,4,22,13,22
dataset,recovery_v1/dataset_diagnostic_v1/V,396,396,396,2,249,0,534
dataset,recovery_v1/dataset_review_applied_v1/V,465,465,106,15,38,359,185
dataset,recovery_v1/detection_quality_v2/datasets/C4/V,568,568,559,178,381,9,534
dataset,recovery_v1/flame_recall_v1/datasets/C1/V,465,465,11,0,11,454,16
dataset,recovery_v1/flame_recall_v1/datasets/C2/V,465,465,0,0,0,465,0
dataset,recovery_v1/flame_recall_v1/datasets/C3/V,488,488,0,0,0,488,0
dataset,unknown,1452,1371,0,0,0,1371,0
dataset,historical_validation_original,71,71,10,0,0,61,10
