topic,reference,url,novelty_implication,review_status,truth_level
RGB-T wildfire localization,"Li et al., IEEE TIE 2024, DOI/record 10520273",https://ieeexplore.ieee.org/document/10520273/,RGB/IR registration + SLAM + fire distance/geolocation already integrated; ordinary fusion/SLAM is not novel.,prior desk review; must refresh before submission,Literature evidence
RGB-T UAV dataset,"FireMan-UAV-RGBT, IEEE ETFA 2024",https://oulurepo.oulu.fi/handle/10024/52595,Paired RGB-T video and detection baselines exist.,prior desk review; must refresh before submission,Literature evidence
RGB-T benchmark,"RGBT-3M, Remote Sensing 2025, 17(15):2593",https://www.mdpi.com/2072-4292/17/15/2593,M-RIFT alignment and RGB-T fire/smoke detection exist.,prior desk review; must refresh before submission,Literature evidence
Unregistered RGB-T,"IEEE TIM 2025, record 10947101",https://ieeexplore.ieee.org/document/10947101/,Unregistered RGB-T feature interaction/alignment is active prior art.,prior desk review; must refresh before submission,Literature evidence
Unaligned RGB-T segmentation,"IEEE 2025, record 11073153",https://ieeexplore.ieee.org/document/11073153/,Coarse-to-fine feature alignment exists.,prior desk review; must refresh before submission,Literature evidence
Temporal RGB-T fire monitoring,"Remote Sensing 2026, 18(12):1869",https://www.mdpi.com/2072-4292/18/12/1869,"Continuous sequence, heat interference and detection continuity already studied.",prior desk review; must refresh before submission,Literature evidence
UAV fire-source video,"Bai et al. 2025, arXiv:2508.16739",https://arxiv.org/abs/2508.16739,Fire-source video/bbox analysis exists; distinguish ground contact anchor and physical error.,prior desk review; must refresh before submission,Literature evidence
UAV target geolocation,"IEEE CASE 2024, record 10711373",https://ieeexplore.ieee.org/document/10711373/,UAV target geolocation uncertainty is prior art.,prior desk review; must refresh before submission,Literature evidence
Three-UAV multi-target geometry,"Expert Systems with Applications 2025, record S0957417424028513",https://www.sciencedirect.com/science/article/abs/pii/S0957417424028513,Three-UAV visual spatial constraints/triangulation already studied.,prior desk review; must refresh before submission,Literature evidence
Multispectral active wildfire localization,"NASA AMS 2026, arXiv:2601.14475",https://arxiv.org/abs/2601.14475,Multispectral segmentation and fire-line localization exist.,prior desk review; must refresh before submission,Literature evidence
Local thesis boundary,Zhao Di 2025 and Xu Ruiqing 2026,../00_project_boundary/truth_and_scope.md,"Smoke detection/domain adaptation, source-region prediction, segmentation and ORB-SLAM/multi-frame smoke localization are already covered.",prior desk review; must refresh before submission,Literature evidence
