moment_id,physical_source_id,held_out_uav,support_uav_count,ground_contact_pixel_error,ground_contact_truth_available,reason
B1_M03,B1_woodpile,uav-01,2,,False,manual mark is flame_base proxy; ground contact not independently visible
B1_M03,B1_woodpile,uav-02,2,,False,manual mark is flame_base proxy; ground contact not independently visible
B1_M03,B1_woodpile,uav-04,2,,False,manual mark is flame_base proxy; ground contact not independently visible
B1_M03,B1_woodpile,uav-06,2,,False,manual mark is flame_base proxy; ground contact not independently visible
B1_M03,B1_woodpile,uav-07,2,,False,manual mark is flame_base proxy; ground contact not independently visible
B1_M03,B1_woodpile,uav-08,2,,False,manual mark is flame_base proxy; ground contact not independently visible
B1_M03,B1_woodpile,uav-09,2,,False,manual mark is flame_base proxy; ground contact not independently visible
B1_M03,B1_woodpile,uav-01,3,,False,manual mark is flame_base proxy; ground contact not independently visible
B1_M03,B1_woodpile,uav-02,3,,False,manual mark is flame_base proxy; ground contact not independently visible
B1_M03,B1_woodpile,uav-04,3,,False,manual mark is flame_base proxy; ground contact not independently visible
B1_M03,B1_woodpile,uav-06,3,,False,manual mark is flame_base proxy; ground contact not independently visible
B1_M03,B1_woodpile,uav-07,3,,False,manual mark is flame_base proxy; ground contact not independently visible
B1_M03,B1_woodpile,uav-08,3,,False,manual mark is flame_base proxy; ground contact not independently visible
B1_M03,B1_woodpile,uav-09,3,,False,manual mark is flame_base proxy; ground contact not independently visible
B1_M03,B1_woodpile,uav-01,4,,False,manual mark is flame_base proxy; ground contact not independently visible
B1_M03,B1_woodpile,uav-02,4,,False,manual mark is flame_base proxy; ground contact not independently visible
B1_M03,B1_woodpile,uav-04,4,,False,manual mark is flame_base proxy; ground contact not independently visible
B1_M03,B1_woodpile,uav-06,4,,False,manual mark is flame_base proxy; ground contact not independently visible
B1_M03,B1_woodpile,uav-07,4,,False,manual mark is flame_base proxy; ground contact not independently visible
B1_M03,B1_woodpile,uav-08,4,,False,manual mark is flame_base proxy; ground contact not independently visible
B1_M03,B1_woodpile,uav-09,4,,False,manual mark is flame_base proxy; ground contact not independently visible
B1_M03,B1_woodpile,uav-01,5,,False,manual mark is flame_base proxy; ground contact not independently visible
B1_M03,B1_woodpile,uav-02,5,,False,manual mark is flame_base proxy; ground contact not independently visible
B1_M03,B1_woodpile,uav-04,5,,False,manual mark is flame_base proxy; ground contact not independently visible
B1_M03,B1_woodpile,uav-06,5,,False,manual mark is flame_base proxy; ground contact not independently visible
B1_M03,B1_woodpile,uav-07,5,,False,manual mark is flame_base proxy; ground contact not independently visible
B1_M03,B1_woodpile,uav-08,5,,False,manual mark is flame_base proxy; ground contact not independently visible
B1_M03,B1_woodpile,uav-09,5,,False,manual mark is flame_base proxy; ground contact not independently visible
B1_M03,B1_woodpile,uav-01,6,,False,manual mark is flame_base proxy; ground contact not independently visible
B1_M03,B1_woodpile,uav-02,6,,False,manual mark is flame_base proxy; ground contact not independently visible
B1_M03,B1_woodpile,uav-04,6,,False,manual mark is flame_base proxy; ground contact not independently visible
B1_M03,B1_woodpile,uav-06,6,,False,manual mark is flame_base proxy; ground contact not independently visible
B1_M03,B1_woodpile,uav-07,6,,False,manual mark is flame_base proxy; ground contact not independently visible
B1_M03,B1_woodpile,uav-08,6,,False,manual mark is flame_base proxy; ground contact not independently visible
B1_M03,B1_woodpile,uav-09,6,,False,manual mark is flame_base proxy; ground contact not independently visible
B2_M03,B2_woodpile,uav-01,2,,False,manual mark is flame_base proxy; ground contact not independently visible
B2_M03,B2_woodpile,uav-02,2,,False,manual mark is flame_base proxy; ground contact not independently visible
B2_M03,B2_woodpile,uav-03,2,,False,manual mark is flame_base proxy; ground contact not independently visible
B2_M03,B2_woodpile,uav-05,2,,False,manual mark is flame_base proxy; ground contact not independently visible
B2_M03,B2_woodpile,uav-06,2,,False,manual mark is flame_base proxy; ground contact not independently visible
B2_M03,B2_woodpile,uav-07,2,,False,manual mark is flame_base proxy; ground contact not independently visible
B2_M03,B2_woodpile,uav-09,2,,False,manual mark is flame_base proxy; ground contact not independently visible
B2_M03,B2_woodpile,uav-01,3,,False,manual mark is flame_base proxy; ground contact not independently visible
B2_M03,B2_woodpile,uav-02,3,,False,manual mark is flame_base proxy; ground contact not independently visible
B2_M03,B2_woodpile,uav-03,3,,False,manual mark is flame_base proxy; ground contact not independently visible
B2_M03,B2_woodpile,uav-05,3,,False,manual mark is flame_base proxy; ground contact not independently visible
B2_M03,B2_woodpile,uav-06,3,,False,manual mark is flame_base proxy; ground contact not independently visible
B2_M03,B2_woodpile,uav-07,3,,False,manual mark is flame_base proxy; ground contact not independently visible
B2_M03,B2_woodpile,uav-09,3,,False,manual mark is flame_base proxy; ground contact not independently visible
B2_M03,B2_woodpile,uav-01,4,,False,manual mark is flame_base proxy; ground contact not independently visible
B2_M03,B2_woodpile,uav-02,4,,False,manual mark is flame_base proxy; ground contact not independently visible
B2_M03,B2_woodpile,uav-03,4,,False,manual mark is flame_base proxy; ground contact not independently visible
B2_M03,B2_woodpile,uav-05,4,,False,manual mark is flame_base proxy; ground contact not independently visible
B2_M03,B2_woodpile,uav-06,4,,False,manual mark is flame_base proxy; ground contact not independently visible
B2_M03,B2_woodpile,uav-07,4,,False,manual mark is flame_base proxy; ground contact not independently visible
B2_M03,B2_woodpile,uav-09,4,,False,manual mark is flame_base proxy; ground contact not independently visible
B2_M03,B2_woodpile,uav-01,5,,False,manual mark is flame_base proxy; ground contact not independently visible
B2_M03,B2_woodpile,uav-02,5,,False,manual mark is flame_base proxy; ground contact not independently visible
B2_M03,B2_woodpile,uav-03,5,,False,manual mark is flame_base proxy; ground contact not independently visible
B2_M03,B2_woodpile,uav-05,5,,False,manual mark is flame_base proxy; ground contact not independently visible
B2_M03,B2_woodpile,uav-06,5,,False,manual mark is flame_base proxy; ground contact not independently visible
B2_M03,B2_woodpile,uav-07,5,,False,manual mark is flame_base proxy; ground contact not independently visible
B2_M03,B2_woodpile,uav-09,5,,False,manual mark is flame_base proxy; ground contact not independently visible
B2_M03,B2_woodpile,uav-01,6,,False,manual mark is flame_base proxy; ground contact not independently visible
B2_M03,B2_woodpile,uav-02,6,,False,manual mark is flame_base proxy; ground contact not independently visible
B2_M03,B2_woodpile,uav-03,6,,False,manual mark is flame_base proxy; ground contact not independently visible
B2_M03,B2_woodpile,uav-05,6,,False,manual mark is flame_base proxy; ground contact not independently visible
B2_M03,B2_woodpile,uav-06,6,,False,manual mark is flame_base proxy; ground contact not independently visible
B2_M03,B2_woodpile,uav-07,6,,False,manual mark is flame_base proxy; ground contact not independently visible
B2_M03,B2_woodpile,uav-09,6,,False,manual mark is flame_base proxy; ground contact not independently visible
B3_M02,B3_N,uav-01,2,,False,manual mark is flame_base proxy; ground contact not independently visible
B3_M02,B3_N,uav-02,2,,False,manual mark is flame_base proxy; ground contact not independently visible
B3_M02,B3_N,uav-03,2,,False,manual mark is flame_base proxy; ground contact not independently visible
B3_M02,B3_N,uav-04,2,,False,manual mark is flame_base proxy; ground contact not independently visible
B3_M02,B3_N,uav-05,2,,False,manual mark is flame_base proxy; ground contact not independently visible
B3_M02,B3_N,uav-07,2,,False,manual mark is flame_base proxy; ground contact not independently visible
B3_M02,B3_N,uav-09,2,,False,manual mark is flame_base proxy; ground contact not independently visible
B3_M02,B3_N,uav-01,3,,False,manual mark is flame_base proxy; ground contact not independently visible
B3_M02,B3_N,uav-02,3,,False,manual mark is flame_base proxy; ground contact not independently visible
B3_M02,B3_N,uav-03,3,,False,manual mark is flame_base proxy; ground contact not independently visible
B3_M02,B3_N,uav-04,3,,False,manual mark is flame_base proxy; ground contact not independently visible
B3_M02,B3_N,uav-05,3,,False,manual mark is flame_base proxy; ground contact not independently visible
B3_M02,B3_N,uav-07,3,,False,manual mark is flame_base proxy; ground contact not independently visible
B3_M02,B3_N,uav-09,3,,False,manual mark is flame_base proxy; ground contact not independently visible
B3_M02,B3_N,uav-01,4,,False,manual mark is flame_base proxy; ground contact not independently visible
B3_M02,B3_N,uav-02,4,,False,manual mark is flame_base proxy; ground contact not independently visible
B3_M02,B3_N,uav-03,4,,False,manual mark is flame_base proxy; ground contact not independently visible
B3_M02,B3_N,uav-04,4,,False,manual mark is flame_base proxy; ground contact not independently visible
B3_M02,B3_N,uav-05,4,,False,manual mark is flame_base proxy; ground contact not independently visible
B3_M02,B3_N,uav-07,4,,False,manual mark is flame_base proxy; ground contact not independently visible
B3_M02,B3_N,uav-09,4,,False,manual mark is flame_base proxy; ground contact not independently visible
B3_M02,B3_N,uav-01,5,,False,manual mark is flame_base proxy; ground contact not independently visible
B3_M02,B3_N,uav-02,5,,False,manual mark is flame_base proxy; ground contact not independently visible
B3_M02,B3_N,uav-03,5,,False,manual mark is flame_base proxy; ground contact not independently visible
B3_M02,B3_N,uav-04,5,,False,manual mark is flame_base proxy; ground contact not independently visible
B3_M02,B3_N,uav-05,5,,False,manual mark is flame_base proxy; ground contact not independently visible
B3_M02,B3_N,uav-07,5,,False,manual mark is flame_base proxy; ground contact not independently visible
B3_M02,B3_N,uav-09,5,,False,manual mark is flame_base proxy; ground contact not independently visible
B3_M02,B3_N,uav-01,6,,False,manual mark is flame_base proxy; ground contact not independently visible
B3_M02,B3_N,uav-02,6,,False,manual mark is flame_base proxy; ground contact not independently visible
B3_M02,B3_N,uav-03,6,,False,manual mark is flame_base proxy; ground contact not independently visible
B3_M02,B3_N,uav-04,6,,False,manual mark is flame_base proxy; ground contact not independently visible
B3_M02,B3_N,uav-05,6,,False,manual mark is flame_base proxy; ground contact not independently visible
B3_M02,B3_N,uav-07,6,,False,manual mark is flame_base proxy; ground contact not independently visible
B3_M02,B3_N,uav-09,6,,False,manual mark is flame_base proxy; ground contact not independently visible
B3_M02,B3_S,uav-01,2,,False,manual mark is flame_base proxy; ground contact not independently visible
B3_M02,B3_S,uav-02,2,,False,manual mark is flame_base proxy; ground contact not independently visible
B3_M02,B3_S,uav-04,2,,False,manual mark is flame_base proxy; ground contact not independently visible
B3_M02,B3_S,uav-05,2,,False,manual mark is flame_base proxy; ground contact not independently visible
B3_M02,B3_S,uav-07,2,,False,manual mark is flame_base proxy; ground contact not independently visible
B3_M02,B3_S,uav-08,2,,False,manual mark is flame_base proxy; ground contact not independently visible
B3_M02,B3_S,uav-09,2,,False,manual mark is flame_base proxy; ground contact not independently visible
B3_M02,B3_S,uav-01,3,,False,manual mark is flame_base proxy; ground contact not independently visible
B3_M02,B3_S,uav-02,3,,False,manual mark is flame_base proxy; ground contact not independently visible
B3_M02,B3_S,uav-04,3,,False,manual mark is flame_base proxy; ground contact not independently visible
B3_M02,B3_S,uav-05,3,,False,manual mark is flame_base proxy; ground contact not independently visible
B3_M02,B3_S,uav-07,3,,False,manual mark is flame_base proxy; ground contact not independently visible
B3_M02,B3_S,uav-08,3,,False,manual mark is flame_base proxy; ground contact not independently visible
B3_M02,B3_S,uav-09,3,,False,manual mark is flame_base proxy; ground contact not independently visible
B3_M02,B3_S,uav-01,4,,False,manual mark is flame_base proxy; ground contact not independently visible
B3_M02,B3_S,uav-02,4,,False,manual mark is flame_base proxy; ground contact not independently visible
B3_M02,B3_S,uav-04,4,,False,manual mark is flame_base proxy; ground contact not independently visible
B3_M02,B3_S,uav-05,4,,False,manual mark is flame_base proxy; ground contact not independently visible
B3_M02,B3_S,uav-07,4,,False,manual mark is flame_base proxy; ground contact not independently visible
B3_M02,B3_S,uav-08,4,,False,manual mark is flame_base proxy; ground contact not independently visible
B3_M02,B3_S,uav-09,4,,False,manual mark is flame_base proxy; ground contact not independently visible
B3_M02,B3_S,uav-01,5,,False,manual mark is flame_base proxy; ground contact not independently visible
B3_M02,B3_S,uav-02,5,,False,manual mark is flame_base proxy; ground contact not independently visible
B3_M02,B3_S,uav-04,5,,False,manual mark is flame_base proxy; ground contact not independently visible
B3_M02,B3_S,uav-05,5,,False,manual mark is flame_base proxy; ground contact not independently visible
B3_M02,B3_S,uav-07,5,,False,manual mark is flame_base proxy; ground contact not independently visible
B3_M02,B3_S,uav-08,5,,False,manual mark is flame_base proxy; ground contact not independently visible
B3_M02,B3_S,uav-09,5,,False,manual mark is flame_base proxy; ground contact not independently visible
B3_M02,B3_S,uav-01,6,,False,manual mark is flame_base proxy; ground contact not independently visible
B3_M02,B3_S,uav-02,6,,False,manual mark is flame_base proxy; ground contact not independently visible
B3_M02,B3_S,uav-04,6,,False,manual mark is flame_base proxy; ground contact not independently visible
B3_M02,B3_S,uav-05,6,,False,manual mark is flame_base proxy; ground contact not independently visible
B3_M02,B3_S,uav-07,6,,False,manual mark is flame_base proxy; ground contact not independently visible
B3_M02,B3_S,uav-08,6,,False,manual mark is flame_base proxy; ground contact not independently visible
B3_M02,B3_S,uav-09,6,,False,manual mark is flame_base proxy; ground contact not independently visible
B4_M02,B4_road_pile,uav-01,2,,False,manual mark is flame_base proxy; ground contact not independently visible
B4_M02,B4_road_pile,uav-02,2,,False,manual mark is flame_base proxy; ground contact not independently visible
B4_M02,B4_road_pile,uav-03,2,,False,manual mark is flame_base proxy; ground contact not independently visible
B4_M02,B4_road_pile,uav-04,2,,False,manual mark is flame_base proxy; ground contact not independently visible
B4_M02,B4_road_pile,uav-05,2,,False,manual mark is flame_base proxy; ground contact not independently visible
B4_M02,B4_road_pile,uav-06,2,,False,manual mark is flame_base proxy; ground contact not independently visible
B4_M02,B4_road_pile,uav-07,2,,False,manual mark is flame_base proxy; ground contact not independently visible
B4_M02,B4_road_pile,uav-08,2,,False,manual mark is flame_base proxy; ground contact not independently visible
B4_M02,B4_road_pile,uav-09,2,,False,manual mark is flame_base proxy; ground contact not independently visible
B4_M02,B4_road_pile,uav-01,3,,False,manual mark is flame_base proxy; ground contact not independently visible
B4_M02,B4_road_pile,uav-02,3,,False,manual mark is flame_base proxy; ground contact not independently visible
B4_M02,B4_road_pile,uav-03,3,,False,manual mark is flame_base proxy; ground contact not independently visible
B4_M02,B4_road_pile,uav-04,3,,False,manual mark is flame_base proxy; ground contact not independently visible
B4_M02,B4_road_pile,uav-05,3,,False,manual mark is flame_base proxy; ground contact not independently visible
B4_M02,B4_road_pile,uav-06,3,,False,manual mark is flame_base proxy; ground contact not independently visible
B4_M02,B4_road_pile,uav-07,3,,False,manual mark is flame_base proxy; ground contact not independently visible
B4_M02,B4_road_pile,uav-08,3,,False,manual mark is flame_base proxy; ground contact not independently visible
B4_M02,B4_road_pile,uav-09,3,,False,manual mark is flame_base proxy; ground contact not independently visible
B4_M02,B4_road_pile,uav-01,4,,False,manual mark is flame_base proxy; ground contact not independently visible
B4_M02,B4_road_pile,uav-02,4,,False,manual mark is flame_base proxy; ground contact not independently visible
B4_M02,B4_road_pile,uav-03,4,,False,manual mark is flame_base proxy; ground contact not independently visible
B4_M02,B4_road_pile,uav-04,4,,False,manual mark is flame_base proxy; ground contact not independently visible
B4_M02,B4_road_pile,uav-05,4,,False,manual mark is flame_base proxy; ground contact not independently visible
B4_M02,B4_road_pile,uav-06,4,,False,manual mark is flame_base proxy; ground contact not independently visible
B4_M02,B4_road_pile,uav-07,4,,False,manual mark is flame_base proxy; ground contact not independently visible
B4_M02,B4_road_pile,uav-08,4,,False,manual mark is flame_base proxy; ground contact not independently visible
B4_M02,B4_road_pile,uav-09,4,,False,manual mark is flame_base proxy; ground contact not independently visible
B4_M02,B4_road_pile,uav-01,5,,False,manual mark is flame_base proxy; ground contact not independently visible
B4_M02,B4_road_pile,uav-02,5,,False,manual mark is flame_base proxy; ground contact not independently visible
B4_M02,B4_road_pile,uav-03,5,,False,manual mark is flame_base proxy; ground contact not independently visible
B4_M02,B4_road_pile,uav-04,5,,False,manual mark is flame_base proxy; ground contact not independently visible
B4_M02,B4_road_pile,uav-05,5,,False,manual mark is flame_base proxy; ground contact not independently visible
B4_M02,B4_road_pile,uav-06,5,,False,manual mark is flame_base proxy; ground contact not independently visible
B4_M02,B4_road_pile,uav-07,5,,False,manual mark is flame_base proxy; ground contact not independently visible
B4_M02,B4_road_pile,uav-08,5,,False,manual mark is flame_base proxy; ground contact not independently visible
B4_M02,B4_road_pile,uav-09,5,,False,manual mark is flame_base proxy; ground contact not independently visible
B4_M02,B4_road_pile,uav-01,6,,False,manual mark is flame_base proxy; ground contact not independently visible
B4_M02,B4_road_pile,uav-02,6,,False,manual mark is flame_base proxy; ground contact not independently visible
B4_M02,B4_road_pile,uav-03,6,,False,manual mark is flame_base proxy; ground contact not independently visible
B4_M02,B4_road_pile,uav-04,6,,False,manual mark is flame_base proxy; ground contact not independently visible
B4_M02,B4_road_pile,uav-05,6,,False,manual mark is flame_base proxy; ground contact not independently visible
B4_M02,B4_road_pile,uav-06,6,,False,manual mark is flame_base proxy; ground contact not independently visible
B4_M02,B4_road_pile,uav-07,6,,False,manual mark is flame_base proxy; ground contact not independently visible
B4_M02,B4_road_pile,uav-08,6,,False,manual mark is flame_base proxy; ground contact not independently visible
B4_M02,B4_road_pile,uav-09,6,,False,manual mark is flame_base proxy; ground contact not independently visible
B4_M02,B4_road_pile,uav-01,7,,False,manual mark is flame_base proxy; ground contact not independently visible
B4_M02,B4_road_pile,uav-02,7,,False,manual mark is flame_base proxy; ground contact not independently visible
B4_M02,B4_road_pile,uav-03,7,,False,manual mark is flame_base proxy; ground contact not independently visible
B4_M02,B4_road_pile,uav-04,7,,False,manual mark is flame_base proxy; ground contact not independently visible
B4_M02,B4_road_pile,uav-05,7,,False,manual mark is flame_base proxy; ground contact not independently visible
B4_M02,B4_road_pile,uav-06,7,,False,manual mark is flame_base proxy; ground contact not independently visible
B4_M02,B4_road_pile,uav-07,7,,False,manual mark is flame_base proxy; ground contact not independently visible
B4_M02,B4_road_pile,uav-08,7,,False,manual mark is flame_base proxy; ground contact not independently visible
B4_M02,B4_road_pile,uav-09,7,,False,manual mark is flame_base proxy; ground contact not independently visible
B4_M02,B4_road_pile,uav-01,8,,False,manual mark is flame_base proxy; ground contact not independently visible
B4_M02,B4_road_pile,uav-02,8,,False,manual mark is flame_base proxy; ground contact not independently visible
B4_M02,B4_road_pile,uav-03,8,,False,manual mark is flame_base proxy; ground contact not independently visible
B4_M02,B4_road_pile,uav-04,8,,False,manual mark is flame_base proxy; ground contact not independently visible
B4_M02,B4_road_pile,uav-05,8,,False,manual mark is flame_base proxy; ground contact not independently visible
B4_M02,B4_road_pile,uav-06,8,,False,manual mark is flame_base proxy; ground contact not independently visible
B4_M02,B4_road_pile,uav-07,8,,False,manual mark is flame_base proxy; ground contact not independently visible
B4_M02,B4_road_pile,uav-08,8,,False,manual mark is flame_base proxy; ground contact not independently visible
B4_M02,B4_road_pile,uav-09,8,,False,manual mark is flame_base proxy; ground contact not independently visible
B4_M02,B4_tree_pile,uav-01,2,,False,manual mark is flame_base proxy; ground contact not independently visible
B4_M02,B4_tree_pile,uav-02,2,,False,manual mark is flame_base proxy; ground contact not independently visible
B4_M02,B4_tree_pile,uav-06,2,,False,manual mark is flame_base proxy; ground contact not independently visible
B4_M02,B4_tree_pile,uav-08,2,,False,manual mark is flame_base proxy; ground contact not independently visible
B4_M02,B4_tree_pile,uav-09,2,,False,manual mark is flame_base proxy; ground contact not independently visible
B4_M02,B4_tree_pile,uav-01,3,,False,manual mark is flame_base proxy; ground contact not independently visible
B4_M02,B4_tree_pile,uav-02,3,,False,manual mark is flame_base proxy; ground contact not independently visible
B4_M02,B4_tree_pile,uav-06,3,,False,manual mark is flame_base proxy; ground contact not independently visible
B4_M02,B4_tree_pile,uav-08,3,,False,manual mark is flame_base proxy; ground contact not independently visible
B4_M02,B4_tree_pile,uav-09,3,,False,manual mark is flame_base proxy; ground contact not independently visible
B4_M02,B4_tree_pile,uav-01,4,,False,manual mark is flame_base proxy; ground contact not independently visible
B4_M02,B4_tree_pile,uav-02,4,,False,manual mark is flame_base proxy; ground contact not independently visible
B4_M02,B4_tree_pile,uav-06,4,,False,manual mark is flame_base proxy; ground contact not independently visible
B4_M02,B4_tree_pile,uav-08,4,,False,manual mark is flame_base proxy; ground contact not independently visible
B4_M02,B4_tree_pile,uav-09,4,,False,manual mark is flame_base proxy; ground contact not independently visible
