batch,uav,drone_serial,camera_serial,lens_class,image_source,image_count,resolutions,focal_length_mm_values,focal_35mm_values,digital_zoom_values,first_exposure_utc,last_exposure_utc,sample_file,physical_lens_class
B1,uav-03,1581F7K3C255900D76E8,53HFMAW0M7X8D6,Wide,WideCamera,6,4032x3024,6.72,24,1,2026-09-07T08:40:44.588192,2026-09-07T08:43:52.735382,@raw/01_第一批_20260907_1602_单火点/02_激光打点与定位验证/01_事后打点候选/无人机03_1581F7K3C255900D76E8/DJI_202609071638_003/DJI_20260907164024_0001_V.JPG,Wide
B1,uav-09,1581F7K3C24CS00AX535,53HFNBG0M7XACS,ZoomCamera,ZoomCamera,3,4032x3024,6.72,24,1,,,@raw/01_第一批_20260907_1602_单火点/02_激光打点与定位验证/01_事后打点候选/无人机09_1581F7K3C24CS00AX535/DJI_202609071621_002/DJI_20260907163358_0001_V.JPG,Wide
B2,uav-09,1581F7K3C24CS00AX535,53HFNBG0M7XACS,ZoomCamera,ZoomCamera,1,4032x3024,6.72,24,2.22,,,@raw/02_第二批_20260908_0924_单火点/02_激光打点与定位验证/02_放火前打点/无人机09_1581F7K3C24CS00AX535/DJI_202609080915_003/DJI_20260908092258_0002_V.JPG,Wide
B3,uav-03,1581F7K3C255900D76E8,53HFMAW0M7X8D6,ZoomCamera,ZoomCamera,1,4032x3024,6.72,24,1.41,,,@raw/03_第三批_20260908_1006_多火点/02_激光打点与定位验证/01_事后打点候选/无人机03_1581F7K3C255900D76E8/DJI_202609080957_005/DJI_20260908102028_0002_V.JPG,Wide
B3,uav-08,1581F7K3C256N00DCP1T,53HFN4G0M7X2GZ,Wide,WideCamera,2,4032x3024,6.72,24,1,2026-09-08T02:19:55.851125,2026-09-08T02:21:13.097223,@raw/03_第三批_20260908_1006_多火点/02_激光打点与定位验证/01_事后打点候选/无人机08_1581F7K3C256N00DCP1T/DJI_202609080958_004/DJI_20260908101936_0003_V.JPG,Wide
B3,uav-09,1581F7K3C24CS00AX535,53HFNBG0M7XACS,Wide,WideCamera,2,4032x3024,6.72,24,1,2026-09-08T02:35:07.744996,2026-09-08T02:35:13.321486,@raw/03_第三批_20260908_1006_多火点/02_激光打点与定位验证/02_其他打点_待核验/无人机09_1581F7K3C24CS00AX535/DJI_202609081033_005/DJI_20260908103451_0001_V.JPG,Wide
B3,uav-09,1581F7K3C24CS00AX535,53HFNBG0M7XACS,ZoomCamera,ZoomCamera,2,4032x3024,6.72,24,1.25,,,@raw/03_第三批_20260908_1006_多火点/02_激光打点与定位验证/01_事后打点候选/无人机09_1581F7K3C24CS00AX535/DJI_202609080957_004/DJI_20260908102300_0003_V.JPG,Wide
B3,uav-09,1581F7K3C24CS00AX535,5ZAFNBR13A06WM,ZoomCamera,ZoomCamera,1,4032x3024,19.35,70,1.24,,,@raw/03_第三批_20260908_1006_多火点/02_激光打点与定位验证/01_事后打点候选/无人机09_1581F7K3C24CS00AX535/DJI_202609080957_004/DJI_20260908102220_0002_V.JPG,MediumTele
B4,uav-01,1581F7K3C251800CYBVP,53HFM890M7X2RW,ZoomCamera,ZoomCamera,9,4032x3024,6.72,24,1|1.67|2.63,,,@raw/04_第四批_20260908_1053_多火点与余热点/02_激光打点与定位验证/01_事后打点候选/无人机01_1581F7K3C251800CYBVP/DJI_202609081117_006/DJI_20260908112105_0001_V.JPG,Wide
