path,relative_path,batch,uav,drone_serial,session,size_bytes,channel,filename_time,creation_time_utc,duration_s,video_width,video_height,video_start_pts_s,video_duration_s,stream_types,has_embedded_subtitle
@raw/01_第一批_20260907_1602_单火点/01_正式视频/无人机01_1581F7K3C251800CYBVP/DJI_202609071553_002/DJI_20260907160207_0001_S.MP4,01_第一批_20260907_1602_单火点/01_正式视频/无人机01_1581F7K3C251800CYBVP/DJI_202609071553_002/DJI_20260907160207_0001_S.MP4,B1,uav-01,1581F7K3C251800CYBVP,DJI_202609071553_002,1591474495,S,2026-09-07T16:02:07,2026-09-07T08:02:07,904.798833,1920,1080,0.000000,904.798833,video:hevc|subtitle:mov_text|video:mjpeg,1
@raw/01_第一批_20260907_1602_单火点/01_正式视频/无人机01_1581F7K3C251800CYBVP/DJI_202609071553_002/DJI_20260907160207_0001_V.MP4,01_第一批_20260907_1602_单火点/01_正式视频/无人机01_1581F7K3C251800CYBVP/DJI_202609071553_002/DJI_20260907160207_0001_V.MP4,B1,uav-01,1581F7K3C251800CYBVP,DJI_202609071553_002,1927455808,V,2026-09-07T16:02:07,2026-09-07T08:02:07,904.770533,1920,1080,0.000000,904.770533,video:hevc|data:|data:|subtitle:mov_text|video:mjpeg,1
@raw/01_第一批_20260907_1602_单火点/01_正式视频/无人机02_1581F7K3C267500D2DQD/DJI_202609071534_003/DJI_20260907160153_0005_S.MP4,01_第一批_20260907_1602_单火点/01_正式视频/无人机02_1581F7K3C267500D2DQD/DJI_202609071534_003/DJI_20260907160153_0005_S.MP4,B1,uav-02,1581F7K3C267500D2DQD,DJI_202609071534_003,1611597800,S,2026-09-07T16:01:53,2026-09-07T08:01:54,916.602933,1920,1080,0.000000,916.602933,video:hevc|subtitle:mov_text|video:mjpeg,1
@raw/01_第一批_20260907_1602_单火点/01_正式视频/无人机02_1581F7K3C267500D2DQD/DJI_202609071534_003/DJI_20260907160153_0005_V.MP4,01_第一批_20260907_1602_单火点/01_正式视频/无人机02_1581F7K3C267500D2DQD/DJI_202609071534_003/DJI_20260907160153_0005_V.MP4,B1,uav-02,1581F7K3C267500D2DQD,DJI_202609071534_003,1966811675,V,2026-09-07T16:01:53,2026-09-07T08:01:54,916.615700,1920,1080,0.000000,916.615700,video:hevc|data:|data:|subtitle:mov_text|video:mjpeg,1
@raw/01_第一批_20260907_1602_单火点/01_正式视频/无人机04_1581F7K33258900AP021/DJI_202609071553_033/DJI_20260907160203_0002_S.MP4,01_第一批_20260907_1602_单火点/01_正式视频/无人机04_1581F7K33258900AP021/DJI_202609071553_033/DJI_20260907160203_0002_S.MP4,B1,uav-04,1581F7K33258900AP021,DJI_202609071553_033,2502081384,S,2026-09-07T16:02:03,2026-09-07T08:02:04,906.960433,1920,1080,0.000000,906.960433,video:h264|subtitle:mov_text|video:mjpeg,1
@raw/01_第一批_20260907_1602_单火点/01_正式视频/无人机04_1581F7K33258900AP021/DJI_202609071553_033/DJI_20260907160203_0002_V.MP4,01_第一批_20260907_1602_单火点/01_正式视频/无人机04_1581F7K33258900AP021/DJI_202609071553_033/DJI_20260907160203_0002_V.MP4,B1,uav-04,1581F7K33258900AP021,DJI_202609071553_033,2838656113,V,2026-09-07T16:02:03,2026-09-07T08:02:03,906.805900,1920,1080,0.000000,906.805900,video:h264|data:|data:|subtitle:mov_text|video:mjpeg,1
@raw/01_第一批_20260907_1602_单火点/01_正式视频/无人机05_1581F7K3C251400CFB45/DJI_202609071530_001/DJI_20260907160158_0003_S.MP4,01_第一批_20260907_1602_单火点/01_正式视频/无人机05_1581F7K3C251400CFB45/DJI_202609071530_001/DJI_20260907160158_0003_S.MP4,B1,uav-05,1581F7K3C251400CFB45,DJI_202609071530_001,2509203297,S,2026-09-07T16:01:58,2026-09-07T08:01:58,909.373400,1920,1080,0.000000,909.373400,video:h264|subtitle:mov_text|video:mjpeg,1
@raw/01_第一批_20260907_1602_单火点/01_正式视频/无人机06_1581F7K3C254N00D16Y8/DJI_202609071535_001/DJI_20260907160153_0002_S.MP4,01_第一批_20260907_1602_单火点/01_正式视频/无人机06_1581F7K3C254N00D16Y8/DJI_202609071535_001/DJI_20260907160153_0002_S.MP4,B1,uav-06,1581F7K3C254N00D16Y8,DJI_202609071535_001,1604503167,S,2026-09-07T16:01:53,2026-09-07T08:01:53,915.568100,1920,1080,0.000000,915.568100,video:hevc|subtitle:mov_text|video:mjpeg,1
@raw/01_第一批_20260907_1602_单火点/01_正式视频/无人机06_1581F7K3C254N00D16Y8/DJI_202609071535_001/DJI_20260907160153_0002_V.MP4,01_第一批_20260907_1602_单火点/01_正式视频/无人机06_1581F7K3C254N00D16Y8/DJI_202609071535_001/DJI_20260907160153_0002_V.MP4,B1,uav-06,1581F7K3C254N00D16Y8,DJI_202609071535_001,1964248454,V,2026-09-07T16:01:53,2026-09-07T08:01:53,915.547967,1920,1080,0.000000,915.547967,video:hevc|data:|data:|subtitle:mov_text|video:mjpeg,1
@raw/01_第一批_20260907_1602_单火点/01_正式视频/无人机07_1581F7K3325B100AS0AG/DJI_202609071532_001/DJI_20260907160202_0005_S.MP4,01_第一批_20260907_1602_单火点/01_正式视频/无人机07_1581F7K3325B100AS0AG/DJI_202609071532_001/DJI_20260907160202_0005_S.MP4,B1,uav-07,1581F7K3325B100AS0AG,DJI_202609071532_001,1891267435,S,2026-09-07T16:02:02,2026-09-07T08:02:03,1078.494867,1920,1080,0.000000,1078.494867,video:hevc|subtitle:mov_text|video:mjpeg,1
@raw/01_第一批_20260907_1602_单火点/01_正式视频/无人机07_1581F7K3325B100AS0AG/DJI_202609071532_001/DJI_20260907160202_0005_V.MP4,01_第一批_20260907_1602_单火点/01_正式视频/无人机07_1581F7K3325B100AS0AG/DJI_202609071532_001/DJI_20260907160202_0005_V.MP4,B1,uav-07,1581F7K3325B100AS0AG,DJI_202609071532_001,2308052968,V,2026-09-07T16:02:02,2026-09-07T08:02:02,1078.410667,1920,1080,0.000000,1078.410667,video:hevc|data:|data:|subtitle:mov_text|video:mjpeg,1
@raw/01_第一批_20260907_1602_单火点/01_正式视频/无人机08_1581F7K3C256N00DCP1T/DJI_202609071536_001/DJI_20260907160201_0001_S.MP4,01_第一批_20260907_1602_单火点/01_正式视频/无人机08_1581F7K3C256N00DCP1T/DJI_202609071536_001/DJI_20260907160201_0001_S.MP4,B1,uav-08,1581F7K3C256N00DCP1T,DJI_202609071536_001,1718049983,S,2026-09-07T16:02:01,2026-09-07T08:02:02,1001.378433,1920,1080,0.000000,1001.378433,video:hevc|subtitle:mov_text|video:mjpeg,1
@raw/01_第一批_20260907_1602_单火点/01_正式视频/无人机08_1581F7K3C256N00DCP1T/DJI_202609071536_001/DJI_20260907160201_0001_V.MP4,01_第一批_20260907_1602_单火点/01_正式视频/无人机08_1581F7K3C256N00DCP1T/DJI_202609071536_001/DJI_20260907160201_0001_V.MP4,B1,uav-08,1581F7K3C256N00DCP1T,DJI_202609071536_001,2148460439,V,2026-09-07T16:02:01,2026-09-07T08:02:01,1001.400400,1920,1080,0.000000,1001.400400,video:hevc|data:|data:|subtitle:mov_text|video:mjpeg,1
@raw/01_第一批_20260907_1602_单火点/01_正式视频/无人机09_1581F7K3C24CS00AX535/DJI_202609071543_001/DJI_20260907160202_0003_S.MP4,01_第一批_20260907_1602_单火点/01_正式视频/无人机09_1581F7K3C24CS00AX535/DJI_202609071543_001/DJI_20260907160202_0003_S.MP4,B1,uav-09,1581F7K3C24CS00AX535,DJI_202609071543_001,1603480432,S,2026-09-07T16:02:02,2026-09-07T08:02:03,915.468033,1920,1080,0.000000,915.468033,video:hevc|subtitle:mov_text|video:mjpeg,1
@raw/01_第一批_20260907_1602_单火点/01_正式视频/无人机09_1581F7K3C24CS00AX535/DJI_202609071543_001/DJI_20260907160202_0003_V.MP4,01_第一批_20260907_1602_单火点/01_正式视频/无人机09_1581F7K3C24CS00AX535/DJI_202609071543_001/DJI_20260907160202_0003_V.MP4,B1,uav-09,1581F7K3C24CS00AX535,DJI_202609071543_001,1950036840,V,2026-09-07T16:02:02,2026-09-07T08:02:03,915.514600,1920,1080,0.000000,915.514600,video:hevc|data:|data:|subtitle:mov_text|video:mjpeg,1
@raw/02_第二批_20260908_0924_单火点/01_正式视频/无人机01_1581F7K3C251800CYBVP/DJI_202609080913_003/DJI_20260908092431_0003_S.MP4,02_第二批_20260908_0924_单火点/01_正式视频/无人机01_1581F7K3C251800CYBVP/DJI_202609080913_003/DJI_20260908092431_0003_S.MP4,B2,uav-01,1581F7K3C251800CYBVP,DJI_202609080913_003,1744769639,S,2026-09-08T09:24:31,2026-09-08T01:24:31,992.224567,1920,1080,0.000000,992.224567,video:hevc|subtitle:mov_text|video:mjpeg,1
@raw/02_第二批_20260908_0924_单火点/01_正式视频/无人机01_1581F7K3C251800CYBVP/DJI_202609080913_003/DJI_20260908092431_0003_V.MP4,02_第二批_20260908_0924_单火点/01_正式视频/无人机01_1581F7K3C251800CYBVP/DJI_202609080913_003/DJI_20260908092431_0003_V.MP4,B2,uav-01,1581F7K3C251800CYBVP,DJI_202609080913_003,2113661653,V,2026-09-08T09:24:31,2026-09-08T01:24:31,992.224567,1920,1080,0.000000,992.224567,video:hevc|data:|data:|subtitle:mov_text|video:mjpeg,1
@raw/02_第二批_20260908_0924_单火点/01_正式视频/无人机02_1581F7K3C267500D2DQD/DJI_202609080909_004/DJI_20260908092422_0002_S.MP4,02_第二批_20260908_0924_单火点/01_正式视频/无人机02_1581F7K3C267500D2DQD/DJI_202609080909_004/DJI_20260908092422_0002_S.MP4,B2,uav-02,1581F7K3C267500D2DQD,DJI_202609080909_004,1694229103,S,2026-09-08T09:24:22,2026-09-08T01:24:23,1002.823967,1920,1080,0.000000,1002.823967,video:hevc|subtitle:mov_text|video:mjpeg,1
@raw/02_第二批_20260908_0924_单火点/01_正式视频/无人机02_1581F7K3C267500D2DQD/DJI_202609080909_004/DJI_20260908092422_0002_V.MP4,02_第二批_20260908_0924_单火点/01_正式视频/无人机02_1581F7K3C267500D2DQD/DJI_202609080909_004/DJI_20260908092422_0002_V.MP4,B2,uav-02,1581F7K3C267500D2DQD,DJI_202609080909_004,2135663328,V,2026-09-08T09:24:22,2026-09-08T01:24:22,1002.935267,1920,1080,0.000000,1002.935267,video:hevc|data:|data:|subtitle:mov_text|video:mjpeg,1
@raw/02_第二批_20260908_0924_单火点/01_正式视频/无人机03_1581F7K3C255900D76E8/DJI_202609080916_004/DJI_20260908092454_0002_S.MP4,02_第二批_20260908_0924_单火点/01_正式视频/无人机03_1581F7K3C255900D76E8/DJI_202609080916_004/DJI_20260908092454_0002_S.MP4,B2,uav-03,1581F7K3C255900D76E8,DJI_202609080916_004,1777325198,S,2026-09-08T09:24:54,2026-09-08T01:24:54,1010.913500,1920,1080,0.000000,1010.913500,video:hevc|subtitle:mov_text|video:mjpeg,1
@raw/02_第二批_20260908_0924_单火点/01_正式视频/无人机03_1581F7K3C255900D76E8/DJI_202609080916_004/DJI_20260908092454_0002_V.MP4,02_第二批_20260908_0924_单火点/01_正式视频/无人机03_1581F7K3C255900D76E8/DJI_202609080916_004/DJI_20260908092454_0002_V.MP4,B2,uav-03,1581F7K3C255900D76E8,DJI_202609080916_004,2152978507,V,2026-09-08T09:24:54,2026-09-08T01:24:54,1010.976633,1920,1080,0.000000,1010.976633,video:hevc|data:|data:|subtitle:mov_text|video:mjpeg,1
@raw/02_第二批_20260908_0924_单火点/01_正式视频/无人机04_1581F7K33258900AP021/DJI_202609080915_034/DJI_20260908092436_0002_S.MP4,02_第二批_20260908_0924_单火点/01_正式视频/无人机04_1581F7K33258900AP021/DJI_202609080915_034/DJI_20260908092436_0002_S.MP4,B2,uav-04,1581F7K33258900AP021,DJI_202609080915_034,2742807776,S,2026-09-08T09:24:36,2026-09-08T01:24:36,994.223467,1920,1080,0.000000,994.223467,video:h264|subtitle:mov_text|video:mjpeg,1
@raw/02_第二批_20260908_0924_单火点/01_正式视频/无人机04_1581F7K33258900AP021/DJI_202609080915_034/DJI_20260908092436_0002_V.MP4,02_第二批_20260908_0924_单火点/01_正式视频/无人机04_1581F7K33258900AP021/DJI_202609080915_034/DJI_20260908092436_0002_V.MP4,B2,uav-04,1581F7K33258900AP021,DJI_202609080915_034,3112533807,V,2026-09-08T09:24:36,2026-09-08T01:24:36,994.293300,1920,1080,0.000000,994.293300,video:h264|data:|data:|subtitle:mov_text|video:mjpeg,1
@raw/02_第二批_20260908_0924_单火点/01_正式视频/无人机05_1581F7K3C251400CFB45/DJI_202609080912_003/DJI_20260908092427_0002_S.MP4,02_第二批_20260908_0924_单火点/01_正式视频/无人机05_1581F7K3C251400CFB45/DJI_202609080912_003/DJI_20260908092427_0002_S.MP4,B2,uav-05,1581F7K3C251400CFB45,DJI_202609080912_003,2752040343,S,2026-09-08T09:24:27,2026-09-08T01:24:28,997.730067,1920,1080,0.000000,997.730067,video:h264|subtitle:mov_text|video:mjpeg,1
@raw/02_第二批_20260908_0924_单火点/01_正式视频/无人机05_1581F7K3C251400CFB45/DJI_202609080912_003/DJI_20260908092427_0002_V.MP4,02_第二批_20260908_0924_单火点/01_正式视频/无人机05_1581F7K3C251400CFB45/DJI_202609080912_003/DJI_20260908092427_0002_V.MP4,B2,uav-05,1581F7K3C251400CFB45,DJI_202609080912_003,3123208786,V,2026-09-08T09:24:27,2026-09-08T01:24:27,997.796800,1920,1080,0.000000,997.796800,video:h264|data:|data:|subtitle:mov_text|video:mjpeg,1
@raw/02_第二批_20260908_0924_单火点/01_正式视频/无人机06_1581F7K3C254N00D16Y8/DJI_202609080910_002/DJI_20260908092438_0002_S.MP4,02_第二批_20260908_0924_单火点/01_正式视频/无人机06_1581F7K3C254N00D16Y8/DJI_202609080910_002/DJI_20260908092438_0002_S.MP4,B2,uav-06,1581F7K3C254N00D16Y8,DJI_202609080910_002,1751154763,S,2026-09-08T09:24:38,2026-09-08T01:24:38,995.995000,1920,1080,0.000000,995.995000,video:hevc|subtitle:mov_text|video:mjpeg,1
@raw/02_第二批_20260908_0924_单火点/01_正式视频/无人机06_1581F7K3C254N00D16Y8/DJI_202609080910_002/DJI_20260908092438_0002_V.MP4,02_第二批_20260908_0924_单火点/01_正式视频/无人机06_1581F7K3C254N00D16Y8/DJI_202609080910_002/DJI_20260908092438_0002_V.MP4,B2,uav-06,1581F7K3C254N00D16Y8,DJI_202609080910_002,2121466129,V,2026-09-08T09:24:38,2026-09-08T01:24:38,996.028367,1920,1080,0.000000,996.028367,video:hevc|data:|data:|subtitle:mov_text|video:mjpeg,1
@raw/02_第二批_20260908_0924_单火点/01_正式视频/无人机07_1581F7K3325B100AS0AG/DJI_202609080909_002/DJI_20260908092438_0002_S.MP4,02_第二批_20260908_0924_单火点/01_正式视频/无人机07_1581F7K3325B100AS0AG/DJI_202609080909_002/DJI_20260908092438_0002_S.MP4,B2,uav-07,1581F7K3325B100AS0AG,DJI_202609080909_002,1749693427,S,2026-09-08T09:24:38,2026-09-08T01:24:38,994.980567,1920,1080,0.000000,994.980567,video:hevc|subtitle:mov_text|video:mjpeg,1
@raw/02_第二批_20260908_0924_单火点/01_正式视频/无人机07_1581F7K3325B100AS0AG/DJI_202609080909_002/DJI_20260908092438_0002_V.MP4,02_第二批_20260908_0924_单火点/01_正式视频/无人机07_1581F7K3325B100AS0AG/DJI_202609080909_002/DJI_20260908092438_0002_V.MP4,B2,uav-07,1581F7K3325B100AS0AG,DJI_202609080909_002,2118935708,V,2026-09-08T09:24:38,2026-09-08T01:24:38,995.094100,1920,1080,0.000000,995.094100,video:hevc|data:|data:|subtitle:mov_text|video:mjpeg,1
@raw/02_第二批_20260908_0924_单火点/01_正式视频/无人机08_1581F7K3C256N00DCP1T/DJI_202609080922_003/DJI_20260908092433_0001_S.MP4,02_第二批_20260908_0924_单火点/01_正式视频/无人机08_1581F7K3C256N00DCP1T/DJI_202609080922_003/DJI_20260908092433_0001_S.MP4,B2,uav-08,1581F7K3C256N00DCP1T,DJI_202609080922_003,1904714183,S,2026-09-08T09:24:33,2026-09-08T01:24:34,1083.381133,1920,1080,0.000000,1083.381133,video:hevc|subtitle:mov_text|video:mjpeg,1
@raw/02_第二批_20260908_0924_单火点/01_正式视频/无人机08_1581F7K3C256N00DCP1T/DJI_202609080922_003/DJI_20260908092433_0001_V.MP4,02_第二批_20260908_0924_单火点/01_正式视频/无人机08_1581F7K3C256N00DCP1T/DJI_202609080922_003/DJI_20260908092433_0001_V.MP4,B2,uav-08,1581F7K3C256N00DCP1T,DJI_202609080922_003,2307381339,V,2026-09-08T09:24:33,2026-09-08T01:24:34,1083.348933,1920,1080,0.000000,1083.348933,video:hevc|data:|data:|subtitle:mov_text|video:mjpeg,1
@raw/02_第二批_20260908_0924_单火点/01_正式视频/无人机09_1581F7K3C24CS00AX535/DJI_202609080915_003/DJI_20260908092435_0004_S.MP4,02_第二批_20260908_0924_单火点/01_正式视频/无人机09_1581F7K3C24CS00AX535/DJI_202609080915_003/DJI_20260908092435_0004_S.MP4,B2,uav-09,1581F7K3C24CS00AX535,DJI_202609080915_003,1757168539,S,2026-09-08T09:24:35,2026-09-08T01:24:36,1001.015533,1920,1080,0.000000,1001.015533,video:hevc|subtitle:mov_text|video:mjpeg,1
@raw/02_第二批_20260908_0924_单火点/01_正式视频/无人机09_1581F7K3C24CS00AX535/DJI_202609080915_003/DJI_20260908092435_0004_V.MP4,02_第二批_20260908_0924_单火点/01_正式视频/无人机09_1581F7K3C24CS00AX535/DJI_202609080915_003/DJI_20260908092435_0004_V.MP4,B2,uav-09,1581F7K3C24CS00AX535,DJI_202609080915_003,2147462400,V,2026-09-08T09:24:35,2026-09-08T01:24:36,1001.066733,1920,1080,0.000000,1001.066733,video:hevc|data:|data:|subtitle:mov_text|video:mjpeg,1
@raw/03_第三批_20260908_1006_多火点/01_正式视频/无人机01_1581F7K3C251800CYBVP/DJI_202609080945_004/DJI_20260908100826_0002_S.MP4,03_第三批_20260908_1006_多火点/01_正式视频/无人机01_1581F7K3C251800CYBVP/DJI_202609080945_004/DJI_20260908100826_0002_S.MP4,B3,uav-01,1581F7K3C251800CYBVP,DJI_202609080945_004,1216807453,S,2026-09-08T10:08:26,2026-09-08T02:08:26,693.583500,1920,1080,0.000000,693.583500,video:hevc|subtitle:mov_text|video:mjpeg,1
@raw/03_第三批_20260908_1006_多火点/01_正式视频/无人机01_1581F7K3C251800CYBVP/DJI_202609080945_004/DJI_20260908100826_0002_V.MP4,03_第三批_20260908_1006_多火点/01_正式视频/无人机01_1581F7K3C251800CYBVP/DJI_202609080945_004/DJI_20260908100826_0002_V.MP4,B3,uav-01,1581F7K3C251800CYBVP,DJI_202609080945_004,1477645992,V,2026-09-08T10:08:26,2026-09-08T02:08:26,693.626267,1920,1080,0.000000,693.626267,video:hevc|data:|data:|subtitle:mov_text|video:mjpeg,1
@raw/03_第三批_20260908_1006_多火点/01_正式视频/无人机02_1581F7K3C267500D2DQD/DJI_202609080957_005/DJI_20260908100606_0001_S.MP4,03_第三批_20260908_1006_多火点/01_正式视频/无人机02_1581F7K3C267500D2DQD/DJI_202609080957_005/DJI_20260908100606_0001_S.MP4,B3,uav-02,1581F7K3C267500D2DQD,DJI_202609080957_005,1416622520,S,2026-09-08T10:06:06,2026-09-08T02:06:07,853.631900,1920,1080,0.000000,853.631900,video:hevc|subtitle:mov_text|video:mjpeg,1
@raw/03_第三批_20260908_1006_多火点/01_正式视频/无人机02_1581F7K3C267500D2DQD/DJI_202609080957_005/DJI_20260908100606_0001_V.MP4,03_第三批_20260908_1006_多火点/01_正式视频/无人机02_1581F7K3C267500D2DQD/DJI_202609080957_005/DJI_20260908100606_0001_V.MP4,B3,uav-02,1581F7K3C267500D2DQD,DJI_202609080957_005,1818751505,V,2026-09-08T10:06:06,2026-09-08T02:06:07,853.485967,1920,1080,0.000000,853.485967,video:hevc|data:|data:|subtitle:mov_text|video:mjpeg,1
@raw/03_第三批_20260908_1006_多火点/01_正式视频/无人机03_1581F7K3C255900D76E8/DJI_202609080957_005/DJI_20260908100550_0001_S.MP4,03_第三批_20260908_1006_多火点/01_正式视频/无人机03_1581F7K3C255900D76E8/DJI_202609080957_005/DJI_20260908100550_0001_S.MP4,B3,uav-03,1581F7K3C255900D76E8,DJI_202609080957_005,1497860890,S,2026-09-08T10:05:50,2026-09-08T02:05:51,851.722500,1920,1080,0.000000,851.722500,video:hevc|subtitle:mov_text|video:mjpeg,1
@raw/03_第三批_20260908_1006_多火点/01_正式视频/无人机03_1581F7K3C255900D76E8/DJI_202609080957_005/DJI_20260908100550_0001_V.MP4,03_第三批_20260908_1006_多火点/01_正式视频/无人机03_1581F7K3C255900D76E8/DJI_202609080957_005/DJI_20260908100550_0001_V.MP4,B3,uav-03,1581F7K3C255900D76E8,DJI_202609080957_005,1814539911,V,2026-09-08T10:05:50,2026-09-08T02:05:51,851.684167,1920,1080,0.000000,851.684167,video:hevc|data:|data:|subtitle:mov_text|video:mjpeg,1
@raw/03_第三批_20260908_1006_多火点/01_正式视频/无人机04_1581F7K33258900AP021/DJI_202609080957_035/DJI_20260908100549_0001_S.MP4,03_第三批_20260908_1006_多火点/01_正式视频/无人机04_1581F7K33258900AP021/DJI_202609080957_035/DJI_20260908100549_0001_S.MP4,B3,uav-04,1581F7K33258900AP021,DJI_202609080957_035,2418539127,S,2026-09-08T10:05:49,2026-09-08T02:05:49,876.551000,1920,1080,0.000000,876.551000,video:h264|subtitle:mov_text|video:mjpeg,1
@raw/03_第三批_20260908_1006_多火点/01_正式视频/无人机04_1581F7K33258900AP021/DJI_202609080957_035/DJI_20260908100549_0001_V.MP4,03_第三批_20260908_1006_多火点/01_正式视频/无人机04_1581F7K33258900AP021/DJI_202609080957_035/DJI_20260908100549_0001_V.MP4,B3,uav-04,1581F7K33258900AP021,DJI_202609080957_035,2744206525,V,2026-09-08T10:05:49,2026-09-08T02:05:49,876.609067,1920,1080,0.000000,876.609067,video:h264|data:|data:|subtitle:mov_text|video:mjpeg,1
@raw/03_第三批_20260908_1006_多火点/01_正式视频/无人机05_1581F7K3C251400CFB45/DJI_202609080957_004/DJI_20260908100545_0001_S.MP4,03_第三批_20260908_1006_多火点/01_正式视频/无人机05_1581F7K3C251400CFB45/DJI_202609080957_004/DJI_20260908100545_0001_S.MP4,B3,uav-05,1581F7K3C251400CFB45,DJI_202609080957_004,2410360139,S,2026-09-08T10:05:45,2026-09-08T02:05:46,873.475233,1920,1080,0.000000,873.475233,video:h264|subtitle:mov_text|video:mjpeg,1
@raw/03_第三批_20260908_1006_多火点/01_正式视频/无人机05_1581F7K3C251400CFB45/DJI_202609080957_004/DJI_20260908100545_0001_V.MP4,03_第三批_20260908_1006_多火点/01_正式视频/无人机05_1581F7K3C251400CFB45/DJI_202609080957_004/DJI_20260908100545_0001_V.MP4,B3,uav-05,1581F7K3C251400CFB45,DJI_202609080957_004,2735036664,V,2026-09-08T10:05:45,2026-09-08T02:05:46,873.539333,1920,1080,0.000000,873.539333,video:h264|data:|data:|subtitle:mov_text|video:mjpeg,1
@raw/03_第三批_20260908_1006_多火点/01_正式视频/无人机06_1581F7K3C254N00D16Y8/DJI_202609080946_003/DJI_20260908100628_0001_V.MP4,03_第三批_20260908_1006_多火点/01_正式视频/无人机06_1581F7K3C254N00D16Y8/DJI_202609080946_003/DJI_20260908100628_0001_V.MP4,B3,uav-06,1581F7K3C254N00D16Y8,DJI_202609080946_003,1633752072,V,2026-09-08T10:06:28,2026-09-08T02:06:29,766.665900,1920,1080,0.000000,766.665900,video:hevc|data:|data:|subtitle:mov_text|video:mjpeg,1
@raw/03_第三批_20260908_1006_多火点/01_正式视频/无人机06_1581F7K3C254N00D16Y8/DJI_202609080946_003/DJI_20260908100629_0001_S.MP4,03_第三批_20260908_1006_多火点/01_正式视频/无人机06_1581F7K3C254N00D16Y8/DJI_202609080946_003/DJI_20260908100629_0001_S.MP4,B3,uav-06,1581F7K3C254N00D16Y8,DJI_202609080946_003,1039199687,S,2026-09-08T10:06:29,2026-09-08T02:06:29,766.700000,1920,1080,0.000000,766.700000,video:hevc|subtitle:mov_text|video:mjpeg,1
@raw/03_第三批_20260908_1006_多火点/01_正式视频/无人机07_1581F7K3325B100AS0AG/DJI_202609081002_003/DJI_20260908100617_0001_S.MP4,03_第三批_20260908_1006_多火点/01_正式视频/无人机07_1581F7K3325B100AS0AG/DJI_202609081002_003/DJI_20260908100617_0001_S.MP4,B3,uav-07,1581F7K3325B100AS0AG,DJI_202609081002_003,885445080,S,2026-09-08T10:06:17,2026-09-08T02:06:18,503.267733,1920,1080,0.000000,503.267733,video:hevc|subtitle:mov_text|video:mjpeg,1
@raw/03_第三批_20260908_1006_多火点/01_正式视频/无人机07_1581F7K3325B100AS0AG/DJI_202609081002_003/DJI_20260908100617_0001_V.MP4,03_第三批_20260908_1006_多火点/01_正式视频/无人机07_1581F7K3325B100AS0AG/DJI_202609081002_003/DJI_20260908100617_0001_V.MP4,B3,uav-07,1581F7K3325B100AS0AG,DJI_202609081002_003,1072880255,V,2026-09-08T10:06:17,2026-09-08T02:06:18,503.269433,1920,1080,0.000000,503.269433,video:hevc|data:|data:|subtitle:mov_text|video:mjpeg,1
@raw/03_第三批_20260908_1006_多火点/01_正式视频/无人机08_1581F7K3C256N00DCP1T/DJI_202609080958_004/DJI_20260908100611_0001_S.MP4,03_第三批_20260908_1006_多火点/01_正式视频/无人机08_1581F7K3C256N00DCP1T/DJI_202609080958_004/DJI_20260908100611_0001_S.MP4,B3,uav-08,1581F7K3C256N00DCP1T,DJI_202609080958_004,1335608260,S,2026-09-08T10:06:11,2026-09-08T02:06:12,759.110767,1920,1080,0.000000,759.110767,video:hevc|subtitle:mov_text|video:mjpeg,1
@raw/03_第三批_20260908_1006_多火点/01_正式视频/无人机08_1581F7K3C256N00DCP1T/DJI_202609080958_004/DJI_20260908100611_0001_V.MP4,03_第三批_20260908_1006_多火点/01_正式视频/无人机08_1581F7K3C256N00DCP1T/DJI_202609080958_004/DJI_20260908100611_0001_V.MP4,B3,uav-08,1581F7K3C256N00DCP1T,DJI_202609080958_004,1617792548,V,2026-09-08T10:06:11,2026-09-08T02:06:12,759.091667,1920,1080,0.000000,759.091667,video:hevc|data:|data:|subtitle:mov_text|video:mjpeg,1
@raw/03_第三批_20260908_1006_多火点/01_正式视频/无人机09_1581F7K3C24CS00AX535/DJI_202609080957_004/DJI_20260908100604_0001_S.MP4,03_第三批_20260908_1006_多火点/01_正式视频/无人机09_1581F7K3C24CS00AX535/DJI_202609080957_004/DJI_20260908100604_0001_S.MP4,B3,uav-09,1581F7K3C24CS00AX535,DJI_202609080957_004,1572661328,S,2026-09-08T10:06:04,2026-09-08T02:06:05,937.730200,1920,1080,0.000000,937.730200,video:hevc|subtitle:mov_text|video:mjpeg,1
@raw/03_第三批_20260908_1006_多火点/01_正式视频/无人机09_1581F7K3C24CS00AX535/DJI_202609080957_004/DJI_20260908100604_0001_V.MP4,03_第三批_20260908_1006_多火点/01_正式视频/无人机09_1581F7K3C24CS00AX535/DJI_202609080957_004/DJI_20260908100604_0001_V.MP4,B3,uav-09,1581F7K3C24CS00AX535,DJI_202609080957_004,1997185331,V,2026-09-08T10:06:04,2026-09-08T02:06:05,937.770167,1920,1080,0.000000,937.770167,video:hevc|data:|data:|subtitle:mov_text|video:mjpeg,1
@raw/04_第四批_20260908_1053_多火点与余热点/01_正式视频/无人机01_1581F7K3C251800CYBVP/DJI_202609081030_005/DJI_20260908105248_0002_S.MP4,04_第四批_20260908_1053_多火点与余热点/01_正式视频/无人机01_1581F7K3C251800CYBVP/DJI_202609081030_005/DJI_20260908105248_0002_S.MP4,B4,uav-01,1581F7K3C251800CYBVP,DJI_202609081030_005,1735591302,S,2026-09-08T10:52:48,2026-09-08T02:52:49,1001.100100,1920,1080,0.000000,1001.100100,video:hevc|subtitle:mov_text|video:mjpeg,1
@raw/04_第四批_20260908_1053_多火点与余热点/01_正式视频/无人机01_1581F7K3C251800CYBVP/DJI_202609081030_005/DJI_20260908105248_0002_V.MP4,04_第四批_20260908_1053_多火点与余热点/01_正式视频/无人机01_1581F7K3C251800CYBVP/DJI_202609081030_005/DJI_20260908105248_0002_V.MP4,B4,uav-01,1581F7K3C251800CYBVP,DJI_202609081030_005,2107746817,V,2026-09-08T10:52:48,2026-09-08T02:52:49,1001.033367,1920,1080,0.000000,1001.033367,video:hevc|data:|data:|subtitle:mov_text|video:mjpeg,1
@raw/04_第四批_20260908_1053_多火点与余热点/01_正式视频/无人机02_1581F7K3C267500D2DQD/DJI_202609081040_006/DJI_20260908105306_0001_S.MP4,04_第四批_20260908_1053_多火点与余热点/01_正式视频/无人机02_1581F7K3C267500D2DQD/DJI_202609081040_006/DJI_20260908105306_0001_S.MP4,B4,uav-02,1581F7K3C267500D2DQD,DJI_202609081040_006,1350884255,S,2026-09-08T10:53:06,2026-09-08T02:53:07,847.812133,1920,1080,0.000000,847.812133,video:hevc|subtitle:mov_text|video:mjpeg,1
@raw/04_第四批_20260908_1053_多火点与余热点/01_正式视频/无人机02_1581F7K3C267500D2DQD/DJI_202609081040_006/DJI_20260908105306_0001_V.MP4,04_第四批_20260908_1053_多火点与余热点/01_正式视频/无人机02_1581F7K3C267500D2DQD/DJI_202609081040_006/DJI_20260908105306_0001_V.MP4,B4,uav-02,1581F7K3C267500D2DQD,DJI_202609081040_006,1805623714,V,2026-09-08T10:53:06,2026-09-08T02:53:07,847.780267,1920,1080,0.000000,847.780267,video:hevc|data:|data:|subtitle:mov_text|video:mjpeg,1
@raw/04_第四批_20260908_1053_多火点与余热点/01_正式视频/无人机03_1581F7K3C255900D76E8/DJI_202609081046_006/DJI_20260908105253_0001_S.MP4,04_第四批_20260908_1053_多火点与余热点/01_正式视频/无人机03_1581F7K3C255900D76E8/DJI_202609081046_006/DJI_20260908105253_0001_S.MP4,B4,uav-03,1581F7K3C255900D76E8,DJI_202609081046_006,1501451422,S,2026-09-08T10:52:53,2026-09-08T02:52:53,854.302967,1920,1080,0.000000,854.302967,video:hevc|subtitle:mov_text|video:mjpeg,1
@raw/04_第四批_20260908_1053_多火点与余热点/01_正式视频/无人机03_1581F7K3C255900D76E8/DJI_202609081046_006/DJI_20260908105253_0001_V.MP4,04_第四批_20260908_1053_多火点与余热点/01_正式视频/无人机03_1581F7K3C255900D76E8/DJI_202609081046_006/DJI_20260908105253_0001_V.MP4,B4,uav-03,1581F7K3C255900D76E8,DJI_202609081046_006,1832661652,V,2026-09-08T10:52:53,2026-09-08T02:52:53,854.253400,1920,1080,0.000000,854.253400,video:hevc|data:|data:|subtitle:mov_text|video:mjpeg,1
@raw/04_第四批_20260908_1053_多火点与余热点/01_正式视频/无人机04_1581F7K33258900AP021/DJI_202609081042_036/DJI_20260908105259_0001_S.MP4,04_第四批_20260908_1053_多火点与余热点/01_正式视频/无人机04_1581F7K33258900AP021/DJI_202609081042_036/DJI_20260908105259_0001_S.MP4,B4,uav-04,1581F7K33258900AP021,DJI_202609081042_036,2533974917,S,2026-09-08T10:52:59,2026-09-08T02:53:00,918.398933,1920,1080,0.000000,918.398933,video:h264|subtitle:mov_text|video:mjpeg,1
@raw/04_第四批_20260908_1053_多火点与余热点/01_正式视频/无人机04_1581F7K33258900AP021/DJI_202609081042_036/DJI_20260908105259_0001_V.MP4,04_第四批_20260908_1053_多火点与余热点/01_正式视频/无人机04_1581F7K33258900AP021/DJI_202609081042_036/DJI_20260908105259_0001_V.MP4,B4,uav-04,1581F7K33258900AP021,DJI_202609081042_036,2875218364,V,2026-09-08T10:52:59,2026-09-08T02:52:59,918.484233,1920,1080,0.000000,918.484233,video:h264|data:|data:|subtitle:mov_text|video:mjpeg,1
@raw/04_第四批_20260908_1053_多火点与余热点/01_正式视频/无人机05_1581F7K3C251400CFB45/DJI_202609081039_005/DJI_20260908105253_0001_S.MP4,04_第四批_20260908_1053_多火点与余热点/01_正式视频/无人机05_1581F7K3C251400CFB45/DJI_202609081039_005/DJI_20260908105253_0001_S.MP4,B4,uav-05,1581F7K3C251400CFB45,DJI_202609081039_005,2690744819,S,2026-09-08T10:52:53,2026-09-08T02:52:53,974.867300,1920,1080,0.000000,974.867300,video:h264|subtitle:mov_text|video:mjpeg,1
@raw/04_第四批_20260908_1053_多火点与余热点/01_正式视频/无人机05_1581F7K3C251400CFB45/DJI_202609081039_005/DJI_20260908105253_0001_V.MP4,04_第四批_20260908_1053_多火点与余热点/01_正式视频/无人机05_1581F7K3C251400CFB45/DJI_202609081039_005/DJI_20260908105253_0001_V.MP4,B4,uav-05,1581F7K3C251400CFB45,DJI_202609081039_005,3051169913,V,2026-09-08T10:52:53,2026-09-08T02:52:53,974.740433,1920,1080,0.000000,974.740433,video:h264|data:|data:|subtitle:mov_text|video:mjpeg,1
@raw/04_第四批_20260908_1053_多火点与余热点/01_正式视频/无人机06_1581F7K3C254N00D16Y8/DJI_202609081040_004/DJI_20260908105300_0001_S.MP4,04_第四批_20260908_1053_多火点与余热点/01_正式视频/无人机06_1581F7K3C254N00D16Y8/DJI_202609081040_004/DJI_20260908105300_0001_S.MP4,B4,uav-06,1581F7K3C254N00D16Y8,DJI_202609081040_004,1374987824,S,2026-09-08T10:53:00,2026-09-08T02:53:01,851.067700,1920,1080,0.000000,851.067700,video:hevc|subtitle:mov_text|video:mjpeg,1
@raw/04_第四批_20260908_1053_多火点与余热点/01_正式视频/无人机06_1581F7K3C254N00D16Y8/DJI_202609081040_004/DJI_20260908105300_0001_V.MP4,04_第四批_20260908_1053_多火点与余热点/01_正式视频/无人机06_1581F7K3C254N00D16Y8/DJI_202609081040_004/DJI_20260908105300_0001_V.MP4,B4,uav-06,1581F7K3C254N00D16Y8,DJI_202609081040_004,1812052628,V,2026-09-08T10:53:00,2026-09-08T02:53:01,850.883367,1920,1080,0.000000,850.883367,video:hevc|data:|data:|subtitle:mov_text|video:mjpeg,1
@raw/04_第四批_20260908_1053_多火点与余热点/01_正式视频/无人机07_1581F7K3325B100AS0AG/DJI_202609081048_005/DJI_20260908105258_0001_S.MP4,04_第四批_20260908_1053_多火点与余热点/01_正式视频/无人机07_1581F7K3325B100AS0AG/DJI_202609081048_005/DJI_20260908105258_0001_S.MP4,B4,uav-07,1581F7K3325B100AS0AG,DJI_202609081048_005,1491980282,S,2026-09-08T10:52:58,2026-09-08T02:52:59,848.781267,1920,1080,0.000000,848.781267,video:hevc|subtitle:mov_text|video:mjpeg,1
@raw/04_第四批_20260908_1053_多火点与余热点/01_正式视频/无人机07_1581F7K3325B100AS0AG/DJI_202609081048_005/DJI_20260908105258_0001_V.MP4,04_第四批_20260908_1053_多火点与余热点/01_正式视频/无人机07_1581F7K3325B100AS0AG/DJI_202609081048_005/DJI_20260908105258_0001_V.MP4,B4,uav-07,1581F7K3325B100AS0AG,DJI_202609081048_005,1808097114,V,2026-09-08T10:52:58,2026-09-08T02:52:59,848.848000,1920,1080,0.000000,848.848000,video:hevc|data:|data:|subtitle:mov_text|video:mjpeg,1
@raw/04_第四批_20260908_1053_多火点与余热点/01_正式视频/无人机08_1581F7K3C256N00DCP1T/DJI_202609081036_005/DJI_20260908105257_0001_S.MP4,04_第四批_20260908_1053_多火点与余热点/01_正式视频/无人机08_1581F7K3C256N00DCP1T/DJI_202609081036_005/DJI_20260908105257_0001_S.MP4,B4,uav-08,1581F7K3C256N00DCP1T,DJI_202609081036_005,1852390337,S,2026-09-08T10:52:57,2026-09-08T02:52:57,1079.352267,1920,1080,0.000000,1079.352267,video:hevc|subtitle:mov_text|video:mjpeg,1
@raw/04_第四批_20260908_1053_多火点与余热点/01_正式视频/无人机08_1581F7K3C256N00DCP1T/DJI_202609081036_005/DJI_20260908105257_0001_V.MP4,04_第四批_20260908_1053_多火点与余热点/01_正式视频/无人机08_1581F7K3C256N00DCP1T/DJI_202609081036_005/DJI_20260908105257_0001_V.MP4,B4,uav-08,1581F7K3C256N00DCP1T,DJI_202609081036_005,2308480952,V,2026-09-08T10:52:57,2026-09-08T02:52:58,1079.278200,1920,1080,0.000000,1079.278200,video:hevc|data:|data:|subtitle:mov_text|video:mjpeg,1
@raw/04_第四批_20260908_1053_多火点与余热点/01_正式视频/无人机09_1581F7K3C24CS00AX535/DJI_202609081039_006/DJI_20260908105258_0002_S.MP4,04_第四批_20260908_1053_多火点与余热点/01_正式视频/无人机09_1581F7K3C24CS00AX535/DJI_202609081039_006/DJI_20260908105258_0002_S.MP4,B4,uav-09,1581F7K3C24CS00AX535,DJI_202609081039_006,1548225987,S,2026-09-08T10:52:58,2026-09-08T02:52:58,881.829100,1920,1080,0.000000,881.829100,video:hevc|subtitle:mov_text|video:mjpeg,1
@raw/04_第四批_20260908_1053_多火点与余热点/01_正式视频/无人机09_1581F7K3C24CS00AX535/DJI_202609081039_006/DJI_20260908105258_0002_V.MP4,04_第四批_20260908_1053_多火点与余热点/01_正式视频/无人机09_1581F7K3C24CS00AX535/DJI_202609081039_006/DJI_20260908105258_0002_V.MP4,B4,uav-09,1581F7K3C24CS00AX535,DJI_202609081039_006,1878606920,V,2026-09-08T10:52:58,2026-09-08T02:52:58,881.847633,1920,1080,0.000000,881.847633,video:hevc|data:|data:|subtitle:mov_text|video:mjpeg,1
@raw/04_第四批_20260908_1053_多火点与余热点/02_激光打点与定位验证/01_事后打点候选/无人机01_1581F7K3C251800CYBVP/DJI_202609081117_006/DJI_20260908112447_0010_S.MP4,04_第四批_20260908_1053_多火点与余热点/02_激光打点与定位验证/01_事后打点候选/无人机01_1581F7K3C251800CYBVP/DJI_202609081117_006/DJI_20260908112447_0010_S.MP4,B4,uav-01,1581F7K3C251800CYBVP,DJI_202609081117_006,150510508,S,2026-09-08T11:24:47,2026-09-08T03:24:48,84.784700,1920,1080,0.000000,84.784700,video:hevc|subtitle:mov_text|video:mjpeg,1
@raw/04_第四批_20260908_1053_多火点与余热点/02_激光打点与定位验证/01_事后打点候选/无人机01_1581F7K3C251800CYBVP/DJI_202609081117_006/DJI_20260908112447_0010_V.MP4,04_第四批_20260908_1053_多火点与余热点/02_激光打点与定位验证/01_事后打点候选/无人机01_1581F7K3C251800CYBVP/DJI_202609081117_006/DJI_20260908112447_0010_V.MP4,B4,uav-01,1581F7K3C251800CYBVP,DJI_202609081117_006,183847856,V,2026-09-08T11:24:47,2026-09-08T03:24:48,84.818067,1920,1080,0.000000,84.818067,video:hevc|data:|data:|subtitle:mov_text|video:mjpeg,1
@raw/04_第四批_20260908_1053_多火点与余热点/02_激光打点与定位验证/01_事后打点候选/无人机01_1581F7K3C251800CYBVP/DJI_202609081117_006/DJI_20260908113147_0011_S.MP4,04_第四批_20260908_1053_多火点与余热点/02_激光打点与定位验证/01_事后打点候选/无人机01_1581F7K3C251800CYBVP/DJI_202609081117_006/DJI_20260908113147_0011_S.MP4,B4,uav-01,1581F7K3C251800CYBVP,DJI_202609081117_006,302582623,S,2026-09-08T11:31:47,2026-09-08T03:31:48,171.738233,1920,1080,0.000000,171.738233,video:hevc|subtitle:mov_text|video:mjpeg,1
@raw/04_第四批_20260908_1053_多火点与余热点/02_激光打点与定位验证/01_事后打点候选/无人机01_1581F7K3C251800CYBVP/DJI_202609081117_006/DJI_20260908113147_0011_V.MP4,04_第四批_20260908_1053_多火点与余热点/02_激光打点与定位验证/01_事后打点候选/无人机01_1581F7K3C251800CYBVP/DJI_202609081117_006/DJI_20260908113147_0011_V.MP4,B4,uav-01,1581F7K3C251800CYBVP,DJI_202609081117_006,369519173,V,2026-09-08T11:31:47,2026-09-08T03:31:47,171.738233,1920,1080,0.000000,171.738233,video:hevc|data:|data:|subtitle:mov_text|video:mjpeg,1
@raw/90_短视频_试拍_补拍/无人机01_1581F7K3C251800CYBVP/DJI_202609080913_003/DJI_20260908092406_0001_S.MP4,90_短视频_试拍_补拍/无人机01_1581F7K3C251800CYBVP/DJI_202609080913_003/DJI_20260908092406_0001_S.MP4,B90,uav-01,1581F7K3C251800CYBVP,DJI_202609080913_003,3296947,S,2026-09-08T09:24:06,2026-09-08T01:24:07,0.767433,1920,1080,0.000000,0.767433,video:hevc|subtitle:mov_text|video:mjpeg,1
@raw/90_短视频_试拍_补拍/无人机01_1581F7K3C251800CYBVP/DJI_202609080913_003/DJI_20260908092406_0001_V.MP4,90_短视频_试拍_补拍/无人机01_1581F7K3C251800CYBVP/DJI_202609080913_003/DJI_20260908092406_0001_V.MP4,B90,uav-01,1581F7K3C251800CYBVP,DJI_202609080913_003,3517751,V,2026-09-08T09:24:06,2026-09-08T01:24:06,0.734067,1920,1080,0.000000,0.734067,video:hevc|data:|data:|subtitle:mov_text|video:mjpeg,1
@raw/90_短视频_试拍_补拍/无人机01_1581F7K3C251800CYBVP/DJI_202609080913_003/DJI_20260908092420_0002_S.MP4,90_短视频_试拍_补拍/无人机01_1581F7K3C251800CYBVP/DJI_202609080913_003/DJI_20260908092420_0002_S.MP4,B90,uav-01,1581F7K3C251800CYBVP,DJI_202609080913_003,17784909,S,2026-09-08T09:24:20,2026-09-08T01:24:20,9.142467,1920,1080,0.000000,9.142467,video:hevc|subtitle:mov_text|video:mjpeg,1
@raw/90_短视频_试拍_补拍/无人机01_1581F7K3C251800CYBVP/DJI_202609080913_003/DJI_20260908092420_0002_V.MP4,90_短视频_试拍_补拍/无人机01_1581F7K3C251800CYBVP/DJI_202609080913_003/DJI_20260908092420_0002_V.MP4,B90,uav-01,1581F7K3C251800CYBVP,DJI_202609080913_003,21244807,V,2026-09-08T09:24:20,2026-09-08T01:24:20,9.175833,1920,1080,0.000000,9.175833,video:hevc|data:|data:|subtitle:mov_text|video:mjpeg,1
@raw/90_短视频_试拍_补拍/无人机01_1581F7K3C251800CYBVP/DJI_202609080945_004/DJI_20260908100604_0001_S.MP4,90_短视频_试拍_补拍/无人机01_1581F7K3C251800CYBVP/DJI_202609080945_004/DJI_20260908100604_0001_S.MP4,B90,uav-01,1581F7K3C251800CYBVP,DJI_202609080945_004,245208314,S,2026-09-08T10:06:04,2026-09-08T02:06:05,138.635000,1920,1080,0.000000,138.635000,video:hevc|subtitle:mov_text|video:mjpeg,1
@raw/90_短视频_试拍_补拍/无人机01_1581F7K3C251800CYBVP/DJI_202609080945_004/DJI_20260908100604_0001_V.MP4,90_短视频_试拍_补拍/无人机01_1581F7K3C251800CYBVP/DJI_202609080945_004/DJI_20260908100604_0001_V.MP4,B90,uav-01,1581F7K3C251800CYBVP,DJI_202609080945_004,296587789,V,2026-09-08T10:06:04,2026-09-08T02:06:04,138.571767,1920,1080,0.000000,138.571767,video:hevc|data:|data:|subtitle:mov_text|video:mjpeg,1
@raw/90_短视频_试拍_补拍/无人机01_1581F7K3C251800CYBVP/DJI_202609081030_005/DJI_20260908105026_0001_S.MP4,90_短视频_试拍_补拍/无人机01_1581F7K3C251800CYBVP/DJI_202609081030_005/DJI_20260908105026_0001_S.MP4,B90,uav-01,1581F7K3C251800CYBVP,DJI_202609081030_005,2984011,S,2026-09-08T10:50:26,2026-09-08T02:50:27,0.600600,1920,1080,0.000000,0.600600,video:hevc|subtitle:mov_text|video:mjpeg,1
@raw/90_短视频_试拍_补拍/无人机01_1581F7K3C251800CYBVP/DJI_202609081030_005/DJI_20260908105026_0001_V.MP4,90_短视频_试拍_补拍/无人机01_1581F7K3C251800CYBVP/DJI_202609081030_005/DJI_20260908105026_0001_V.MP4,B90,uav-01,1581F7K3C251800CYBVP,DJI_202609081030_005,3267344,V,2026-09-08T10:50:26,2026-09-08T02:50:27,0.633967,1920,1080,0.000000,0.633967,video:hevc|data:|data:|subtitle:mov_text|video:mjpeg,1
@raw/90_短视频_试拍_补拍/无人机02_1581F7K3C267500D2DQD/DJI_202609071516_002/DJI_20260907152749_0001_S.MP4,90_短视频_试拍_补拍/无人机02_1581F7K3C267500D2DQD/DJI_202609071516_002/DJI_20260907152749_0001_S.MP4,B90,uav-02,1581F7K3C267500D2DQD,DJI_202609071516_002,124267043,S,2026-09-07T15:27:49,2026-09-07T07:27:49,103.133333,1920,1080,0.000000,103.133333,video:hevc|subtitle:mov_text|video:mjpeg,1
@raw/90_短视频_试拍_补拍/无人机02_1581F7K3C267500D2DQD/DJI_202609071516_002/DJI_20260907152749_0001_V.MP4,90_短视频_试拍_补拍/无人机02_1581F7K3C267500D2DQD/DJI_202609071516_002/DJI_20260907152749_0001_V.MP4,B90,uav-02,1581F7K3C267500D2DQD,DJI_202609071516_002,216537563,V,2026-09-07T15:27:49,2026-09-07T07:27:49,102.969533,1920,1080,0.000000,102.969533,video:hevc|data:|data:|subtitle:mov_text|video:mjpeg,1
@raw/90_短视频_试拍_补拍/无人机02_1581F7K3C267500D2DQD/DJI_202609071534_003/DJI_20260907155619_0001_S.MP4,90_短视频_试拍_补拍/无人机02_1581F7K3C267500D2DQD/DJI_202609071534_003/DJI_20260907155619_0001_S.MP4,B90,uav-02,1581F7K3C267500D2DQD,DJI_202609071534_003,14107736,S,2026-09-07T15:56:19,2026-09-07T07:56:20,7.173833,1920,1080,0.000000,7.173833,video:hevc|subtitle:mov_text|video:mjpeg,1
@raw/90_短视频_试拍_补拍/无人机02_1581F7K3C267500D2DQD/DJI_202609071534_003/DJI_20260907155619_0001_V.MP4,90_短视频_试拍_补拍/无人机02_1581F7K3C267500D2DQD/DJI_202609071534_003/DJI_20260907155619_0001_V.MP4,B90,uav-02,1581F7K3C267500D2DQD,DJI_202609071534_003,17084226,V,2026-09-07T15:56:19,2026-09-07T07:56:19,7.273933,1920,1080,0.000000,7.273933,video:hevc|data:|data:|subtitle:mov_text|video:mjpeg,1
@raw/90_短视频_试拍_补拍/无人机02_1581F7K3C267500D2DQD/DJI_202609071534_003/DJI_20260907155633_0002_S.MP4,90_短视频_试拍_补拍/无人机02_1581F7K3C267500D2DQD/DJI_202609071534_003/DJI_20260907155633_0002_S.MP4,B90,uav-02,1581F7K3C267500D2DQD,DJI_202609071534_003,11914239,S,2026-09-07T15:56:33,2026-09-07T07:56:33,6.006000,1920,1080,0.000000,6.006000,video:hevc|subtitle:mov_text|video:mjpeg,1
@raw/90_短视频_试拍_补拍/无人机02_1581F7K3C267500D2DQD/DJI_202609071534_003/DJI_20260907155633_0002_V.MP4,90_短视频_试拍_补拍/无人机02_1581F7K3C267500D2DQD/DJI_202609071534_003/DJI_20260907155633_0002_V.MP4,B90,uav-02,1581F7K3C267500D2DQD,DJI_202609071534_003,14659627,V,2026-09-07T15:56:33,2026-09-07T07:56:33,6.106100,1920,1080,0.000000,6.106100,video:hevc|data:|data:|subtitle:mov_text|video:mjpeg,1
@raw/90_短视频_试拍_补拍/无人机02_1581F7K3C267500D2DQD/DJI_202609071534_003/DJI_20260907155817_0003_S.MP4,90_短视频_试拍_补拍/无人机02_1581F7K3C267500D2DQD/DJI_202609071534_003/DJI_20260907155817_0003_S.MP4,B90,uav-02,1581F7K3C267500D2DQD,DJI_202609071534_003,23345711,S,2026-09-07T15:58:17,2026-09-07T07:58:17,12.445767,1920,1080,0.000000,12.445767,video:hevc|subtitle:mov_text|video:mjpeg,1
@raw/90_短视频_试拍_补拍/无人机02_1581F7K3C267500D2DQD/DJI_202609071534_003/DJI_20260907155817_0003_V.MP4,90_短视频_试拍_补拍/无人机02_1581F7K3C267500D2DQD/DJI_202609071534_003/DJI_20260907155817_0003_V.MP4,B90,uav-02,1581F7K3C267500D2DQD,DJI_202609071534_003,28380221,V,2026-09-07T15:58:17,2026-09-07T07:58:17,12.545867,1920,1080,0.000000,12.545867,video:hevc|data:|data:|subtitle:mov_text|video:mjpeg,1
@raw/90_短视频_试拍_补拍/无人机02_1581F7K3C267500D2DQD/DJI_202609071534_003/DJI_20260907160144_0004_S.MP4,90_短视频_试拍_补拍/无人机02_1581F7K3C267500D2DQD/DJI_202609071534_003/DJI_20260907160144_0004_S.MP4,B90,uav-02,1581F7K3C267500D2DQD,DJI_202609071534_003,11512661,S,2026-09-07T16:01:44,2026-09-07T08:01:45,5.772433,1920,1080,0.000000,5.772433,video:hevc|subtitle:mov_text|video:mjpeg,1
@raw/90_短视频_试拍_补拍/无人机02_1581F7K3C267500D2DQD/DJI_202609071534_003/DJI_20260907160144_0004_V.MP4,90_短视频_试拍_补拍/无人机02_1581F7K3C267500D2DQD/DJI_202609071534_003/DJI_20260907160144_0004_V.MP4,B90,uav-02,1581F7K3C267500D2DQD,DJI_202609071534_003,13636361,V,2026-09-07T16:01:44,2026-09-07T08:01:45,5.705700,1920,1080,0.000000,5.705700,video:hevc|data:|data:|subtitle:mov_text|video:mjpeg,1
@raw/90_短视频_试拍_补拍/无人机02_1581F7K3C267500D2DQD/DJI_202609080909_004/DJI_20260908092250_0001_S.MP4,90_短视频_试拍_补拍/无人机02_1581F7K3C267500D2DQD/DJI_202609080909_004/DJI_20260908092250_0001_S.MP4,B90,uav-02,1581F7K3C267500D2DQD,DJI_202609080909_004,7068977,S,2026-09-08T09:22:50,2026-09-08T01:22:50,3.069733,1920,1080,0.000000,3.069733,video:hevc|subtitle:mov_text|video:mjpeg,1
@raw/90_短视频_试拍_补拍/无人机02_1581F7K3C267500D2DQD/DJI_202609080909_004/DJI_20260908092250_0001_V.MP4,90_短视频_试拍_补拍/无人机02_1581F7K3C267500D2DQD/DJI_202609080909_004/DJI_20260908092250_0001_V.MP4,B90,uav-02,1581F7K3C267500D2DQD,DJI_202609080909_004,7800376,V,2026-09-08T09:22:50,2026-09-08T01:22:50,3.003000,1920,1080,0.000000,3.003000,video:hevc|data:|data:|subtitle:mov_text|video:mjpeg,1
@raw/90_短视频_试拍_补拍/无人机03_1581F7K3C255900D76E8/DJI_202609071448_001/DJI_20260907145316_0001_S.MP4,90_短视频_试拍_补拍/无人机03_1581F7K3C255900D76E8/DJI_202609071448_001/DJI_20260907145316_0001_S.MP4,B90,uav-03,1581F7K3C255900D76E8,DJI_202609071448_001,55817994,S,2026-09-07T14:53:16,2026-09-07T06:53:17,30.964267,1920,1080,0.000000,30.964267,video:hevc|subtitle:mov_text|video:mjpeg,1
@raw/90_短视频_试拍_补拍/无人机03_1581F7K3C255900D76E8/DJI_202609071448_001/DJI_20260907145316_0001_V.MP4,90_短视频_试拍_补拍/无人机03_1581F7K3C255900D76E8/DJI_202609071448_001/DJI_20260907145316_0001_V.MP4,B90,uav-03,1581F7K3C255900D76E8,DJI_202609071448_001,67881213,V,2026-09-07T14:53:16,2026-09-07T06:53:16,30.997633,1920,1080,0.000000,30.997633,video:hevc|data:|data:|subtitle:mov_text|video:mjpeg,1
@raw/90_短视频_试拍_补拍/无人机03_1581F7K3C255900D76E8/DJI_202609071448_001/DJI_20260907150014_0002_S.MP4,90_短视频_试拍_补拍/无人机03_1581F7K3C255900D76E8/DJI_202609071448_001/DJI_20260907150014_0002_S.MP4,B90,uav-03,1581F7K3C255900D76E8,DJI_202609071448_001,13153862,S,2026-09-07T15:00:14,2026-09-07T07:00:15,6.740067,1920,1080,0.000000,6.740067,video:hevc|subtitle:mov_text|video:mjpeg,1
@raw/90_短视频_试拍_补拍/无人机03_1581F7K3C255900D76E8/DJI_202609071448_001/DJI_20260907150014_0002_V.MP4,90_短视频_试拍_补拍/无人机03_1581F7K3C255900D76E8/DJI_202609071448_001/DJI_20260907150014_0002_V.MP4,B90,uav-03,1581F7K3C255900D76E8,DJI_202609071448_001,15709753,V,2026-09-07T15:00:14,2026-09-07T07:00:15,6.706700,1920,1080,0.000000,6.706700,video:hevc|data:|data:|subtitle:mov_text|video:mjpeg,1
@raw/90_短视频_试拍_补拍/无人机03_1581F7K3C255900D76E8/DJI_202609071609_002/DJI_20260907161154_0001_S.MP4,90_短视频_试拍_补拍/无人机03_1581F7K3C255900D76E8/DJI_202609071609_002/DJI_20260907161154_0001_S.MP4,B90,uav-03,1581F7K3C255900D76E8,DJI_202609071609_002,174700847,S,2026-09-07T16:11:54,2026-09-07T08:11:55,98.750900,1920,1080,0.000000,98.750900,video:hevc|subtitle:mov_text|video:mjpeg,1
@raw/90_短视频_试拍_补拍/无人机03_1581F7K3C255900D76E8/DJI_202609071609_002/DJI_20260907161154_0001_V.MP4,90_短视频_试拍_补拍/无人机03_1581F7K3C255900D76E8/DJI_202609071609_002/DJI_20260907161154_0001_V.MP4,B90,uav-03,1581F7K3C255900D76E8,DJI_202609071609_002,211402421,V,2026-09-07T16:11:54,2026-09-07T08:11:54,98.731967,1920,1080,0.000000,98.731967,video:hevc|data:|data:|subtitle:mov_text|video:mjpeg,1
@raw/90_短视频_试拍_补拍/无人机03_1581F7K3C255900D76E8/DJI_202609071609_002/DJI_20260907161336_0002_S.MP4,90_短视频_试拍_补拍/无人机03_1581F7K3C255900D76E8/DJI_202609071609_002/DJI_20260907161336_0002_S.MP4,B90,uav-03,1581F7K3C255900D76E8,DJI_202609071609_002,262003375,S,2026-09-07T16:13:36,2026-09-07T08:13:36,148.348200,1920,1080,0.000000,148.348200,video:hevc|subtitle:mov_text|video:mjpeg,1
@raw/90_短视频_试拍_补拍/无人机03_1581F7K3C255900D76E8/DJI_202609071609_002/DJI_20260907161336_0002_V.MP4,90_短视频_试拍_补拍/无人机03_1581F7K3C255900D76E8/DJI_202609071609_002/DJI_20260907161336_0002_V.MP4,B90,uav-03,1581F7K3C255900D76E8,DJI_202609071609_002,317251327,V,2026-09-07T16:13:36,2026-09-07T08:13:36,148.381567,1920,1080,0.000000,148.381567,video:hevc|data:|data:|subtitle:mov_text|video:mjpeg,1
@raw/90_短视频_试拍_补拍/无人机03_1581F7K3C255900D76E8/DJI_202609080916_004/DJI_20260908092444_0001_S.MP4,90_短视频_试拍_补拍/无人机03_1581F7K3C255900D76E8/DJI_202609080916_004/DJI_20260908092444_0001_S.MP4,B90,uav-03,1581F7K3C255900D76E8,DJI_202609080916_004,3855736,S,2026-09-08T09:24:44,2026-09-08T01:24:45,1.034367,1920,1080,0.000000,1.034367,video:hevc|subtitle:mov_text|video:mjpeg,1
@raw/90_短视频_试拍_补拍/无人机03_1581F7K3C255900D76E8/DJI_202609080916_004/DJI_20260908092444_0001_V.MP4,90_短视频_试拍_补拍/无人机03_1581F7K3C255900D76E8/DJI_202609080916_004/DJI_20260908092444_0001_V.MP4,B90,uav-03,1581F7K3C255900D76E8,DJI_202609080916_004,4234326,V,2026-09-08T09:24:44,2026-09-08T01:24:45,1.034367,1920,1080,0.000000,1.034367,video:hevc|data:|data:|subtitle:mov_text|video:mjpeg,1
@raw/90_短视频_试拍_补拍/无人机03_1581F7K3C255900D76E8/DJI_202609080916_004/DJI_20260908094824_0003_S.MP4,90_短视频_试拍_补拍/无人机03_1581F7K3C255900D76E8/DJI_202609080916_004/DJI_20260908094824_0003_S.MP4,B90,uav-03,1581F7K3C255900D76E8,DJI_202609080916_004,86259088,S,2026-09-08T09:48:24,2026-09-08T01:48:25,51.217833,1920,1080,0.000000,51.217833,video:hevc|subtitle:mov_text|video:mjpeg,1
@raw/90_短视频_试拍_补拍/无人机03_1581F7K3C255900D76E8/DJI_202609080916_004/DJI_20260908094824_0003_V.MP4,90_短视频_试拍_补拍/无人机03_1581F7K3C255900D76E8/DJI_202609080916_004/DJI_20260908094824_0003_V.MP4,B90,uav-03,1581F7K3C255900D76E8,DJI_202609080916_004,105413505,V,2026-09-08T09:48:24,2026-09-08T01:48:24,51.251200,1920,1080,0.000000,51.251200,video:hevc|data:|data:|subtitle:mov_text|video:mjpeg,1
@raw/90_短视频_试拍_补拍/无人机04_1581F7K33258900AP021/DJI_202609080915_034/DJI_20260908092113_0001_S.MP4,90_短视频_试拍_补拍/无人机04_1581F7K33258900AP021/DJI_202609080915_034/DJI_20260908092113_0001_S.MP4,B90,uav-04,1581F7K33258900AP021,DJI_202609080915_034,11481602,S,2026-09-08T09:21:13,2026-09-08T01:21:14,3.636967,1920,1080,0.000000,3.636967,video:h264|subtitle:mov_text|video:mjpeg,1
@raw/90_短视频_试拍_补拍/无人机04_1581F7K33258900AP021/DJI_202609080915_034/DJI_20260908092113_0001_V.MP4,90_短视频_试拍_补拍/无人机04_1581F7K33258900AP021/DJI_202609080915_034/DJI_20260908092113_0001_V.MP4,B90,uav-04,1581F7K33258900AP021,DJI_202609080915_034,13046548,V,2026-09-08T09:21:13,2026-09-08T01:21:14,3.703700,1920,1080,0.000000,3.703700,video:h264|data:|data:|subtitle:mov_text|video:mjpeg,1
@raw/90_短视频_试拍_补拍/无人机05_1581F7K3C251400CFB45/DJI_202609071530_001/DJI_20260907154204_0001_S.MP4,90_短视频_试拍_补拍/无人机05_1581F7K3C251400CFB45/DJI_202609071530_001/DJI_20260907154204_0001_S.MP4,B90,uav-05,1581F7K3C251400CFB45,DJI_202609071530_001,8606161,S,2026-09-07T15:42:04,2026-09-07T07:42:05,2.900000,1920,1080,0.000000,2.900000,video:h264|subtitle:mov_text|video:mjpeg,1
@raw/90_短视频_试拍_补拍/无人机05_1581F7K3C251400CFB45/DJI_202609071530_001/DJI_20260907160101_0002_S.MP4,90_短视频_试拍_补拍/无人机05_1581F7K3C251400CFB45/DJI_202609071530_001/DJI_20260907160101_0002_S.MP4,B90,uav-05,1581F7K3C251400CFB45,DJI_202609071530_001,147446561,S,2026-09-07T16:01:01,2026-09-07T08:01:02,52.986267,1920,1080,0.000000,52.986267,video:h264|subtitle:mov_text|video:mjpeg,1
@raw/90_短视频_试拍_补拍/无人机05_1581F7K3C251400CFB45/DJI_202609071622_002/DJI_20260907162504_0001_S.MP4,90_短视频_试拍_补拍/无人机05_1581F7K3C251400CFB45/DJI_202609071622_002/DJI_20260907162504_0001_S.MP4,B90,uav-05,1581F7K3C251400CFB45,DJI_202609071622_002,23838142,S,2026-09-07T16:25:04,2026-09-07T08:25:04,8.333333,1920,1080,0.000000,8.333333,video:h264|subtitle:mov_text|video:mjpeg,1
@raw/90_短视频_试拍_补拍/无人机05_1581F7K3C251400CFB45/DJI_202609071622_002/DJI_20260907162723_0002_S.MP4,90_短视频_试拍_补拍/无人机05_1581F7K3C251400CFB45/DJI_202609071622_002/DJI_20260907162723_0002_S.MP4,B90,uav-05,1581F7K3C251400CFB45,DJI_202609071622_002,10639681,S,2026-09-07T16:27:23,2026-09-07T08:27:24,3.433333,1920,1080,0.000000,3.433333,video:h264|subtitle:mov_text|video:mjpeg,1
@raw/90_短视频_试拍_补拍/无人机05_1581F7K3C251400CFB45/DJI_202609071622_002/DJI_20260907162723_0002_V.MP4,90_短视频_试拍_补拍/无人机05_1581F7K3C251400CFB45/DJI_202609071622_002/DJI_20260907162723_0002_V.MP4,B90,uav-05,1581F7K3C251400CFB45,DJI_202609071622_002,11972223,V,2026-09-07T16:27:23,2026-09-07T08:27:23,3.336667,1920,1080,0.000000,3.336667,video:h264|data:|data:|subtitle:mov_text|video:mjpeg,1
@raw/90_短视频_试拍_补拍/无人机05_1581F7K3C251400CFB45/DJI_202609080912_003/DJI_20260908092228_0001_S.MP4,90_短视频_试拍_补拍/无人机05_1581F7K3C251400CFB45/DJI_202609080912_003/DJI_20260908092228_0001_S.MP4,B90,uav-05,1581F7K3C251400CFB45,DJI_202609080912_003,11809832,S,2026-09-08T09:22:28,2026-09-08T01:22:29,3.703700,1920,1080,0.000000,3.703700,video:h264|subtitle:mov_text|video:mjpeg,1
@raw/90_短视频_试拍_补拍/无人机05_1581F7K3C251400CFB45/DJI_202609080912_003/DJI_20260908092228_0001_V.MP4,90_短视频_试拍_补拍/无人机05_1581F7K3C251400CFB45/DJI_202609080912_003/DJI_20260908092228_0001_V.MP4,B90,uav-05,1581F7K3C251400CFB45,DJI_202609080912_003,12981592,V,2026-09-08T09:22:28,2026-09-08T01:22:29,3.636967,1920,1080,0.000000,3.636967,video:h264|data:|data:|subtitle:mov_text|video:mjpeg,1
@raw/90_短视频_试拍_补拍/无人机06_1581F7K3C254N00D16Y8/DJI_202609071535_001/DJI_20260907155637_0001_S.MP4,90_短视频_试拍_补拍/无人机06_1581F7K3C254N00D16Y8/DJI_202609071535_001/DJI_20260907155637_0001_S.MP4,B90,uav-06,1581F7K3C254N00D16Y8,DJI_202609071535_001,11660839,S,2026-09-07T15:56:37,2026-09-07T07:56:38,5.972633,1920,1080,0.000000,5.972633,video:hevc|subtitle:mov_text|video:mjpeg,1
@raw/90_短视频_试拍_补拍/无人机06_1581F7K3C254N00D16Y8/DJI_202609071535_001/DJI_20260907155637_0001_V.MP4,90_短视频_试拍_补拍/无人机06_1581F7K3C254N00D16Y8/DJI_202609071535_001/DJI_20260907155637_0001_V.MP4,B90,uav-06,1581F7K3C254N00D16Y8,DJI_202609071535_001,13912697,V,2026-09-07T15:56:37,2026-09-07T07:56:38,5.939267,1920,1080,0.000000,5.939267,video:hevc|data:|data:|subtitle:mov_text|video:mjpeg,1
@raw/90_短视频_试拍_补拍/无人机06_1581F7K3C254N00D16Y8/DJI_202609080910_002/DJI_20260908092133_0001_S.MP4,90_短视频_试拍_补拍/无人机06_1581F7K3C254N00D16Y8/DJI_202609080910_002/DJI_20260908092133_0001_S.MP4,B90,uav-06,1581F7K3C254N00D16Y8,DJI_202609080910_002,8142719,S,2026-09-08T09:21:33,2026-09-08T01:21:33,3.770433,1920,1080,0.000000,3.770433,video:hevc|subtitle:mov_text|video:mjpeg,1
@raw/90_短视频_试拍_补拍/无人机06_1581F7K3C254N00D16Y8/DJI_202609080910_002/DJI_20260908092133_0001_V.MP4,90_短视频_试拍_补拍/无人机06_1581F7K3C254N00D16Y8/DJI_202609080910_002/DJI_20260908092133_0001_V.MP4,B90,uav-06,1581F7K3C254N00D16Y8,DJI_202609080910_002,9607920,V,2026-09-08T09:21:33,2026-09-08T01:21:33,3.803800,1920,1080,0.000000,3.803800,video:hevc|data:|data:|subtitle:mov_text|video:mjpeg,1
@raw/90_短视频_试拍_补拍/无人机06_1581F7K3C254N00D16Y8/DJI_202609080946_003/DJI_20260908102508_0002_S.MP4,90_短视频_试拍_补拍/无人机06_1581F7K3C254N00D16Y8/DJI_202609080946_003/DJI_20260908102508_0002_S.MP4,B90,uav-06,1581F7K3C254N00D16Y8,DJI_202609080946_003,200786660,S,2026-09-08T10:25:08,2026-09-08T02:25:09,179.813000,1920,1080,0.000000,179.812967,video:hevc|subtitle:mov_text|video:mjpeg,1
@raw/90_短视频_试拍_补拍/无人机06_1581F7K3C254N00D16Y8/DJI_202609080946_003/DJI_20260908102508_0002_V.MP4,90_短视频_试拍_补拍/无人机06_1581F7K3C254N00D16Y8/DJI_202609080946_003/DJI_20260908102508_0002_V.MP4,B90,uav-06,1581F7K3C254N00D16Y8,DJI_202609080946_003,266934147,V,2026-09-08T10:25:08,2026-09-08T02:25:08,179.680000,1920,1080,0.000000,179.679500,video:hevc|data:|data:|subtitle:mov_text|video:mjpeg,1
@raw/90_短视频_试拍_补拍/无人机07_1581F7K3325B100AS0AG/DJI_202609080909_002/DJI_20260908092219_0001_S.MP4,90_短视频_试拍_补拍/无人机07_1581F7K3325B100AS0AG/DJI_202609080909_002/DJI_20260908092219_0001_S.MP4,B90,uav-07,1581F7K3325B100AS0AG,DJI_202609080909_002,7206628,S,2026-09-08T09:22:19,2026-09-08T01:22:20,3.103100,1920,1080,0.000000,3.103100,video:hevc|subtitle:mov_text|video:mjpeg,1
@raw/90_短视频_试拍_补拍/无人机07_1581F7K3325B100AS0AG/DJI_202609080909_002/DJI_20260908092219_0001_V.MP4,90_短视频_试拍_补拍/无人机07_1581F7K3325B100AS0AG/DJI_202609080909_002/DJI_20260908092219_0001_V.MP4,B90,uav-07,1581F7K3325B100AS0AG,DJI_202609080909_002,8349111,V,2026-09-08T09:22:19,2026-09-08T01:22:19,3.103100,1920,1080,0.000000,3.103100,video:hevc|data:|data:|subtitle:mov_text|video:mjpeg,1
@raw/90_短视频_试拍_补拍/无人机07_1581F7K3325B100AS0AG/DJI_202609080909_002/DJI_20260908094144_0003_S.MP4,90_短视频_试拍_补拍/无人机07_1581F7K3325B100AS0AG/DJI_202609080909_002/DJI_20260908094144_0003_S.MP4,B90,uav-07,1581F7K3325B100AS0AG,DJI_202609080909_002,268823043,S,2026-09-08T09:41:44,2026-09-08T01:41:44,152.152000,1920,1080,0.000000,152.152000,video:hevc|subtitle:mov_text|video:mjpeg,1
@raw/90_短视频_试拍_补拍/无人机07_1581F7K3325B100AS0AG/DJI_202609080909_002/DJI_20260908094144_0003_V.MP4,90_短视频_试拍_补拍/无人机07_1581F7K3325B100AS0AG/DJI_202609080909_002/DJI_20260908094144_0003_V.MP4,B90,uav-07,1581F7K3325B100AS0AG,DJI_202609080909_002,325439148,V,2026-09-08T09:41:44,2026-09-08T01:41:44,152.185367,1920,1080,0.000000,152.185367,video:hevc|data:|data:|subtitle:mov_text|video:mjpeg,1
@raw/90_短视频_试拍_补拍/无人机07_1581F7K3325B100AS0AG/DJI_202609080909_002/DJI_20260908094419_0004_S.MP4,90_短视频_试拍_补拍/无人机07_1581F7K3325B100AS0AG/DJI_202609080909_002/DJI_20260908094419_0004_S.MP4,B90,uav-07,1581F7K3325B100AS0AG,DJI_202609080909_002,109417997,S,2026-09-08T09:44:19,2026-09-08T01:44:19,61.461400,1920,1080,0.000000,61.461400,video:hevc|subtitle:mov_text|video:mjpeg,1
@raw/90_短视频_试拍_补拍/无人机07_1581F7K3325B100AS0AG/DJI_202609080909_002/DJI_20260908094419_0004_V.MP4,90_短视频_试拍_补拍/无人机07_1581F7K3325B100AS0AG/DJI_202609080909_002/DJI_20260908094419_0004_V.MP4,B90,uav-07,1581F7K3325B100AS0AG,DJI_202609080909_002,132276892,V,2026-09-08T09:44:19,2026-09-08T01:44:19,61.461400,1920,1080,0.000000,61.461400,video:hevc|data:|data:|subtitle:mov_text|video:mjpeg,1
@raw/90_短视频_试拍_补拍/无人机07_1581F7K3325B100AS0AG/DJI_202609081002_003/DJI_20260908101451_0002_S.MP4,90_短视频_试拍_补拍/无人机07_1581F7K3325B100AS0AG/DJI_202609081002_003/DJI_20260908101451_0002_S.MP4,B90,uav-07,1581F7K3325B100AS0AG,DJI_202609081002_003,260088032,S,2026-09-08T10:14:51,2026-09-08T02:14:52,147.313833,1920,1080,0.000000,147.313833,video:hevc|subtitle:mov_text|video:mjpeg,1
@raw/90_短视频_试拍_补拍/无人机07_1581F7K3325B100AS0AG/DJI_202609081002_003/DJI_20260908101451_0002_V.MP4,90_短视频_试拍_补拍/无人机07_1581F7K3325B100AS0AG/DJI_202609081002_003/DJI_20260908101451_0002_V.MP4,B90,uav-07,1581F7K3325B100AS0AG,DJI_202609081002_003,315038002,V,2026-09-08T10:14:51,2026-09-08T02:14:51,147.347200,1920,1080,0.000000,147.347200,video:hevc|data:|data:|subtitle:mov_text|video:mjpeg,1
@raw/90_短视频_试拍_补拍/无人机07_1581F7K3325B100AS0AG/DJI_202609081037_004/DJI_20260908103828_0001_S.MP4,90_短视频_试拍_补拍/无人机07_1581F7K3325B100AS0AG/DJI_202609081037_004/DJI_20260908103828_0001_S.MP4,B90,uav-07,1581F7K3325B100AS0AG,DJI_202609081037_004,83294751,S,2026-09-08T10:38:28,2026-09-08T02:38:28,46.579867,1920,1080,0.000000,46.579867,video:hevc|subtitle:mov_text|video:mjpeg,1
@raw/90_短视频_试拍_补拍/无人机07_1581F7K3325B100AS0AG/DJI_202609081037_004/DJI_20260908103828_0001_V.MP4,90_短视频_试拍_补拍/无人机07_1581F7K3325B100AS0AG/DJI_202609081037_004/DJI_20260908103828_0001_V.MP4,B90,uav-07,1581F7K3325B100AS0AG,DJI_202609081037_004,100615586,V,2026-09-08T10:38:28,2026-09-08T02:38:28,46.579867,1920,1080,0.000000,46.579867,video:hevc|data:|data:|subtitle:mov_text|video:mjpeg,1
@raw/90_短视频_试拍_补拍/无人机07_1581F7K3325B100AS0AG/DJI_202609081037_004/DJI_20260908104053_0002_S.MP4,90_短视频_试拍_补拍/无人机07_1581F7K3325B100AS0AG/DJI_202609081037_004/DJI_20260908104053_0002_S.MP4,B90,uav-07,1581F7K3325B100AS0AG,DJI_202609081037_004,379766012,S,2026-09-08T10:40:53,2026-09-08T02:40:54,215.381833,1920,1080,0.000000,215.381833,video:hevc|subtitle:mov_text|video:mjpeg,1
@raw/90_短视频_试拍_补拍/无人机07_1581F7K3325B100AS0AG/DJI_202609081037_004/DJI_20260908104053_0002_V.MP4,90_短视频_试拍_补拍/无人机07_1581F7K3325B100AS0AG/DJI_202609081037_004/DJI_20260908104053_0002_V.MP4,B90,uav-07,1581F7K3325B100AS0AG,DJI_202609081037_004,460013583,V,2026-09-08T10:40:53,2026-09-08T02:40:53,215.415200,1920,1080,0.000000,215.415200,video:hevc|data:|data:|subtitle:mov_text|video:mjpeg,1
@raw/90_短视频_试拍_补拍/无人机09_1581F7K3C24CS00AX535/DJI_202609071543_001/DJI_20260907154450_0001_S.MP4,90_短视频_试拍_补拍/无人机09_1581F7K3C24CS00AX535/DJI_202609071543_001/DJI_20260907154450_0001_S.MP4,B90,uav-09,1581F7K3C24CS00AX535,DJI_202609071543_001,2834663,S,2026-09-07T15:44:50,2026-09-07T07:44:51,1.833333,1920,1080,0.000000,1.833333,video:hevc|subtitle:mov_text|video:mjpeg,1
@raw/90_短视频_试拍_补拍/无人机09_1581F7K3C24CS00AX535/DJI_202609071543_001/DJI_20260907154450_0001_V.MP4,90_短视频_试拍_补拍/无人机09_1581F7K3C24CS00AX535/DJI_202609071543_001/DJI_20260907154450_0001_V.MP4,B90,uav-09,1581F7K3C24CS00AX535,DJI_202609071543_001,4161619,V,2026-09-07T15:44:50,2026-09-07T07:44:50,1.868533,1920,1080,0.000000,1.868533,video:hevc|data:|data:|subtitle:mov_text|video:mjpeg,1
@raw/90_短视频_试拍_补拍/无人机09_1581F7K3C24CS00AX535/DJI_202609080915_003/DJI_20260908092155_0001_S.MP4,90_短视频_试拍_补拍/无人机09_1581F7K3C24CS00AX535/DJI_202609080915_003/DJI_20260908092155_0001_S.MP4,B90,uav-09,1581F7K3C24CS00AX535,DJI_202609080915_003,7849322,S,2026-09-08T09:21:55,2026-09-08T01:21:56,3.670333,1920,1080,0.000000,3.670333,video:hevc|subtitle:mov_text|video:mjpeg,1
@raw/90_短视频_试拍_补拍/无人机09_1581F7K3C24CS00AX535/DJI_202609080915_003/DJI_20260908092155_0001_V.MP4,90_短视频_试拍_补拍/无人机09_1581F7K3C24CS00AX535/DJI_202609080915_003/DJI_20260908092155_0001_V.MP4,B90,uav-09,1581F7K3C24CS00AX535,DJI_202609080915_003,9292705,V,2026-09-08T09:21:55,2026-09-08T01:21:56,3.703700,1920,1080,0.000000,3.703700,video:hevc|data:|data:|subtitle:mov_text|video:mjpeg,1
@raw/90_短视频_试拍_补拍/无人机09_1581F7K3C24CS00AX535/DJI_202609080915_003/DJI_20260908092311_0003_S.MP4,90_短视频_试拍_补拍/无人机09_1581F7K3C24CS00AX535/DJI_202609080915_003/DJI_20260908092311_0003_S.MP4,B90,uav-09,1581F7K3C24CS00AX535,DJI_202609080915_003,7580871,S,2026-09-08T09:23:11,2026-09-08T01:23:12,3.436767,1920,1080,0.000000,3.436767,video:hevc|subtitle:mov_text|video:mjpeg,1
@raw/90_短视频_试拍_补拍/无人机09_1581F7K3C24CS00AX535/DJI_202609080915_003/DJI_20260908092311_0003_V.MP4,90_短视频_试拍_补拍/无人机09_1581F7K3C24CS00AX535/DJI_202609080915_003/DJI_20260908092311_0003_V.MP4,B90,uav-09,1581F7K3C24CS00AX535,DJI_202609080915_003,9103688,V,2026-09-08T09:23:11,2026-09-08T01:23:11,3.536867,1920,1080,0.000000,3.536867,video:hevc|data:|data:|subtitle:mov_text|video:mjpeg,1
@raw/90_短视频_试拍_补拍/无人机09_1581F7K3C24CS00AX535/DJI_202609081039_006/DJI_20260908104445_0001_S.MP4,90_短视频_试拍_补拍/无人机09_1581F7K3C24CS00AX535/DJI_202609081039_006/DJI_20260908104445_0001_S.MP4,B90,uav-09,1581F7K3C24CS00AX535,DJI_202609081039_006,4412313,S,2026-09-08T10:44:45,2026-09-08T02:44:46,1.701700,1920,1080,0.000000,1.701700,video:hevc|subtitle:mov_text|video:mjpeg,1
@raw/90_短视频_试拍_补拍/无人机09_1581F7K3C24CS00AX535/DJI_202609081039_006/DJI_20260908104445_0001_V.MP4,90_短视频_试拍_补拍/无人机09_1581F7K3C24CS00AX535/DJI_202609081039_006/DJI_20260908104445_0001_V.MP4,B90,uav-09,1581F7K3C24CS00AX535,DJI_202609081039_006,5101474,V,2026-09-08T10:44:45,2026-09-08T02:44:46,1.735067,1920,1080,0.000000,1.735067,video:hevc|data:|data:|subtitle:mov_text|video:mjpeg,1
