bias_hypothesis,shared_value,B1_F1_error_m,B3_N_error_m,B3_S_error_m,mean_three_site_error_m,max_three_site_error_m,truth_level,interpretation
uniform_yaw_offset_deg,-5,1.623123022685163,15.590554417984201,2.905843613639472,6.706507018102946,15.590554417984201,Gold references; post-hoc diagnostic,Only three sites/two events; shared one-parameter sweep cannot identify correlated causes or be trained/evaluated independently.
uniform_yaw_offset_deg,-4,1.5610346713156762,15.136907637742913,2.774407919928987,6.490783409662526,15.136907637742913,Gold references; post-hoc diagnostic,Only three sites/two events; shared one-parameter sweep cannot identify correlated causes or be trained/evaluated independently.
uniform_yaw_offset_deg,-3,1.5105035203841617,14.679193887086582,2.7497510950521833,6.313149500840975,14.679193887086582,Gold references; post-hoc diagnostic,Only three sites/two events; shared one-parameter sweep cannot identify correlated causes or be trained/evaluated independently.
uniform_yaw_offset_deg,-2,1.4727720489546048,14.217555371501499,2.8351325819628626,6.175153334139655,14.217555371501499,Gold references; post-hoc diagnostic,Only three sites/two events; shared one-parameter sweep cannot identify correlated causes or be trained/evaluated independently.
uniform_yaw_offset_deg,-1,1.4488763306606967,13.75213595433864,3.0215568644961768,6.074189716498505,13.75213595433864,Gold references; post-hoc diagnostic,Only three sites/two events; shared one-parameter sweep cannot identify correlated causes or be trained/evaluated independently.
uniform_yaw_offset_deg,-0.5,1.4423537380717788,13.518053828146844,3.1474970697975215,6.035968212005382,13.518053828146844,Gold references; post-hoc diagnostic,Only three sites/two events; shared one-parameter sweep cannot identify correlated causes or be trained/evaluated independently.
uniform_yaw_offset_deg,0,1.4395238388142908,13.283081198416877,3.2920814330373473,6.004895490089505,13.283081198416877,Gold references; post-hoc diagnostic,Only three sites/two events; shared one-parameter sweep cannot identify correlated causes or be trained/evaluated independently.
uniform_yaw_offset_deg,0.5,1.4404079213417733,13.047236536043233,3.452973132366301,5.980205863250435,13.047236536043233,Gold references; post-hoc diagnostic,Only three sites/two events; shared one-parameter sweep cannot identify correlated causes or be trained/evaluated independently.
uniform_yaw_offset_deg,1,1.4449975931481978,12.810538427087637,3.628000993050617,5.961179004428818,12.810538427087637,Gold references; post-hoc diagnostic,Only three sites/two events; shared one-parameter sweep cannot identify correlated causes or be trained/evaluated independently.
uniform_yaw_offset_deg,2,1.4651146586189736,12.334656810411193,4.012886650682417,5.9375527065708615,12.334656810411193,Gold references; post-hoc diagnostic,Only three sites/two events; shared one-parameter sweep cannot identify correlated causes or be trained/evaluated independently.
uniform_yaw_offset_deg,3,1.4992523693596247,11.855587484000253,4.4338846255285445,5.9295748262961405,11.855587484000253,Gold references; post-hoc diagnostic,Only three sites/two events; shared one-parameter sweep cannot identify correlated causes or be trained/evaluated independently.
uniform_yaw_offset_deg,4,1.5464337967368018,11.37348371075708,4.8814740932482295,5.93379720024737,11.37348371075708,Gold references; post-hoc diagnostic,Only three sites/two events; shared one-parameter sweep cannot identify correlated causes or be trained/evaluated independently.
uniform_yaw_offset_deg,5,1.6054467448498615,10.888501099502534,5.348743421827375,5.947563755393257,10.888501099502534,Gold references; post-hoc diagnostic,Only three sites/two events; shared one-parameter sweep cannot identify correlated causes or be trained/evaluated independently.
uniform_pitch_offset_deg,-5,1.6819664659392197,15.987040162047839,5.835742084753626,7.834916237580228,15.987040162047839,Gold references; post-hoc diagnostic,Only three sites/two events; shared one-parameter sweep cannot identify correlated causes or be trained/evaluated independently.
uniform_pitch_offset_deg,-4,1.6487118617452938,15.349651229656063,5.219826707999955,7.406063266467103,15.349651229656063,Gold references; post-hoc diagnostic,Only three sites/two events; shared one-parameter sweep cannot identify correlated causes or be trained/evaluated independently.
uniform_pitch_offset_deg,-3,1.6058421739149067,14.762050579695602,4.651242669932336,7.006378474514282,14.762050579695602,Gold references; post-hoc diagnostic,Only three sites/two events; shared one-parameter sweep cannot identify correlated causes or be trained/evaluated independently.
uniform_pitch_offset_deg,-2,1.5554465461577813,14.222799042357533,4.1352280208083405,6.637824536441219,14.222799042357533,Gold references; post-hoc diagnostic,Only three sites/two events; shared one-parameter sweep cannot identify correlated causes or be trained/evaluated independently.
uniform_pitch_offset_deg,-1,1.4994320000409849,13.730353662993501,3.6790034381543983,6.3029297003962945,13.730353662993501,Gold references; post-hoc diagnostic,Only three sites/two events; shared one-parameter sweep cannot identify correlated causes or be trained/evaluated independently.
uniform_pitch_offset_deg,-0.5,1.469863780248913,13.501176215614612,3.476197853825929,6.149079283229818,13.501176215614612,Gold references; post-hoc diagnostic,Only three sites/two events; shared one-parameter sweep cannot identify correlated causes or be trained/evaluated independently.
uniform_pitch_offset_deg,0,1.4395238388142908,13.283081198416877,3.2920814330373473,6.004895490089505,13.283081198416877,Gold references; post-hoc diagnostic,Only three sites/two events; shared one-parameter sweep cannot identify correlated causes or be trained/evaluated independently.
uniform_pitch_offset_deg,0.5,1.4086002382696172,13.07585136496061,3.1281420538865654,5.8708645523722645,13.07585136496061,Gold references; post-hoc diagnostic,Only three sites/two events; shared one-parameter sweep cannot identify correlated causes or be trained/evaluated independently.
uniform_pitch_offset_deg,1,1.3772704582619315,12.879264366602102,2.985887986908954,5.747474270590995,12.879264366602102,Gold references; post-hoc diagnostic,Only three sites/two events; shared one-parameter sweep cannot identify correlated causes or be trained/evaluated independently.
uniform_pitch_offset_deg,2,1.314051153405188,12.517104090904814,2.7718961229027035,5.534350455737569,12.517104090904814,Gold references; post-hoc diagnostic,Only three sites/two events; shared one-parameter sweep cannot identify correlated causes or be trained/evaluated independently.
uniform_pitch_offset_deg,3,1.251085764020156,12.194720380368803,2.657828997872485,5.367878380753814,12.194720380368803,Gold references; post-hoc diagnostic,Only three sites/two events; shared one-parameter sweep cannot identify correlated causes or be trained/evaluated independently.
uniform_pitch_offset_deg,4,1.189445231270084,11.910153912031998,2.6432899546623467,5.247629699321476,11.910153912031998,Gold references; post-hoc diagnostic,Only three sites/two events; shared one-parameter sweep cannot identify correlated causes or be trained/evaluated independently.
uniform_pitch_offset_deg,5,1.1300623504157807,11.66136979840284,2.718094724569601,5.169842291129407,11.66136979840284,Gold references; post-hoc diagnostic,Only three sites/two events; shared one-parameter sweep cannot identify correlated causes or be trained/evaluated independently.
uniform_focal_scale,0.7,1.292325252704051,19.27819104453678,9.907521556916043,10.159345951385625,19.27819104453678,Gold references; post-hoc diagnostic,Only three sites/two events; shared one-parameter sweep cannot identify correlated causes or be trained/evaluated independently.
uniform_focal_scale,0.75,1.3279813167903907,17.934986380610766,8.407794483926171,9.223587393775777,17.934986380610766,Gold references; post-hoc diagnostic,Only three sites/two events; shared one-parameter sweep cannot identify correlated causes or be trained/evaluated independently.
uniform_focal_scale,0.8,1.3577896647066607,16.7641615239835,7.107014157662583,8.409655115450915,16.7641615239835,Gold references; post-hoc diagnostic,Only three sites/two events; shared one-parameter sweep cannot identify correlated causes or be trained/evaluated independently.
uniform_focal_scale,0.85,1.3830207558486405,15.735041215889305,5.969336778585289,7.695799583441077,15.735041215889305,Gold references; post-hoc diagnostic,Only three sites/two events; shared one-parameter sweep cannot identify correlated causes or be trained/evaluated independently.
uniform_focal_scale,0.9,1.404611660214893,14.823751827359084,4.967392514054894,7.065252000542956,14.823751827359084,Gold references; post-hoc diagnostic,Only three sites/two events; shared one-parameter sweep cannot identify correlated causes or be trained/evaluated independently.
uniform_focal_scale,0.95,1.4232666269570775,14.011451521433196,4.080229950855515,6.504982699748596,14.011451521433196,Gold references; post-hoc diagnostic,Only three sites/two events; shared one-parameter sweep cannot identify correlated causes or be trained/evaluated independently.
uniform_focal_scale,1,1.4395238388142908,13.283081198416877,3.2920814330373473,6.004895490089505,13.283081198416877,Gold references; post-hoc diagnostic,Only three sites/two events; shared one-parameter sweep cannot identify correlated causes or be trained/evaluated independently.
uniform_focal_scale,1.05,1.4538007613595378,12.626467217471713,2.59193929866029,5.557402425830514,12.626467217471713,Gold references; post-hoc diagnostic,Only three sites/two events; shared one-parameter sweep cannot identify correlated causes or be trained/evaluated independently.
uniform_focal_scale,1.1,1.4664256007934493,12.031666294415036,1.9743914996741652,5.157494464960884,12.031666294415036,Gold references; post-hoc diagnostic,Only three sites/two events; shared one-parameter sweep cannot identify correlated causes or be trained/evaluated independently.
uniform_focal_scale,1.15,1.4776595410060545,11.490480071368681,1.4434359419209488,4.803858518098562,11.490480071368681,Gold references; post-hoc diagnostic,Only three sites/two events; shared one-parameter sweep cannot identify correlated causes or be trained/evaluated independently.
uniform_focal_scale,1.2,1.4877127337110383,10.996090495484934,1.024661753112587,4.50282166076952,10.996090495484934,Gold references; post-hoc diagnostic,Only three sites/two events; shared one-parameter sweep cannot identify correlated causes or be trained/evaluated independently.
uniform_focal_scale,1.25,1.4967559768522163,10.542782504474916,0.7908428956412389,4.27679379232279,10.542782504474916,Gold references; post-hoc diagnostic,Only three sites/two events; shared one-parameter sweep cannot identify correlated causes or be trained/evaluated independently.
uniform_focal_scale,1.3,1.5049293659909184,10.125730678760908,0.8226752292079675,4.151111757986598,10.125730678760908,Gold references; post-hoc diagnostic,Only three sites/two events; shared one-parameter sweep cannot identify correlated causes or be trained/evaluated independently.
uniform_gps_east_offset_m,-10,8.592838555207686,19.603327460691453,8.190611848255166,12.1289259547181,19.603327460691453,Gold references; post-hoc diagnostic,Only three sites/two events; shared one-parameter sweep cannot identify correlated causes or be trained/evaluated independently.
uniform_gps_east_offset_m,-8,6.5942357650598025,18.075408909610506,6.311612946891812,10.32708587385404,18.075408909610506,Gold references; post-hoc diagnostic,Only three sites/two events; shared one-parameter sweep cannot identify correlated causes or be trained/evaluated independently.
uniform_gps_east_offset_m,-6,4.596848508981354,16.647833701961176,4.537267187852888,8.593983132931806,16.647833701961176,Gold references; post-hoc diagnostic,Only three sites/two events; shared one-parameter sweep cannot identify correlated causes or be trained/evaluated independently.
uniform_gps_east_offset_m,-4,2.6034759656763167,15.348626214964039,3.0556716244650333,7.002591268368463,15.348626214964039,Gold references; post-hoc diagnostic,Only three sites/two events; shared one-parameter sweep cannot identify correlated causes or be trained/evaluated independently.
uniform_gps_east_offset_m,-2,0.6520414045016399,14.213032273417545,2.4672787882918765,5.777450822070354,14.213032273417545,Gold references; post-hoc diagnostic,Only three sites/two events; shared one-parameter sweep cannot identify correlated causes or be trained/evaluated independently.
uniform_gps_east_offset_m,0,1.4395238388142908,13.283081198416877,3.2920814330373473,6.004895490089505,13.283081198416877,Gold references; post-hoc diagnostic,Only three sites/two events; shared one-parameter sweep cannot identify correlated causes or be trained/evaluated independently.
uniform_gps_east_offset_m,2,3.423346282783095,12.604372489031856,4.856761853781141,6.961493541865365,12.604372489031856,Gold references; post-hoc diagnostic,Only three sites/two events; shared one-parameter sweep cannot identify correlated causes or be trained/evaluated independently.
uniform_gps_east_offset_m,4,5.419074705258724,12.218844690100223,6.658713933406184,8.098877776255042,12.218844690100223,Gold references; post-hoc diagnostic,Only three sites/two events; shared one-parameter sweep cannot identify correlated causes or be trained/evaluated independently.
uniform_gps_east_offset_m,6,7.417104660883858,12.154428216881184,8.549199189955257,9.373577355906766,12.154428216881184,Gold references; post-hoc diagnostic,Only three sites/two events; shared one-parameter sweep cannot identify correlated causes or be trained/evaluated independently.
uniform_gps_east_offset_m,8,9.415971136310654,12.416121979017635,10.480417087698656,10.770836734342316,12.416121979017635,Gold references; post-hoc diagnostic,Only three sites/two events; shared one-parameter sweep cannot identify correlated causes or be trained/evaluated independently.
uniform_gps_east_offset_m,10,11.415234703201042,12.984222915383587,12.433401701655123,12.27761977341325,12.984222915383587,Gold references; post-hoc diagnostic,Only three sites/two events; shared one-parameter sweep cannot identify correlated causes or be trained/evaluated independently.
uniform_gps_north_offset_m,-10,10.377794714409138,5.801336131908026,12.650713487038924,9.609948111118696,12.650713487038924,Gold references; post-hoc diagnostic,Only three sites/two events; shared one-parameter sweep cannot identify correlated causes or be trained/evaluated independently.
uniform_gps_north_offset_m,-8,8.400794265070255,6.797973959721555,10.68644007222557,8.62840276567246,10.68644007222557,Gold references; post-hoc diagnostic,Only three sites/two events; shared one-parameter sweep cannot identify correlated causes or be trained/evaluated independently.
uniform_gps_north_offset_m,-6,6.438017197371922,8.171254432382051,8.738389502842548,7.782553710865507,8.738389502842548,Gold references; post-hoc diagnostic,Only three sites/two events; shared one-parameter sweep cannot identify correlated causes or be trained/evaluated independently.
uniform_gps_north_offset_m,-4,4.508080143839085,9.763521293078348,6.820476580819612,7.030692672579015,9.763521293078348,Gold references; post-hoc diagnostic,Only three sites/two events; shared one-parameter sweep cannot identify correlated causes or be trained/evaluated independently.
uniform_gps_north_offset_m,-2,2.682817126249061,11.484045327412508,4.967730918198886,6.378197790620152,11.484045327412508,Gold references; post-hoc diagnostic,Only three sites/two events; shared one-parameter sweep cannot identify correlated causes or be trained/evaluated independently.
uniform_gps_north_offset_m,0,1.4395238388142908,13.283081198416877,3.2920814330373473,6.004895490089505,13.283081198416877,Gold references; post-hoc diagnostic,Only three sites/two events; shared one-parameter sweep cannot identify correlated causes or be trained/evaluated independently.
uniform_gps_north_offset_m,2,2.2241740112082065,15.132653275794254,2.235452940204597,6.530760075735685,15.132653275794254,Gold references; post-hoc diagnostic,Only three sites/two events; shared one-parameter sweep cannot identify correlated causes or be trained/evaluated independently.
uniform_gps_north_offset_m,4,3.9776464374996094,17.016290553674672,2.6752008399351235,7.889712610369801,17.016290553674672,Gold references; post-hoc diagnostic,Only three sites/two events; shared one-parameter sweep cannot identify correlated causes or be trained/evaluated independently.
uniform_gps_north_offset_m,6,5.890364363209846,18.923823431028634,4.161267741939915,9.658485178726131,18.923823431028634,Gold references; post-hoc diagnostic,Only three sites/two events; shared one-parameter sweep cannot identify correlated causes or be trained/evaluated independently.
uniform_gps_north_offset_m,8,7.846726290689127,20.84869401882093,5.956139597611016,11.550519969040357,20.84869401882093,Gold references; post-hoc diagnostic,Only three sites/two events; shared one-parameter sweep cannot identify correlated causes or be trained/evaluated independently.
uniform_gps_north_offset_m,10,9.820684020505439,22.7865089764117,7.85079923271192,13.485997409876353,22.7865089764117,Gold references; post-hoc diagnostic,Only three sites/two events; shared one-parameter sweep cannot identify correlated causes or be trained/evaluated independently.
