                  epoch,         train/box_loss,         train/cls_loss,         train/dfl_loss,   metrics/precision(B),      metrics/recall(B),       metrics/mAP50(B),    metrics/mAP50-95(B),           val/box_loss,           val/cls_loss,           val/dfl_loss,                 lr/pg0,                 lr/pg1,                 lr/pg2
                      1,                 2.3186,                 3.5989,                 2.2202,                0.04762,                0.04167,                0.02587,                0.01552,                 1.7593,                 3.2101,                 1.8919,               0.067611,             0.00032716,             0.00032716
                      2,                 2.2814,                 2.4779,                  2.079,                0.27335,                    0.5,                0.32711,                0.10361,                 1.9664,                 2.5018,                 1.7287,               0.034605,             0.00065395,             0.00065395
                      3,                 2.2785,                 2.5581,                 2.1354,                 0.5409,                0.54007,                0.46215,                0.14072,                 1.8581,                 3.7298,                 1.8291,              0.0015914,             0.00097415,             0.00097415
                      4,                 2.2599,                 2.3179,                 2.0514,                0.30496,                0.54167,                0.30786,                0.12219,                 1.9505,                 4.9226,                 1.7565,              0.0009703,              0.0009703,              0.0009703
                      5,                  2.242,                 2.3095,                 2.0533,                0.59288,                0.48591,                0.45253,                0.09991,                 1.8834,                  10.84,                 1.8776,              0.0009604,              0.0009604,              0.0009604
                      6,                 2.1825,                  2.285,                 2.0957,                0.47239,                0.58333,                0.36062,                0.08653,                 1.9218,                 9.4641,                 1.9202,              0.0009505,              0.0009505,              0.0009505
                      7,                 2.2004,                  2.221,                 2.0545,                0.56422,                0.59372,                0.52157,                 0.1367,                 1.8172,                 2.6946,                 1.7109,              0.0009406,              0.0009406,              0.0009406
                      8,                  2.121,                 2.1621,                 1.9324,                0.57834,                0.58333,                0.65925,                0.19342,                 1.7707,                 3.8438,                 1.6381,              0.0009307,              0.0009307,              0.0009307
                      9,                 2.1731,                 2.2355,                 2.0508,                0.55305,                0.54167,                0.46566,                0.16682,                  1.739,                 2.7051,                 1.6123,              0.0009208,              0.0009208,              0.0009208
                     10,                 2.1252,                 2.1016,                 1.9919,                0.60272,                0.58333,                0.60397,                0.21008,                 1.8094,                 2.3463,                 1.6757,              0.0009109,              0.0009109,              0.0009109
                     11,                 2.1441,                  2.204,                 2.0511,                0.36072,                  0.375,                0.33317,                0.13764,                 1.6661,                 3.6218,                 1.5084,               0.000901,               0.000901,               0.000901
                     12,                 2.0518,                 2.0905,                 1.9603,                0.71442,                0.54167,                0.57169,                0.21432,                 1.6637,                 1.9853,                 1.6099,              0.0008911,              0.0008911,              0.0008911
                     13,                 2.0649,                 2.0076,                 1.9451,                0.47384,                0.54167,                 0.4747,                0.14701,                 1.7933,                 2.7475,                 1.6784,              0.0008812,              0.0008812,              0.0008812
                     14,                 2.1094,                 2.0759,                 2.0165,                0.44566,                0.53614,                0.51741,                0.15673,                 1.7969,                  2.007,                  1.646,              0.0008713,              0.0008713,              0.0008713
                     15,                 2.1011,                 2.1077,                 1.9817,                0.43812,                0.74732,                 0.5418,                0.22262,                 1.6603,                 1.6867,                 1.4795,              0.0008614,              0.0008614,              0.0008614
                     16,                 2.0478,                 2.0415,                 1.9355,                0.65605,                0.66667,                0.65529,                0.21353,                 1.6925,                 1.4124,                 1.5452,              0.0008515,              0.0008515,              0.0008515
                     17,                 2.0381,                  1.939,                 1.9039,                0.57812,                0.66667,                0.51003,                0.15376,                 1.8002,                 1.3717,                 1.6528,              0.0008416,              0.0008416,              0.0008416
                     18,                 2.0012,                 2.0292,                 1.9092,                0.56015,                0.69017,                0.56445,                0.20662,                 1.6282,                 1.7083,                 1.5534,              0.0008317,              0.0008317,              0.0008317
                     19,                 1.9787,                 1.9087,                 1.8791,                 0.3994,                0.58333,                0.48135,                0.17449,                 1.6332,                 1.9358,                 1.6131,              0.0008218,              0.0008218,              0.0008218
                     20,                 1.9675,                 1.9717,                 1.8921,                0.49793,                  0.625,                0.53459,                0.20225,                 1.6894,                   1.86,                 1.5604,              0.0008119,              0.0008119,              0.0008119
                     21,                 1.9163,                 1.8346,                 1.8335,                0.53619,                0.53022,                0.55029,                0.19952,                 1.7739,                 2.3794,                 1.6219,               0.000802,               0.000802,               0.000802
                     22,                 2.0087,                 1.9092,                 1.8895,                0.63422,                  0.625,                0.67347,                0.21749,                 1.8102,                 1.8466,                 1.6968,              0.0007921,              0.0007921,              0.0007921
                     23,                 2.0457,                 2.0292,                 1.9262,                0.77527,                0.58333,                0.67368,                0.23107,                 1.6765,                 1.8325,                 1.6341,              0.0007822,              0.0007822,              0.0007822
                     24,                 1.9818,                  1.962,                 1.9321,                0.74143,                0.54167,                0.65299,                0.23347,                 1.7764,                 1.9749,                 1.6854,              0.0007723,              0.0007723,              0.0007723
                     25,                 1.9474,                 1.9394,                 1.8949,                0.61134,                0.59009,                0.66322,                0.25928,                 1.6385,                 1.5839,                 1.5148,              0.0007624,              0.0007624,              0.0007624
                     26,                 1.8933,                 1.8454,                 1.8247,                0.61768,                0.54167,                0.57629,                0.20053,                 1.7836,                 2.2124,                 1.6201,              0.0007525,              0.0007525,              0.0007525
                     27,                  1.955,                 1.9464,                 1.8735,                0.67979,                0.44292,                0.58361,                0.21678,                 1.6797,                 4.0155,                  1.544,              0.0007426,              0.0007426,              0.0007426
                     28,                 1.9056,                 1.8034,                  1.802,                0.64147,                   0.75,                0.62321,                0.19748,                 1.7288,                 2.1918,                 1.6161,              0.0007327,              0.0007327,              0.0007327
                     29,                 1.8492,                 1.7875,                 1.7849,                0.87395,                0.57807,                0.68813,                 0.2692,                 1.6712,                 1.5643,                 1.5166,              0.0007228,              0.0007228,              0.0007228
                     30,                 1.9256,                 1.8308,                 1.8453,                0.59595,                0.67627,                0.61369,                0.22456,                 1.6671,                 1.6304,                 1.5574,              0.0007129,              0.0007129,              0.0007129
                     31,                 1.8429,                 1.7972,                 1.7942,                0.83134,                0.58333,                0.72146,                0.22453,                 1.7585,                 1.5563,                 1.6197,               0.000703,               0.000703,               0.000703
                     32,                 1.8753,                 1.7784,                 1.8012,                0.78144,                  0.625,                0.67523,                0.28519,                 1.7198,                 1.5857,                 1.6394,              0.0006931,              0.0006931,              0.0006931
                     33,                 1.8331,                 1.7209,                 1.7839,                0.61219,                  0.625,                0.61907,                0.21618,                  1.737,                 1.7732,                 1.6181,              0.0006832,              0.0006832,              0.0006832
                     34,                 1.8282,                 1.7643,                 1.7697,                0.68287,                0.62817,                0.64431,                 0.2407,                 1.7867,                 2.2317,                 1.6535,              0.0006733,              0.0006733,              0.0006733
                     35,                 1.7714,                 1.7073,                 1.7201,                0.74885,                0.66667,                0.66612,                0.23037,                 1.6933,                 1.4821,                 1.5479,              0.0006634,              0.0006634,              0.0006634
                     36,                 1.7735,                 1.7557,                 1.7366,                0.56028,                0.45833,                0.58566,                0.18875,                 1.8049,                  1.976,                 1.6932,              0.0006535,              0.0006535,              0.0006535
                     37,                 1.7568,                 1.6758,                 1.7161,                0.75405,                  0.625,                0.65179,                0.22324,                 1.7562,                 1.6965,                 1.6592,              0.0006436,              0.0006436,              0.0006436
                     38,                 1.8507,                 1.7568,                 1.7889,                0.78279,                0.45095,                0.64307,                0.21333,                 1.8537,                 2.6474,                 1.7648,              0.0006337,              0.0006337,              0.0006337
                     39,                 1.7555,                 1.6385,                 1.7369,                0.70216,                0.58964,                0.62662,                  0.219,                 1.7169,                 2.6428,                 1.6074,              0.0006238,              0.0006238,              0.0006238
                     40,                 1.8077,                  1.709,                   1.76,                0.59116,                0.66667,                0.66082,                0.19223,                 1.7698,                 1.7015,                 1.6425,              0.0006139,              0.0006139,              0.0006139
                     41,                 1.6839,                 1.5772,                 1.6984,                0.72876,                0.54167,                0.67319,                0.24328,                  1.745,                  1.872,                 1.5959,               0.000604,               0.000604,               0.000604
                     42,                 1.7214,                 1.5928,                 1.6934,                0.56715,                    0.5,                0.46198,                0.14315,                 1.9041,                 2.2274,                 1.7799,              0.0005941,              0.0005941,              0.0005941
                     43,                 1.7024,                 1.5924,                 1.7021,                0.77343,                0.58333,                0.64921,                0.21708,                   1.81,                 1.9648,                 1.6517,              0.0005842,              0.0005842,              0.0005842
                     44,                 1.6895,                 1.5127,                 1.6535,                0.53302,                  0.625,                0.59225,                0.22179,                 1.7038,                 1.8948,                 1.6014,              0.0005743,              0.0005743,              0.0005743
                     45,                  1.714,                 1.5965,                 1.7035,                0.56219,                0.45833,                0.52674,                0.17836,                 1.6888,                 1.6492,                 1.5837,              0.0005644,              0.0005644,              0.0005644
                     46,                 1.6904,                 1.5255,                 1.6912,                0.65656,                0.55807,                0.59767,                0.21797,                 1.6338,                 1.8139,                 1.5291,              0.0005545,              0.0005545,              0.0005545
                     47,                 1.6664,                 1.5696,                 1.6533,                0.55926,                    0.5,                0.55942,                0.20929,                 1.6749,                 1.6575,                 1.5292,              0.0005446,              0.0005446,              0.0005446
                     48,                 1.6795,                 1.5053,                 1.6336,                0.83477,                  0.625,                0.76651,                0.24967,                 1.6242,                 1.4971,                 1.4984,              0.0005347,              0.0005347,              0.0005347
                     49,                 1.6395,                 1.5319,                 1.6174,                0.53816,                0.54167,                0.55414,                0.19009,                 1.6758,                 2.1549,                 1.5418,              0.0005248,              0.0005248,              0.0005248
                     50,                 1.6231,                 1.4828,                 1.6096,                 0.4539,                 0.6582,                0.59611,                0.19132,                  1.896,                 2.1983,                 1.8531,              0.0005149,              0.0005149,              0.0005149
                     51,                 1.6469,                 1.5352,                 1.6365,                0.56507,                0.59581,                 0.6134,                0.19473,                 1.8477,                 1.6233,                  1.768,               0.000505,               0.000505,               0.000505
                     52,                 1.6053,                 1.4892,                 1.6139,                0.71284,                    0.5,                0.62561,                0.19239,                 1.7563,                 1.7044,                 1.6237,              0.0004951,              0.0004951,              0.0004951
                     53,                 1.6374,                 1.4123,                 1.6219,                0.80001,                0.45833,                0.56263,                0.20646,                 1.6559,                 1.8241,                 1.5593,              0.0004852,              0.0004852,              0.0004852
                     54,                 1.6628,                 1.5074,                 1.6636,                0.57328,                  0.375,                0.49075,                0.13854,                 1.8682,                 2.1219,                 1.7631,              0.0004753,              0.0004753,              0.0004753
                     55,                 1.5988,                 1.3975,                 1.6114,                0.63016,                0.54167,                0.65382,                0.22996,                  1.685,                 1.7123,                 1.6318,              0.0004654,              0.0004654,              0.0004654
                     56,                 1.5771,                 1.4552,                 1.5984,                0.49836,                0.66667,                0.60549,                0.22786,                  1.715,                 1.8882,                 1.6402,              0.0004555,              0.0004555,              0.0004555
                     57,                 1.5286,                 1.3646,                 1.5673,                0.58595,                0.45833,                  0.514,                0.20393,                 1.6516,                 1.9863,                 1.5532,              0.0004456,              0.0004456,              0.0004456
                     58,                 1.4916,                 1.3115,                 1.5099,                0.76901,                0.41667,                0.51816,                0.17625,                 1.7522,                 1.9532,                 1.5892,              0.0004357,              0.0004357,              0.0004357
                     59,                 1.5955,                 1.4065,                 1.5995,                0.42154,                0.51653,                0.41594,                0.16147,                 1.8046,                 2.2946,                 1.7215,              0.0004258,              0.0004258,              0.0004258
                     60,                 1.5301,                 1.3154,                  1.561,                0.52048,                0.58333,                0.63338,                0.21031,                 1.7646,                 1.9414,                 1.7118,              0.0004159,              0.0004159,              0.0004159
                     61,                 1.4701,                 1.3093,                 1.5483,                0.71916,                0.45833,                0.56761,                0.20102,                 1.8603,                 2.0891,                 1.7633,               0.000406,               0.000406,               0.000406
                     62,                  1.466,                 1.2927,                 1.5141,                0.64541,                0.66667,                0.66139,                0.24371,                 1.6822,                 2.0357,                 1.5844,              0.0003961,              0.0003961,              0.0003961
                     63,                 1.4624,                 1.3593,                 1.5312,                0.84123,                0.66249,                0.70056,                0.23397,                 1.7038,                 1.6832,                 1.6068,              0.0003862,              0.0003862,              0.0003862
                     64,                 1.4174,                  1.256,                 1.4781,                0.75107,                    0.5,                0.61082,                0.23062,                 1.6565,                 1.8275,                 1.5629,              0.0003763,              0.0003763,              0.0003763
                     65,                 1.4005,                 1.2341,                 1.4522,                0.66465,                    0.5,                0.58877,                 0.2276,                 1.6364,                 1.6754,                 1.5661,              0.0003664,              0.0003664,              0.0003664
                     66,                 1.4273,                 1.2719,                 1.4554,                0.47428,                0.58333,                0.54914,                0.17901,                 1.6732,                 1.9573,                 1.5941,              0.0003565,              0.0003565,              0.0003565
                     67,                 1.4059,                 1.2617,                 1.4802,                0.65477,                0.71135,                0.71648,                0.23103,                 1.6825,                 1.7915,                 1.5795,              0.0003466,              0.0003466,              0.0003466
                     68,                  1.408,                 1.2383,                  1.476,                0.87415,                0.57909,                0.73154,                0.25914,                 1.7335,                 1.5744,                 1.6562,              0.0003367,              0.0003367,              0.0003367
                     69,                 1.3627,                 1.1929,                 1.4653,                0.76644,                    0.5,                0.57821,                0.23545,                 1.6642,                 1.7853,                 1.6143,              0.0003268,              0.0003268,              0.0003268
                     70,                 1.4306,                 1.2396,                 1.4777,                0.68697,                0.54167,                0.62639,                0.20864,                 1.7686,                 1.8208,                 1.6557,              0.0003169,              0.0003169,              0.0003169
                     71,                 1.3573,                 1.2088,                 1.4269,                0.53257,                0.57005,                0.61636,                0.20759,                 1.6967,                 1.9507,                 1.5905,               0.000307,               0.000307,               0.000307
                     72,                 1.3191,                 1.1821,                 1.4176,                0.46885,                  0.625,                0.59694,                0.21461,                  1.746,                 1.7676,                 1.6796,              0.0002971,              0.0002971,              0.0002971
                     73,                   1.37,                 1.1592,                 1.4371,                0.62341,                0.54167,                0.62908,                0.23807,                 1.7976,                 1.4788,                 1.7619,              0.0002872,              0.0002872,              0.0002872
                     74,                 1.3372,                  1.155,                 1.4293,                0.57814,                0.51435,                0.64491,                0.22725,                  1.802,                 1.5817,                 1.7745,              0.0002773,              0.0002773,              0.0002773
                     75,                 1.3206,                 1.1128,                 1.3998,                0.48218,                0.66667,                0.60547,                0.22351,                 1.7342,                 1.7577,                 1.6788,              0.0002674,              0.0002674,              0.0002674
                     76,                 1.3107,                 1.1026,                 1.3827,                0.45234,                0.65414,                0.52962,                0.21263,                 1.7981,                  1.866,                 1.8031,              0.0002575,              0.0002575,              0.0002575
                     77,                 1.3233,                 1.0982,                 1.4253,                0.43118,                   0.75,                0.56228,                0.20667,                 1.8019,                 1.6268,                 1.8157,              0.0002476,              0.0002476,              0.0002476
                     78,                 1.3135,                 1.0671,                 1.3815,                0.58588,                0.58333,                0.60715,                0.22482,                 1.6852,                 1.6204,                 1.6569,              0.0002377,              0.0002377,              0.0002377
                     79,                 1.3663,                 1.1079,                 1.4166,                0.73732,                    0.5,                0.61521,                0.22032,                 1.7153,                 1.7377,                  1.684,              0.0002278,              0.0002278,              0.0002278
                     80,                 1.2883,                 1.0731,                 1.3933,                0.69497,                    0.5,                0.63243,                0.23204,                 1.6989,                 1.9435,                 1.6475,              0.0002179,              0.0002179,              0.0002179
                     81,                 1.2574,                 1.0801,                 1.3537,                0.40745,                0.66667,                0.54175,                0.19809,                 1.6438,                 2.0933,                 1.5866,               0.000208,               0.000208,               0.000208
                     82,                 1.2828,                 1.1144,                 1.3729,                0.40165,                0.54167,                0.46598,                0.16251,                  1.676,                 1.9592,                 1.6351,              0.0001981,              0.0001981,              0.0001981
                     83,                 1.2322,                0.99617,                 1.3412,                0.40912,                  0.625,                0.53463,                0.17735,                 1.8476,                 1.9765,                 1.8665,              0.0001882,              0.0001882,              0.0001882
                     84,                  1.211,                 1.0227,                 1.3071,                0.59963,                0.54167,                0.65291,                0.22344,                 1.8588,                 1.7929,                 1.8552,              0.0001783,              0.0001783,              0.0001783
                     85,                 1.2211,                 1.0456,                 1.3508,                0.50831,                  0.625,                0.56422,                0.18237,                 1.8757,                 1.8335,                  1.826,              0.0001684,              0.0001684,              0.0001684
                     86,                 1.2656,                  1.027,                 1.3675,                0.44799,                  0.625,                  0.552,                0.17014,                 1.9513,                 1.9293,                 1.9384,              0.0001585,              0.0001585,              0.0001585
                     87,                 1.1647,                 0.9542,                  1.272,                0.50992,                0.65063,                0.60054,                0.19691,                 1.8354,                 1.7912,                 1.8478,              0.0001486,              0.0001486,              0.0001486
                     88,                 1.2215,                0.98512,                 1.3132,                0.58873,                0.54167,                0.59692,                0.21522,                 1.9166,                 1.7982,                 1.9661,              0.0001387,              0.0001387,              0.0001387
                     89,                 1.2076,                 1.0404,                 1.3381,                0.48707,                0.55425,                0.54615,                0.20442,                 1.8826,                 1.9216,                 1.9134,              0.0001288,              0.0001288,              0.0001288
                     90,                 1.2324,                0.99989,                 1.3385,                0.49661,                 0.6168,                0.57526,                0.21883,                 1.7897,                 1.8012,                 1.7918,              0.0001189,              0.0001189,              0.0001189
                     91,                 1.2439,                 1.0405,                 1.3678,                 0.5013,                0.58333,                0.53925,                0.21071,                 1.7779,                 2.0895,                 1.7686,               0.000109,               0.000109,               0.000109
                     92,                 1.2313,                 1.0196,                 1.3833,                0.49206,                0.54167,                0.53413,                0.21383,                 1.7454,                 2.0728,                 1.7282,               9.91e-05,               9.91e-05,               9.91e-05
                     93,                 1.1159,                 0.9096,                 1.3001,                0.51388,                0.54167,                0.53668,                 0.2019,                 1.7974,                 2.1538,                  1.788,               8.92e-05,               8.92e-05,               8.92e-05
                     94,                 1.1193,                0.87476,                 1.2691,                0.51152,                0.61117,                0.58179,                0.22162,                 1.8725,                 2.1683,                  1.909,               7.93e-05,               7.93e-05,               7.93e-05
                     95,                   1.11,                0.89406,                 1.2897,                0.61815,                 0.5397,                0.58851,                0.22061,                 1.8667,                 2.1282,                 1.8842,               6.94e-05,               6.94e-05,               6.94e-05
                     96,                 1.0765,                0.87618,                 1.2694,                0.56295,                 0.5369,                0.58295,                0.21492,                 1.8475,                 2.1193,                 1.8286,               5.95e-05,               5.95e-05,               5.95e-05
                     97,                 1.1204,                0.88499,                  1.284,                0.68531,                0.45395,                0.59088,                0.20974,                 1.8485,                 2.1448,                  1.825,               4.96e-05,               4.96e-05,               4.96e-05
                     98,                 1.1206,                0.85381,                 1.2796,                0.62365,                    0.5,                0.59791,                 0.2164,                 1.8672,                  2.082,                 1.8581,               3.97e-05,               3.97e-05,               3.97e-05
                     99,                 1.0729,                0.87509,                  1.271,                0.62371,                    0.5,                0.58959,                0.21477,                 1.8596,                 2.0312,                 1.8756,               2.98e-05,               2.98e-05,               2.98e-05
                    100,                 1.0416,                0.84423,                 1.2233,                0.62382,                    0.5,                 0.5866,                0.21872,                  1.856,                 1.9412,                 1.8717,               1.99e-05,               1.99e-05,               1.99e-05
