drone,session,offset_s,file,latitude,longitude,rel_alt,abs_alt,gb_yaw,gb_pitch,focal_len,dzoom_ratio
无人机01_1581F7K3C251800CYBVP,DJI_202609081030_005,81.0,/home/member/xmy/data/苏州放火_实验数据集/04_第四批_20260908_1053_多火点与余热点/01_正式视频/无人机01_1581F7K3C251800CYBVP/DJI_202609081030_005/DJI_20260908105248_0002_V.MP4,31.288682,120.472813,10.302,63.676,-44.7,-28.5,31.4,1.31
无人机02_1581F7K3C267500D2DQD,DJI_202609081040_006,63.0,/home/member/xmy/data/苏州放火_实验数据集/04_第四批_20260908_1053_多火点与余热点/01_正式视频/无人机02_1581F7K3C267500D2DQD/DJI_202609081040_006/DJI_20260908105306_0001_V.MP4,31.289038,120.47256,44.184,95.943,167.5,-59.6,52.8,2.2
无人机03_1581F7K3C255900D76E8,DJI_202609081046_006,77.0,/home/member/xmy/data/苏州放火_实验数据集/04_第四批_20260908_1053_多火点与余热点/01_正式视频/无人机03_1581F7K3C255900D76E8/DJI_202609081046_006/DJI_20260908105253_0001_V.MP4,31.28872,120.47288,2.942,52.149,-63.1,0.8,24.0,1.0
无人机04_1581F7K33258900AP021,DJI_202609081042_036,71.0,/home/member/xmy/data/苏州放火_实验数据集/04_第四批_20260908_1053_多火点与余热点/01_正式视频/无人机04_1581F7K33258900AP021/DJI_202609081042_036/DJI_20260908105259_0001_V.MP4,31.288566,120.472694,20.476,73.858,-0.2,-36.2,53.8,2.24
无人机05_1581F7K3C251400CFB45,DJI_202609081039_005,77.0,/home/member/xmy/data/苏州放火_实验数据集/04_第四批_20260908_1053_多火点与余热点/01_正式视频/无人机05_1581F7K3C251400CFB45/DJI_202609081039_005/DJI_20260908105253_0001_V.MP4,31.288587,120.473033,18.97,70.947,-53.2,-24.8,55.1,2.3
无人机06_1581F7K3C254N00D16Y8,DJI_202609081040_004,69.0,/home/member/xmy/data/苏州放火_实验数据集/04_第四批_20260908_1053_多火点与余热点/01_正式视频/无人机06_1581F7K3C254N00D16Y8/DJI_202609081040_004/DJI_20260908105300_0001_V.MP4,31.289038,120.472849,32.884,78.282,-141.9,-43.8,54.7,2.28
无人机07_1581F7K3325B100AS0AG,DJI_202609081048_005,71.0,/home/member/xmy/data/苏州放火_实验数据集/04_第四批_20260908_1053_多火点与余热点/01_正式视频/无人机07_1581F7K3325B100AS0AG/DJI_202609081048_005/DJI_20260908105258_0001_V.MP4,31.288906,120.472882,13.013,65.482,-136.3,-32.3,55.3,2.3
无人机08_1581F7K3C256N00DCP1T,DJI_202609081036_005,72.0,/home/member/xmy/data/苏州放火_实验数据集/04_第四批_20260908_1053_多火点与余热点/01_正式视频/无人机08_1581F7K3C256N00DCP1T/DJI_202609081036_005/DJI_20260908105257_0001_V.MP4,31.288754,120.472602,23.164,75.579,32.5,-73.1,24.0,1.0
无人机09_1581F7K3C24CS00AX535,DJI_202609081039_006,72.0,/home/member/xmy/data/苏州放火_实验数据集/04_第四批_20260908_1053_多火点与余热点/01_正式视频/无人机09_1581F7K3C24CS00AX535/DJI_202609081039_006/DJI_20260908105258_0002_V.MP4,31.28857,120.472402,44.854,96.014,38.7,-52.3,54.6,2.28
